reward,day,daily_kwh,peak_kw,pre8_violations,failed,policy,recovery_min
-2574.863281333143,2025-08-01,1351.3476252002633,160.84677108727408,0,False,PPO,
-167.3191521488398,2025-08-02,224.5894659715971,9.35789441548321,0,False,PPO,
-167.3191521488398,2025-08-03,224.5894659715971,9.35789441548321,0,False,PPO,
-2818.6382437812845,2025-08-04,1462.1327547625851,176.21215421398495,0,False,PPO,
-2930.173723242748,2025-08-05,1527.4637313669502,183.12520503191428,0,False,PPO,
-3067.1847657177914,2025-08-06,1582.9550788172955,191.8153437506477,0,False,PPO,
-3245.911677626948,2025-08-07,1515.7948844298305,204.2677527663579,0,False,PPO,
-3347.1365545531744,2025-08-08,1956.8828450259775,207.48737421000382,0,False,PPO,
-167.3191521488398,2025-08-09,224.5894659715971,9.35789441548321,0,False,PPO,
-167.3191521488398,2025-08-10,224.5894659715971,9.35789441548321,0,False,PPO,
-3208.195386663853,2025-08-11,1730.0573833350777,200.03923337757624,0,False,PPO,
-2823.141764900139,2025-08-12,1482.0232202196266,176.3532652315856,0,False,PPO,
-3023.7081801676377,2025-08-13,1578.8575429922394,188.94968500057126,0,False,PPO,
-3066.1792866714645,2025-08-14,1370.6251611021385,193.4469511559472,0,False,PPO,
-3288.724888221202,2025-08-15,1760.4998703007045,205.16432691900786,0,False,PPO,
-167.3191521488398,2025-08-16,224.5894659715971,9.35789441548321,0,False,PPO,
-167.3191521488398,2025-08-17,224.5894659715971,9.35789441548321,0,False,PPO,
-2456.37082612251,2025-08-18,1334.4883653027032,153.0821481524124,0,False,PPO,
-2743.6421231891845,2025-08-19,1449.0963491479977,171.31670408609497,0,False,PPO,
-2708.663668556465,2025-08-20,1433.6581703468107,169.10831254098986,0,False,PPO,
-2535.102061197902,2025-08-21,1116.2327672828515,160.07694194159734,0,False,PPO,
-2888.7245284402075,2025-08-22,1499.3824346694746,180.58657575199138,0,False,PPO,
-167.3191521488398,2025-08-23,224.5894659715971,9.35789441548321,0,False,PPO,
-747.0953831462878,2025-08-24,290.47058094532906,47.48259422885655,0,False,PPO,
-2191.097447198243,2025-08-25,1206.8005502350438,136.4187587446692,0,False,PPO,
-2283.2503799615524,2025-08-26,1251.8970546314617,142.20151556038516,0,False,PPO,
-2483.261268157888,2025-08-27,1322.3480780061452,154.97196658647673,0,False,PPO,
-2582.0396044259987,2025-08-28,1161.1346945489743,162.8468960720081,0,False,PPO,
-2098.567047258328,2025-08-29,1167.695643161674,130.56290467192846,0,False,PPO,
-687.8175307309754,2025-08-30,290.2145637864636,43.53278553843998,0,False,PPO,
-782.7334486998107,2025-08-31,302.75630620146774,49.760179463708965,0,False,PPO,
-2551.4758963961913,2025-09-01,1333.618439347099,159.42944557830265,0,False,PPO,
-2628.531439473392,2025-09-02,1362.258361138645,164.33736240911696,0,False,PPO,
-2084.2583126700592,2025-09-03,1110.3958407238338,130.0673874522133,0,False,PPO,
-1775.3208758813669,2025-09-04,988.7073479883113,110.4450662748513,0,False,PPO,
-1775.5116590406296,2025-09-05,1066.8992118324004,109.83225024138278,0,False,PPO,
-1591.2288267810839,2025-09-06,459.0509111761404,101.7428478293298,0,False,PPO,
-1678.6630323461425,2025-09-07,458.1224607022114,108.24588913745848,0,False,PPO,
-2200.271574110093,2025-09-08,1219.6408697928168,136.927644648997,0,False,PPO,
-2414.8719935116223,2025-09-09,1264.5628926314262,150.87496309305675,0,False,PPO,
-2497.2987693408095,2025-09-10,1286.6553471982384,156.19334184513474,0,False,PPO,
-2505.3491466734167,2025-09-11,1085.1816741129592,158.3418230519908,0,False,PPO,
-2757.324095153148,2025-09-12,1382.8422489545196,172.75886835190704,0,False,PPO,
-167.3191521488398,2025-09-13,224.5894659715971,9.35789441548321,0,False,PPO,
-167.3191521488398,2025-09-14,224.5894659715971,9.35789441548321,0,False,PPO,
-2977.880136039467,2025-09-15,1507.5165165008832,186.46521027062406,0,False,PPO,
-2977.2134443511172,2025-09-16,1486.5968076360134,186.58812182898637,0,False,PPO,
-3005.6521598016384,2025-09-17,1510.1387284753387,188.29570082563984,0,False,PPO,
-3053.1907285845778,2025-09-18,1309.7627239342112,193.06794678083148,0,False,PPO,
-2744.233009703829,2025-09-19,1389.5192639205502,171.8327132022242,0,False,PPO,
-467.6279922990047,2025-09-20,253.9100889368291,29.143918775105682,0,False,PPO,
-539.8215963393916,2025-09-21,259.38967341643445,33.91298903529463,0,False,PPO,
-2338.148799452817,2025-09-22,1241.6525214380513,145.94336645868339,0,False,PPO,
-2331.835029022898,2025-09-23,1217.2413700896598,145.71773764080928,0,False,PPO,
-2003.7084485840678,2025-09-24,1107.3123329431755,124.72206457539244,0,False,PPO,
-2412.502814306195,2025-09-25,1062.600794666464,152.3327145964146,0,False,PPO,
-2711.8612837161363,2025-09-26,1385.3829793674843,169.70768841280253,0,False,PPO,
-444.23873802210284,2025-09-27,247.14612321569746,27.638746882414612,0,False,PPO,
-834.313562659494,2025-09-28,310.8333785720098,53.13423714872352,0,False,PPO,
-2884.263230177403,2025-09-29,1429.6067566930033,180.84736129161618,0,False,PPO,
-2831.346698623025,2025-09-30,1435.904935078544,177.26920709424,0,False,PPO,
-2454.8710163040396,2025-10-01,1262.708549636356,153.5563993565118,0,False,PPO,
-2629.820996425573,2025-10-02,1122.9173013753532,166.33806135070205,0,False,PPO,
-2892.0934411265025,2025-10-03,1437.7840942379717,181.30395665452974,0,False,PPO,
-454.88748547285786,2025-10-04,275.2794293374401,28.123596930157667,0,False,PPO,
-167.3191521488398,2025-10-05,224.5894659715971,9.35789441548321,0,False,PPO,
-1829.723330773299,2025-10-06,1001.116376589848,111.97262437216781,0,False,PPO,
-2063.415241228521,2025-10-07,1154.8444293922657,128.32226064676328,0,False,PPO,
-1992.382208536097,2025-10-08,1170.4535387616236,123.46185225898014,0,False,PPO,
-2185.412555697881,2025-10-09,1101.4579681650412,136.8825066345384,0,False,PPO,
-1961.634736128291,2025-10-10,1125.7152603510585,121.76992699241094,0,False,PPO,
-1921.4710005268457,2025-10-11,531.3648251754694,123.84714810038597,0,False,PPO,
-1711.476150278211,2025-10-12,487.65361472588353,108.53051443407367,0,False,PPO,
-1733.5202525397713,2025-10-13,1074.8477086023406,106.96923516716603,0,False,PPO,
-1842.6562013908417,2025-10-14,1145.2551071101411,112.68170590250833,0,False,PPO,
-1895.6701336624947,2025-10-15,1199.2489046840938,114.45068434002688,0,False,PPO,
-1733.252278105852,2025-10-16,987.9596551701366,107.31314129902903,0,False,PPO,
-2105.0880787096103,2025-10-17,1148.722744292092,131.14942329297062,0,False,PPO,
-552.4155807160005,2025-10-18,295.2515936329994,34.46569263200271,0,False,PPO,
-1660.4296996467506,2025-10-19,665.393552062973,103.03883155994625,0,False,PPO,
-2180.5259985457533,2025-10-20,1255.3268001213187,135.32578550207967,0,False,PPO,
-2129.832760600958,2025-10-21,1434.0232942941152,128.1833310190443,0,False,PPO,
-2213.6375044235892,2025-10-22,1495.885372957187,133.27541731124845,0,False,PPO,
-2444.0947728338306,2025-10-23,1441.873143412381,149.07133304162298,0,False,PPO,
-2615.06727933225,2025-10-24,1553.0910223120918,159.57975711031995,0,False,PPO,
-2453.402401995517,2025-10-25,1283.8613970972133,150.95593562292342,0,False,PPO,
-2236.9902554269656,2025-10-26,809.9815251716623,140.3194981604244,0,False,PPO,
-2266.428373205612,2025-10-27,1304.9725398383225,138.65544456166754,0,False,PPO,
-2308.708555506399,2025-10-28,1348.8882875313254,140.78946406684267,0,False,PPO,
-2227.6368297537865,2025-10-29,1295.7141711734103,135.81007528086514,0,False,PPO,
-2400.631734143395,2025-10-30,1384.9781912286712,146.62895674639697,0,False,PPO,
-2355.215547368535,2025-10-31,1511.888578800219,142.58592786083395,0,False,PPO,
-2385.477480793261,2025-11-01,1343.1330313133362,145.95343446904405,0,False,PPO,
-2572.56747431979,2025-11-02,1292.528078618047,158.83094032570833,0,False,PPO,
-2236.835937431037,2025-11-03,1312.2622551370364,136.6242977876395,0,False,PPO,
-2351.9562584767355,2025-11-04,1312.2867534090215,144.29878987117684,0,False,PPO,
-2062.2690899209724,2025-11-05,1269.864416047974,125.32569066634771,0,False,PPO,
-2566.926861313294,2025-11-06,1449.612994725339,157.1982201297502,0,False,PPO,
-1931.8657163239745,2025-11-07,1181.1693029265466,117.34169333151927,0,False,PPO,
-2455.0155412127956,2025-11-08,1481.6476982498434,149.48118782818761,0,False,PPO,
-2644.86155246902,2025-11-09,1795.7568567037288,159.6247153109715,0,False,PPO,
-3007.3395784414784,2025-11-10,2274.895550508575,179.95680749202995,0,False,PPO,
-2754.562281318901,2025-11-11,2000.5384832147165,165.29984422220903,0,False,PPO,
-2440.093499486566,2025-11-12,1436.1462633974984,148.85039652525774,0,False,PPO,
-2571.5049183069473,2025-11-13,1505.683273385438,157.0548617000463,0,False,PPO,
-2302.682329923331,2025-11-14,1313.9902506940057,142.00023332267003,0,False,PPO,
-1271.0799045200836,2025-11-15,500.3959892210127,78.40215905423747,0,False,PPO,
-2403.545280719857,2025-11-16,1231.275431360818,148.0528152637706,0,False,PPO,
-2695.2709845735812,2025-11-17,1806.1107106550737,162.9025132863315,0,False,PPO,
-2471.49291653127,2025-11-18,2133.005553742897,145.3688166721415,0,False,PPO,
-2804.7357388549963,2025-11-19,1976.6970154748096,168.83547313320125,0,False,PPO,
-2332.281166828611,2025-11-20,1640.7720446008575,140.02590143176718,0,False,PPO,
-2537.2683399146686,2025-11-21,1851.7556515030037,152.00384411562055,0,False,PPO,
-2726.489851513866,2025-11-22,1551.7536769348744,167.01862735211208,0,False,PPO,
-2454.554898049214,2025-11-23,1212.68382181054,151.60218929546326,0,False,PPO,
-2550.0479474537087,2025-11-24,1809.2771920511161,153.19564562717167,0,False,PPO,
-2250.06488185909,2025-11-25,1684.9978438529024,134.19100937311612,0,False,PPO,
-2572.3490493316854,2025-11-26,2286.145598133362,150.86743850371212,0,False,PPO,
-2906.203475403334,2025-11-27,2413.16799994585,172.10822102732212,0,False,PPO,
-3064.6373734465437,2025-11-28,2504.927967427342,181.9364011570175,0,False,PPO,
-2971.1327234602654,2025-11-29,2082.9238526758454,179.07879074261095,0,False,PPO,
-2726.7155346102736,2025-11-30,1980.1277681234724,163.6066801623638,0,False,PPO,
-3684.8484155071537,2025-12-01,3013.6789283539,219.2137962736457,0,False,PPO,
-3345.436339193597,2025-12-02,2786.5788574188064,198.40312508688936,0,False,PPO,
-2998.193488827714,2025-12-03,2697.2518668367647,175.96821765382015,0,False,PPO,
-3849.552939107869,2025-12-04,3251.7192836413624,228.289775004727,0,False,PPO,
-3461.9657193149546,2025-12-05,2785.9190538382345,206.17702885695778,0,False,PPO,
-2847.932884034555,2025-12-06,2028.540011632307,171.30053884257856,0,False,PPO,
-3172.0835580380785,2025-12-07,2532.9206496408333,188.87553867207856,0,False,PPO,
-3938.385598582489,2025-12-08,3154.7662537279766,234.9875765423421,0,False,PPO,
-3050.9061081362433,2025-12-09,2494.9022282301244,181.1011893832419,0,False,PPO,
-2811.7934397084473,2025-12-10,2413.203340226095,165.81393592542105,0,False,PPO,
-3370.3704141788617,2025-12-11,2753.8074526913715,200.32756799039313,0,False,PPO,
-3716.1137001157954,2025-12-12,3027.390675958559,221.18845460005122,0,False,PPO,
-3825.0140749077814,2025-12-13,3187.1101723270913,227.17072361523535,0,False,PPO,
-3985.3992413395704,2025-12-14,3221.6069210221667,237.5870940544607,0,False,PPO,
-3740.5426844553276,2025-12-15,3070.742609621769,222.47023808671435,0,False,PPO,
-3351.6521507959424,2025-12-16,2528.670167054721,200.88078204995838,0,False,PPO,
-2590.927579183248,2025-12-17,1992.2119494551655,154.45747634990855,0,False,PPO,
-2500.12036181959,2025-12-18,2230.437056145718,146.4978610054736,0,False,PPO,
-3558.221903761646,2025-12-19,2953.2646212643995,211.2553432806612,0,False,PPO,
-2737.8059455570747,2025-12-20,1962.0194310002446,164.49090758913636,0,False,PPO,
-3421.970944440227,2025-12-21,2314.170760028553,207.28469688245337,0,False,PPO,
-2729.2848620540517,2025-12-22,2226.354016216277,161.8081586738732,0,False,PPO,
-2615.1393388375286,2025-12-23,2035.3301262211025,155.72664824606642,0,False,PPO,
-2833.8407036974913,2025-12-24,2157.2077386133524,169.3317183375926,0,False,PPO,
-2657.177154698349,2025-12-25,2009.8240470607811,158.73321793673705,0,False,PPO,
-2563.7917891475163,2025-12-26,2047.0179025265202,152.20997605628892,0,False,PPO,
-2576.885655321471,2025-12-27,1668.6768024266876,156.10962926868459,0,False,PPO,
-2510.2945301210025,2025-12-28,1780.635931845962,150.7745478866325,0,False,PPO,
-3247.951082754601,2025-12-29,2876.2106642823405,191.187053536048,0,False,PPO,
-3571.476628429519,2025-12-30,3015.649802334616,211.63991014329102,0,False,PPO,
-2991.0156618607703,2025-12-31,2626.1989072871315,176.058119532421,0,False,PPO,
-3689.7939084256686,2026-01-01,3173.031372167242,218.26867625104,0,False,PPO,
-3485.4507855357438,2026-01-02,3051.8956637647107,205.61488705893188,0,False,PPO,
-3349.588088728205,2026-01-03,2559.6890186752144,200.4950270991453,0,False,PPO,
-3144.303977353705,2026-01-04,2144.968609744158,190.12718294562708,0,False,PPO,
-2742.7595095002685,2026-01-05,2189.84962335647,162.99850364649947,0,False,PPO,
-2560.839097634204,2026-01-06,2075.562501912485,151.7847731603137,0,False,PPO,
-2661.9855906303787,2026-01-07,2118.879104334224,158.18133987401814,0,False,PPO,
-2473.56361699049,2026-01-08,1752.443080520766,148.55136315519988,0,False,PPO,
-2447.064740852769,2026-01-09,1810.7597658958275,146.31823792968464,0,False,PPO,
-2612.5717693143083,2026-01-10,1874.4797871654932,156.84227965696329,0,False,PPO,
-3026.734945880897,2026-01-11,2083.3544648227635,182.7821606734777,0,False,PPO,
-2817.2861542815726,2026-01-12,2125.598221004705,168.48095785073386,0,False,PPO,
-2484.2117391253623,2026-01-13,1656.485190744097,150.02890108240473,0,False,PPO,
-2834.5253630735906,2026-01-14,2630.6962099643642,165.58945452519114,0,False,PPO,
-3343.285079518318,2026-01-15,2569.819941295491,199.99377910419062,0,False,PPO,
-2905.907975947735,2026-01-16,2461.9422160439253,171.69832733483094,0,False,PPO,
-3393.992235118876,2026-01-17,2570.687805103851,203.36731323376094,0,False,PPO,
-3502.253622517373,2026-01-18,2817.4631479632135,208.6105363174525,0,False,PPO,
-3955.497722571154,2026-01-19,3579.1955323069537,232.73295057962133,0,False,PPO,
-4066.795319393087,2026-01-20,3398.919442633427,241.5949990851384,0,False,PPO,
-3420.009611374769,2026-01-21,2828.9721054513416,203.03553058137385,0,False,PPO,
-3532.2243566675447,2026-01-22,3158.5451385662345,207.8799293359731,0,False,PPO,
-4402.788171857021,2026-01-23,4207.26112034212,257.5277891610644,0,False,PPO,
-4288.577557978444,2026-01-24,3668.3559284114135,254.22498977127165,0,False,PPO,
-3910.449016298193,2026-01-25,3325.0415855291103,231.76293506897997,0,False,PPO,
-4053.8371313607986,2026-01-26,3595.246616432427,239.16050249259382,0,False,PPO,
-3508.144497859434,2026-01-27,3308.031597877708,205.0787137409406,0,False,PPO,
-3984.5537044625257,2026-01-28,3409.525369613284,236.02737734059542,0,False,PPO,
-4005.013134674425,2026-01-29,3420.6812824059193,237.30209205238097,0,False,PPO,
-3831.1458189672476,2026-01-30,3332.548396832589,226.41600075648913,0,False,PPO,
-3524.357125279044,2026-01-31,2655.9178475434005,211.37646557158905,0,False,PPO,
-3613.401239660368,2026-02-01,2478.270618883675,218.73391769295512,0,False,PPO,
-3168.6514951159666,2026-02-02,2678.198167916519,187.48451433106564,0,False,PPO,
-3542.122339743517,2026-02-03,2980.323224182101,209.96557018944432,0,False,PPO,
-3789.426861672353,2026-02-04,3095.9117003503425,225.52783050868746,0,False,PPO,
-3213.6685260179584,2026-02-05,2495.37443045307,191.94823962423933,0,False,PPO,
-2751.8478577702776,2026-02-06,2437.979278635042,161.61935628893815,0,False,PPO,
-3568.1839489341487,2026-02-07,2541.811714291802,215.2111028812755,0,False,PPO,
-3141.360435646561,2026-02-08,2166.1182178893923,189.76174996665563,0,False,PPO,
-3141.775686369639,2026-02-09,2368.4890118765134,188.17046699629716,0,False,PPO,
-2652.573691596962,2026-02-10,2088.3495701139814,157.79811621221893,0,False,PPO,
-2983.755355189721,2026-02-11,2320.6073071539868,178.0188318887495,0,False,PPO,
-3019.806700348397,2026-02-12,2397.288733702184,179.80880348694234,0,False,PPO,
-2933.875168934368,2026-02-13,2058.622849943832,176.78936179607388,0,False,PPO,
-2700.624658530954,2026-02-14,1412.6650650304487,166.40699004848668,0,False,PPO,
-2454.14563401792,2026-02-15,1182.7356437152484,151.81449045147272,0,False,PPO,
-2437.1098044672835,2026-02-16,1467.0193201541674,148.7378324032522,0,False,PPO,
-2527.0812667201426,2026-02-17,1701.3517336434602,152.52793724552848,0,False,PPO,
-1998.1138389843684,2026-02-18,1273.465543758004,120.68653158222719,0,False,PPO,
-2605.527928262811,2026-02-19,1742.9280834378487,157.42510388335128,0,False,PPO,
-2616.761981797131,2026-02-20,2269.76149475668,153.9593734950886,0,False,PPO,
-3013.4820827059825,2026-02-21,2106.613182236906,181.7125667225036,0,False,PPO,
-3176.690829552902,2026-02-22,2276.6697914518627,191.2326969719119,0,False,PPO,
-3364.74477361492,2026-02-23,2630.619548479923,200.93802851982198,0,False,PPO,
-3152.9251479222967,2026-02-24,2424.2875227057184,188.46737634650736,0,False,PPO,
-2940.057985695803,2026-02-25,2481.3666974678326,173.81959879997754,0,False,PPO,
-3118.139614675739,2026-02-26,2203.072378201381,187.91806195277155,0,False,PPO,
-2663.20044708093,2026-02-27,1689.068311019112,161.70081665057577,0,False,PPO,
-2862.8804963408998,2026-02-28,2155.2622022036867,171.28326880509715,0,False,PPO,
-3170.0055756491065,2026-03-01,2006.647585340534,192.94719102721615,0,False,PPO,
-3008.833184952702,2026-03-02,2133.690971074676,181.18601789491606,0,False,PPO,
-2650.8526220732556,2026-03-03,1955.6676838314484,158.7448333342321,0,False,PPO,
-2692.7249144822704,2026-03-04,1706.1384931622888,163.53255302018638,0,False,PPO,
-2483.2153414685827,2026-03-05,1799.6271857573493,148.81733861184674,0,False,PPO,
-2326.9625584803503,2026-03-06,1460.7188593719334,141.11175302371456,0,False,PPO,
-1595.3570640736627,2026-03-07,1096.7717471898081,95.24963029405905,0,False,PPO,
-2469.3034284046826,2026-03-08,945.8020744967304,154.720478631005,0,False,PPO,
-1852.552880351902,2026-03-09,1152.2692208202193,114.28537159023172,0,False,PPO,
-2389.7736955215487,2026-03-10,1546.5756045579028,144.6123081983067,0,False,PPO,
-2596.2342461090534,2026-03-11,2177.922808271347,153.32556727443279,0,False,PPO,
-2664.1792172122396,2026-03-12,1783.3164726950336,161.0120826992557,0,False,PPO,
-2404.208138886817,2026-03-13,1963.0839197107093,142.24253790143544,0,False,PPO,
-2834.611505439077,2026-03-14,1755.2467445538239,172.5987930728412,0,False,PPO,
-2647.613882804626,2026-03-15,1925.685850539423,158.76877204932634,0,False,PPO,
-3051.230932665203,2026-03-16,2638.7241284594456,179.97226915000462,0,False,PPO,
-3630.6281321857778,2026-03-17,2834.8968518706447,217.02936733075336,0,False,PPO,
-2980.241651434671,2026-03-18,2235.690624162863,178.46391843567517,0,False,PPO,
-2494.62352600123,2026-03-19,1634.639670840766,150.89778436668922,0,False,PPO,
-2233.548693088999,2026-03-20,1346.3988727418218,136.79872189066535,0,False,PPO,
-2203.2614632663613,2026-03-21,751.5145142537291,140.87198143706092,0,False,PPO,
-2215.5679040005484,2026-03-22,1344.0587446327122,134.61872364297486,0,False,PPO,
-2780.0302281365916,2026-03-23,1858.5241192912274,168.1338222547763,0,False,PPO,
-2575.4476423772976,2026-03-24,1727.5753761051624,155.54257314964522,0,False,PPO,
-2335.3698761745563,2026-03-25,1322.5671644457254,145.11078776273794,0,False,PPO,
-2203.1462599741626,2026-03-26,1316.509096144135,134.01101122912442,0,False,PPO,
-2834.738078139709,2026-03-27,2060.9556660688254,170.16155988076335,0,False,PPO,
-2843.4611803179755,2026-03-28,1441.9987216760992,175.6947555811229,0,False,PPO,
-2287.3530033625475,2026-03-29,886.1845548169254,143.06739045230108,0,False,PPO,
-2152.950189848824,2026-03-30,1212.2904462769304,133.83168908637282,0,False,PPO,
-1823.1143943870893,2026-03-31,1180.450560067177,109.09735514526854,0,False,PPO,
-2498.560927949845,2026-04-01,1738.5593366699054,150.32892050329707,0,False,PPO,
-2567.2511213477524,2026-04-02,1674.8395322478616,155.4180251652006,0,False,PPO,
-2392.1776616171246,2026-04-03,1635.222030805668,144.0634011946963,0,False,PPO,
-2328.5387422582035,2026-04-04,1342.2586041350223,142.16451398413338,0,False,PPO,
-2428.2896957323287,2026-04-05,1035.0881399932766,151.27194126220903,0,False,PPO,
-2508.478305883168,2026-04-06,1643.397800191645,151.7513713240114,0,False,PPO,
-2952.295327958017,2026-04-07,1834.0103327130773,179.8142725354965,0,False,PPO,
-2374.7251705133717,2026-04-08,1351.927754308369,147.49958933309117,0,False,PPO,
-2002.20197288676,2026-04-09,1028.2333084068189,123.25426505852944,0,False,PPO,
-2186.1914955204734,2026-04-10,1423.9052421962676,132.02152443046143,0,False,PPO,
-2505.3849525746386,2026-04-11,963.5028398040727,156.98430745321,0,False,PPO,
-1424.1206937715683,2026-04-12,421.26406392849754,90.2379337400099,0,False,PPO,
-2053.7182733163427,2026-04-13,1100.4952872944716,128.11058925606707,0,False,PPO,
-2328.0116969947057,2026-04-14,1245.0589239366439,145.2403084081539,0,False,PPO,
-1846.853872936246,2026-04-15,1076.4883666536107,114.51168459585418,0,False,PPO,
-2140.2221487497645,2026-04-16,1012.6384650163825,134.58036886318658,0,False,PPO,
-2333.588098334651,2026-04-17,1228.2766053846824,145.74632704589928,0,False,PPO,
-2250.7999683118137,2026-04-18,1116.1850267393243,138.79051767353965,0,False,PPO,
-2436.277420498649,2026-04-19,1171.354245237968,150.71432740467287,0,False,PPO,
-2651.8364278728764,2026-04-20,1428.6560671095058,163.02651332131572,0,False,PPO,
-2159.0433062185016,2026-04-21,1187.919886758444,134.43286132049923,0,False,PPO,
-2169.895572770616,2026-04-22,1198.4599022297575,135.07202563353636,0,False,PPO,
-2447.044593949551,2026-04-23,1102.3445825732103,154.31754960271775,0,False,PPO,
-1815.4309978679116,2026-04-24,1047.112134841822,112.65183611245953,0,False,PPO,
-1993.0016721845766,2026-04-25,564.064587870005,126.68759477601174,0,False,PPO,
-2005.4701867249128,2026-04-26,549.8449181541595,127.63258643642757,0,False,PPO,
-1740.490912845389,2026-04-27,1089.7218078298029,106.31495306038751,0,False,PPO,
-1774.3641757063947,2026-04-28,1125.8265051403823,109.28433300596993,0,False,PPO,
-2159.358185914423,2026-04-29,1555.772995934111,129.17769509348864,0,False,PPO,
-2565.2508786070375,2026-04-30,1461.7862546250226,156.98910187013564,0,False,PPO,
-2487.038819334014,2026-05-01,1539.6465434208726,151.15208227490064,0,False,PPO,
-2482.895962491585,2026-05-02,850.7121687183324,156.38736681635902,0,False,PPO,
-1675.6561597953796,2026-05-03,509.2281510410546,107.63658544469688,0,False,PPO,
-2296.1974736397106,2026-05-04,1247.1243373075658,143.10283687752016,0,False,PPO,
-1950.0362698190984,2026-05-05,1114.2657518905012,119.75495863948255,0,False,PPO,
-2373.5543701971496,2026-05-06,1323.618038061058,145.31468037532153,0,False,PPO,
-2466.121720431142,2026-05-07,1234.9176083835364,152.19544049500786,0,False,PPO,
-2189.7098034019555,2026-05-08,1239.4926949146648,136.06471200081305,0,False,PPO,
-1335.868048196341,2026-05-09,384.0229873241088,85.9856859811632,0,False,PPO,
-2204.2076660416433,2026-05-10,641.2650186149583,139.48372425385654,0,False,PPO,
-2193.3643163654465,2026-05-11,1197.9562242744546,136.6406379635008,0,False,PPO,
-1993.4571036765624,2026-05-12,1189.3725755751623,123.38215964050286,0,False,PPO,
-1716.6674484664773,2026-05-13,1071.725984352461,104.87068868961212,0,False,PPO,
-2025.9715932674173,2026-05-14,1049.3682010807563,126.66982727584845,0,False,PPO,
-2437.959496919534,2026-05-15,1274.0649645868846,152.33811341127387,0,False,PPO,
-450.96971723231525,2026-05-16,288.14703766910634,27.75947151413483,0,False,PPO,
-918.8694248763207,2026-05-17,518.1103944806387,56.779745169242936,0,False,PPO,
-2703.833977909929,2026-05-18,1400.55519342754,169.05115697990828,0,False,PPO,
-2016.5441519560136,2026-05-19,1116.6606539969666,125.50299156509185,0,False,PPO,
-1853.2233940938918,2026-05-20,1111.2669461191963,114.65809070397255,0,False,PPO,
-2075.117534472425,2026-05-21,1132.2006180542803,126.95023068706078,0,False,PPO,
-1870.421775940707,2026-05-22,1094.4756642484751,115.27231308205933,0,False,PPO,
-1093.5244848473035,2026-05-23,351.16402862392965,70.09232009416213,0,False,PPO,
-689.4906508039305,2026-05-24,289.58495255411094,43.64936376649581,0,False,PPO,
-2540.7713061388754,2026-05-25,1302.3520512607238,158.9659373325059,0,False,PPO,
-3110.7007223471774,2026-05-26,1652.1217194164492,194.1630744011469,0,False,PPO,
-2963.727844535552,2026-05-27,1542.6927272460146,185.240314484402,0,False,PPO,
-2479.932777810198,2026-05-28,1101.9052307428956,156.51361000807003,0,False,PPO,
-2677.2336835065285,2026-05-29,1392.6855108898653,167.34076147998297,0,False,PPO,
-701.6790358689034,2026-05-30,285.3382928569981,44.49589604840424,0,False,PPO,
-886.069067848673,2026-05-31,302.54960292592625,56.65087436650412,0,False,PPO,
-1451.6429120315956,2026-06-01,558.7945624076456,92.30583763617854,0,False,PPO,
-1571.6772284214562,2026-06-02,620.1900023538016,99.81696187593334,0,False,PPO,
-1718.235281085839,2026-06-03,667.0648722155111,109.21249976133184,0,False,PPO,
-1936.5918621074613,2026-06-04,653.8326031754175,123.87546331509408,0,False,PPO,
-859.4880423287042,2026-06-05,267.1922031788198,55.16166519648305,0,False,PPO,
-348.29586994269084,2026-06-06,157.26762460174405,21.9615836660321,0,False,PPO,
-31.051724907305776,2026-06-07,41.68016766081313,1.73667365253388,0,False,PPO,
-1494.2829239990608,2026-06-08,545.1498075677509,95.25766313939538,0,False,PPO,
-2213.213210789721,2026-06-09,941.5823058368023,140.014888939287,0,False,PPO,
-2160.0795485538097,2026-06-10,842.9654535411727,137.26157960859126,0,False,PPO,
-1394.025698865846,2026-06-11,496.84847458796116,88.96025879435271,0,False,PPO,
-933.1881898933856,2026-06-12,377.3188846233459,59.193994915905606,0,False,PPO,
-299.1645422975627,2026-06-13,46.139795361915205,19.575184456942193,0,False,PPO,
-575.5466704523548,2026-06-14,118.01462519126537,37.42566102862686,0,False,PPO,
-1499.0824644932718,2026-06-15,594.7531415938811,95.18080583346708,0,False,PPO,
-1285.0714732388572,2026-06-16,519.9663323473,81.51170089047875,0,False,PPO,
-1117.5463932721123,2026-06-17,546.7783055556995,67.79553310702855,0,False,PPO,
-1248.040278706751,2026-06-18,460.2981108887184,79.52030036000698,0,False,PPO,
-756.6126846984968,2026-06-19,318.43597141417536,47.89335787525305,0,False,PPO,
-517.15047125522,2026-06-20,81.20128385379508,33.827087812850976,0,False,PPO,
-1049.775826166071,2026-06-21,154.38202520557564,68.41666554276013,0,False,PPO,
-1486.0851234536103,2026-06-22,592.8052873932629,94.32989926442792,0,False,PPO,
-1593.091102594741,2026-06-23,624.6537018875341,101.20884389121579,0,False,PPO,
-1094.1864289400764,2026-06-24,451.96237042398695,69.33006296594654,0,False,PPO,
-1610.301469893073,2026-06-25,543.5186684394458,103.0052819786893,0,False,PPO,
-625.0016583335309,2026-06-26,263.94534120199125,39.55521449261947,0,False,PPO,
-445.5795851214729,2026-06-27,71.93064756374977,29.12986049425486,0,False,PPO,
-31.051724907305776,2026-06-28,41.68016766081313,1.73667365253388,0,False,PPO,
-2543.4323582800694,2026-06-29,1210.7489037989803,159.87616598827944,0,False,PPO,
-2487.1493213493886,2026-06-30,1093.602711898575,157.06113306143732,0,False,PPO,
-2633.613736812169,2026-07-01,1239.934508911981,165.65477304951543,0,False,PPO,
-2252.737357457321,2026-07-02,861.3641924866004,143.29157695726195,0,False,PPO,
-2331.2309406581057,2025-11-01__syn,1333.5231977068047,142.41387712888593,0,False,PPO,
-2613.6630974106715,2025-11-02__syn,1298.5473409608257,161.52249443302483,0,False,PPO,
-2034.8820987428119,2025-11-03__syn,1184.993803039305,124.84552282520636,0,False,PPO,
-2290.4011750877585,2025-11-04__syn,1307.5302291114322,140.5665031729591,0,False,PPO,
-2208.9660376451675,2025-11-05__syn,1331.355349112056,134.28022638344805,0,False,PPO,
-2588.1248297487523,2025-11-06__syn,1370.835011204367,159.2416418936152,0,False,PPO,
-1803.81953099476,2025-11-07__syn,1102.4830639187276,110.76810422163418,0,False,PPO,
-2231.28778922977,2025-11-08__syn,1341.5023169582678,135.68716741298522,0,False,PPO,
-2769.785545210722,2025-11-09__syn,1945.9693869330122,166.75128125191736,0,False,PPO,
-3247.9148222334284,2025-11-10__syn,2563.5106661287527,193.68623615319854,0,False,PPO,
-2879.7322161310803,2025-11-11__syn,2122.9941310867002,172.66486136004508,0,False,PPO,
-2350.9521817812342,2025-11-12__syn,1489.2579746979127,142.48274832116564,0,False,PPO,
-2833.854300865727,2025-11-13__syn,1937.9398765875428,171.0867677116815,0,False,PPO,
-2375.0639334014177,2025-11-14__syn,1321.2713126224357,146.4340917257817,0,False,PPO,
-1731.4651177148992,2025-11-15__syn,739.779687302807,107.17943701590416,0,False,PPO,
-2515.873676723412,2025-11-16__syn,1384.8584419695233,154.31271091247126,0,False,PPO,
-2792.771756583857,2025-11-17__syn,1901.430213196788,168.6400087333495,0,False,PPO,
-2615.4519303251795,2025-11-18__syn,2135.5949766688136,154.9453688749948,0,False,PPO,
-2766.995131779917,2025-11-19__syn,1882.4963548429123,167.0730379465845,0,False,PPO,
-2180.2398598831073,2025-11-20__syn,1444.6124533888722,131.45909103176285,0,False,PPO,
-2525.6187882486793,2025-11-21__syn,1893.8327465625944,150.89059057741122,0,False,PPO,
-2466.231207672474,2025-11-22__syn,1288.0337381185855,151.7778106065496,0,False,PPO,
-2529.5534884335843,2025-11-23__syn,1362.835876352574,155.4008788847517,0,False,PPO,
-2534.5206090490583,2025-11-24__syn,1700.6218848678077,153.02973219099476,0,False,PPO,
-2141.503681986681,2025-11-25__syn,1516.0739714009856,128.3049870279042,0,False,PPO,
-2549.942153756634,2025-11-26__syn,2280.4328176955687,149.4193477088777,0,False,PPO,
-3071.579512533729,2025-11-27__syn,2549.7109031012296,182.04094694410543,0,False,PPO,
-3207.531153881679,2025-11-28__syn,2674.4598639621154,190.10639801374833,0,False,PPO,
-3006.9785025951833,2025-11-29__syn,2206.045175107155,180.483538772155,0,False,PPO,
-2691.9290257084085,2025-11-30__syn,1933.8999675114733,161.65740197380214,0,False,PPO,
-3920.1104821757117,2025-12-01__syn,3176.22454259976,233.59756913758272,0,False,PPO,
-3371.6313503267343,2025-12-02__syn,2839.136508100255,199.72899795698027,0,False,PPO,
-3005.3746326724927,2025-12-03__syn,2745.8134254617416,176.0584681078056,0,False,PPO,
-3710.0506588598873,2025-12-04__syn,3179.809401639183,219.56490204421237,0,False,PPO,
-3475.147910870049,2025-12-05__syn,2702.182572307618,207.72573347954233,0,False,PPO,
-2776.6596228822336,2025-12-06__syn,1955.6311631148176,167.13225888723036,0,False,PPO,
-3221.1310290981783,2025-12-07__syn,2711.549860839904,190.71633638649263,0,False,PPO,
-3945.3953222850414,2025-12-08__syn,3192.2095140452084,235.15534537330777,0,False,PPO,
-2903.0720222856426,2025-12-09__syn,2311.3763924648842,172.71379034599045,0,False,PPO,
-2507.9942425040176,2025-12-10__syn,2163.9400262612653,147.55476262351107,0,False,PPO,
-3584.1900916895647,2025-12-11__syn,3018.6715843970937,212.46330010412757,0,False,PPO,
-3460.273271513096,2025-12-12__syn,2714.9894074286017,206.63163617477758,0,False,PPO,
-3607.532152145233,2025-12-13__syn,2894.1894413844384,215.01529461194002,0,False,PPO,
-3908.8244100176316,2025-12-14__syn,3022.401773401478,234.07574648063027,0,False,PPO,
-3689.8725255441454,2025-12-15__syn,3034.037361092967,219.38586948086595,0,False,PPO,
-3448.5805162367574,2025-12-16__syn,2550.7860539708145,207.1657459840173,0,False,PPO,
-2362.4412114246484,2025-12-17__syn,1708.876236320263,141.49173753774778,0,False,PPO,
-2200.705380804893,2025-12-18__syn,1840.43551583585,129.6568745936394,0,False,PPO,
-3203.1829950413958,2025-12-19__syn,2579.4731733293784,190.57641428279135,0,False,PPO,
-2496.89388571382,2025-12-20__syn,1671.2833091204632,150.75599257462432,0,False,PPO,
-3340.677442395019,2025-12-21__syn,2268.0570570146356,202.23403970355088,0,False,PPO,
-2991.084211707118,2025-12-22__syn,2467.90301320284,177.3290566748518,0,False,PPO,
-2636.9845360091877,2025-12-23__syn,2010.4217044701313,157.38226209818478,0,False,PPO,
-2702.034627925085,2025-12-24__syn,2017.693150934192,161.66076332086544,0,False,PPO,
-2848.826022345944,2025-12-25__syn,2313.069164318247,169.0838481751836,0,False,PPO,
-2455.1003803539243,2025-12-26__syn,1992.6792479098508,145.39859137364948,0,False,PPO,
-2512.578727186764,2025-12-27__syn,1550.0106210811336,152.7718301771352,0,False,PPO,
-2375.6779174834946,2025-12-28__syn,1649.4162296645186,142.8498646615835,0,False,PPO,
-3371.93917092256,2025-12-29__syn,3215.2568497365955,196.7405565969446,0,False,PPO,
-3673.4895014970502,2025-12-30__syn,3159.131151509074,217.2929175543974,0,False,PPO,
-2994.119451430473,2025-12-31__syn,2772.179902102058,175.09719087854842,0,False,PPO,
-3851.9811309326465,2026-01-01__syn,3444.9756652158494,226.9056034071163,0,False,PPO,
-3183.170729599152,2026-01-02__syn,2702.269079532854,188.25989600368064,0,False,PPO,
-3382.5174349974186,2026-01-03__syn,2687.518294401002,201.6676826446199,0,False,PPO,
-3072.724233965507,2026-01-04__syn,2097.2019527933307,185.73733330868717,0,False,PPO,
-2804.82158467811,2026-01-05__syn,2204.5634603105395,167.01826462938968,0,False,PPO,
-2397.3113571531703,2026-01-06__syn,1697.9484707823763,143.90383604395234,0,False,PPO,
-2452.5818541596445,2026-01-07__syn,1878.363572379414,146.14521503160765,0,False,PPO,
-2405.6043331473224,2026-01-08__syn,1605.553250582815,145.19586287182565,0,False,PPO,
-2687.4663463917354,2026-01-09__syn,2267.640239199878,158.68996784585,0,False,PPO,
-2613.044088507733,2026-01-10__syn,1842.75507032927,157.12756533788138,0,False,PPO,
-2873.342507062041,2026-01-11__syn,1920.3345868084498,173.86015710966845,0,False,PPO,
-2601.3875254429845,2026-01-12__syn,1923.5305488007994,155.70425730579257,0,False,PPO,
-2499.51735319977,2026-01-13__syn,1805.420418984777,149.85779352810644,0,False,PPO,
-2588.4336182794223,2026-01-14__syn,2271.2564058657326,152.05885663836895,0,False,PPO,
-3545.6911461751133,2026-01-15__syn,2909.987986692382,210.76617251813516,0,False,PPO,
-3087.747083127255,2026-01-16__syn,2523.8545835461664,183.32563554011435,0,False,PPO,
-3161.3581705020547,2026-01-17__syn,2418.045985471239,189.0795101497004,0,False,PPO,
-3520.9188635054634,2026-01-18__syn,2797.1059569048075,210.01774324512576,0,False,PPO,
-3614.6033526660867,2026-01-19__syn,3198.354101195858,213.05339070150558,0,False,PPO,
-3976.2481194999223,2026-01-20__syn,3412.686864398354,235.44837971814133,0,False,PPO,
-3569.2371851156736,2026-01-21__syn,2942.831018998888,212.0731641890538,0,False,PPO,
-3646.995405121783,2026-01-22__syn,3183.7969424604203,215.32931813510217,0,False,PPO,
-4610.382508686256,2026-01-23__syn,4434.409436856449,266.21435490001977,1,False,PPO,
-4555.093784411834,2026-01-24__syn,3909.361743013107,263.39414311640303,2,False,PPO,
-3829.171480087298,2026-01-25__syn,3166.0349398222074,227.61648582057555,0,False,PPO,
-3939.791969232497,2026-01-26__syn,3483.959129112326,232.44779158260118,0,False,PPO,
-3323.350396958358,2026-01-27__syn,3023.9702707864553,195.03159763093223,0,False,PPO,
-4008.8179070320552,2026-01-28__syn,3634.3136888431036,235.8466842913922,0,False,PPO,
-3764.865932226131,2026-01-29__syn,3073.946638312849,224.0661557085726,0,False,PPO,
-3917.9969866615597,2026-01-30__syn,3361.802193286295,231.97204823114694,0,False,PPO,
-3319.0019226457803,2026-01-31__syn,2282.426609929432,200.67404863028324,0,False,PPO,
-3648.6755517261313,2026-02-01__syn,2602.232778279769,220.09384122217062,0,False,PPO,
-3263.0344075830294,2026-02-02__syn,2877.103107719172,192.18546897711525,0,False,PPO,
-3502.438185141709,2026-02-03__syn,2909.113221925763,207.88963990070783,0,False,PPO,
-3614.418220262053,2026-02-04__syn,2886.5181027332455,215.53573652893758,0,False,PPO,
-3139.4458896355786,2026-02-05__syn,2513.7081025168127,186.8533944889041,0,False,PPO,
-2859.2216196506056,2026-02-06__syn,2541.653712553998,167.9482116096084,0,False,PPO,
-3769.2366585437067,2026-02-07__syn,2813.5294582214965,226.44087490380846,0,False,PPO,
-3392.817707510818,2026-02-08__syn,2441.4381028246044,204.32300901145769,0,False,PPO,
-3037.120929003806,2026-02-09__syn,2286.789362430737,181.8470803674745,0,False,PPO,
-2463.2821253910406,2026-02-10__syn,1870.1268694748526,146.92446007027056,0,False,PPO,
-2993.045076420096,2026-02-11__syn,2389.6951948918786,178.08544353553805,0,False,PPO,
-3227.492036929853,2026-02-12__syn,2611.766162747338,191.9386731600115,0,False,PPO,
-2792.3040764502502,2026-02-13__syn,1853.7755179744297,168.9900676195546,0,False,PPO,
-2911.9043466132566,2026-02-14__syn,1712.1135477580606,178.09671472548595,0,False,PPO,
-2484.0415966002056,2026-02-15__syn,1365.6788388470486,152.34400906257068,0,False,PPO,
-2330.59364020678,2026-02-16__syn,1375.2772518351617,142.7040246657707,0,False,PPO,
-2822.2283686072265,2026-02-17__syn,2133.151433798682,168.75001310342566,0,False,PPO,
-1933.4148740232959,2026-02-18__syn,1223.3352690003103,117.10764278288391,0,False,PPO,
-2710.821003969105,2026-02-19__syn,1865.3178319590286,163.46552427560144,0,False,PPO,
-2592.4851111027842,2026-02-20__syn,2268.5054331400734,152.3509639417317,0,False,PPO,
-3006.7300334724264,2026-02-21__syn,2166.1432548117727,180.78618952633423,0,False,PPO,
-3133.525512988546,2026-02-22__syn,2261.0327612766546,188.4801054423565,0,False,PPO,
-3226.688443975453,2026-02-23__syn,2501.2640352096337,192.76911731668648,0,False,PPO,
-3318.275093098205,2026-02-24__syn,2537.908072551164,198.5817416261377,0,False,PPO,
-2646.014607593133,2026-02-25__syn,2161.942438712812,156.77210099650637,0,False,PPO,
-2969.470965717589,2026-02-26__syn,2066.9034824350338,179.09616985502566,0,False,PPO,
-2538.9425569627124,2026-02-27__syn,1504.2506316605577,154.8954987442297,0,False,PPO,
-2648.721487427065,2026-02-28__syn,1913.3989529456908,158.94090753823878,0,False,PPO,
-3004.5372815912856,2026-03-01__syn,1882.4832573305412,182.90928604744138,0,False,PPO,
-2846.18541930347,2026-03-02__syn,1963.1514866539512,171.7071493936664,0,False,PPO,
-2685.1110296479915,2026-03-03__syn,1920.1702130396334,161.31270693888237,0,False,PPO,
-2886.9693655402116,2026-03-04__syn,2016.6591207728936,173.99801806983095,0,False,PPO,
-2484.0188320580182,2026-03-05__syn,1824.5230579047745,148.671737673963,0,False,PPO,
-2476.351087137963,2026-03-06__syn,1586.6705355580978,150.0633748580661,0,False,PPO,
-1998.7696661618136,2026-03-07__syn,1425.4220844024744,119.51460106890111,0,False,PPO,
-2333.4027028678747,2026-03-08__syn,927.9829932289565,145.80298291202666,0,False,PPO,
-1985.1272846017496,2026-03-09__syn,1184.228916015059,122.8679876453295,0,False,PPO,
-2525.654893791551,2026-03-10__syn,1797.6010977116678,151.66285080441006,0,False,PPO,
-2810.777587864496,2026-03-11__syn,2361.6319442147533,166.15878363724838,0,False,PPO,
-2605.4492930404303,2026-03-12__syn,1732.7797760619478,157.50104799419978,0,False,PPO,
-2361.859586340106,2026-03-13__syn,1881.1586079036604,140.07470355944446,0,False,PPO,
-2567.258593338688,2026-03-14__syn,1543.662514419427,156.46793944055713,0,False,PPO,
-2629.059774294189,2026-03-15__syn,1927.10513788878,157.52047718316905,0,False,PPO,
-2861.5859564255416,2026-03-16__syn,2425.1882591525355,169.0375576884825,0,False,PPO,
-3380.1642922853853,2026-03-17__syn,2569.8545202816035,202.45211665677286,0,False,PPO,
-2776.253619152977,2026-03-18__syn,2000.198106081259,166.74865642821504,0,False,PPO,
-2784.4950646207612,2026-03-19__syn,2059.2825787466654,166.82541034474409,0,False,PPO,
-1951.035360922881,2026-03-20__syn,1172.1821326259326,120.69156700051795,0,False,PPO,
-2119.1910475626923,2026-03-21__syn,715.2331781677325,135.5575377455043,0,False,PPO,
-2151.772392392348,2026-03-22__syn,1246.9584909053024,131.1424915655808,0,False,PPO,
-2707.365049155274,2026-03-23__syn,1800.1407805076642,163.75654369962362,0,False,PPO,
-2585.864130855522,2026-03-24__syn,1621.0093396629268,157.08953400639805,0,False,PPO,
-2286.1772705667445,2026-03-25__syn,1302.4379683564362,141.9923142909315,0,False,PPO,
-2197.880321700692,2026-03-26__syn,1467.524811220884,132.45182295694573,0,False,PPO,
-3234.985263688121,2026-03-27__syn,2480.9739602907716,193.48455923021524,0,False,PPO,
-2844.760688802754,2026-03-28__syn,1505.7664414272217,175.27124772209916,0,False,PPO,
-2458.4349432622566,2026-03-29__syn,1017.8883300464963,153.41922291044514,0,False,PPO,
-2408.772106751779,2026-03-30__syn,1265.5350692082093,150.46052656311963,0,False,PPO,
-1875.2147615086667,2026-03-31__syn,1219.2400257181025,112.2603972281663,0,False,PPO,
-2574.863281333143,2025-08-01,1351.3476252002633,160.84677108727408,0,False,PPO,
-2568.9785627771735,2025-08-01,1339.64525538073,160.5480754754324,0,False,DQN,
-167.3191521488398,2025-08-02,224.5894659715971,9.35789441548321,0,False,DQN,
-167.3191521488398,2025-08-03,224.5894659715971,9.35789441548321,0,False,DQN,
-2817.482688971517,2025-08-04,1453.0078477577435,176.20811648270583,0,False,DQN,
-2930.173723242748,2025-08-05,1527.4637313669502,183.12520503191428,0,False,DQN,
-3067.1847657177914,2025-08-06,1582.9550788172955,191.8153437506477,0,False,DQN,
-3245.911677626948,2025-08-07,1515.7948844298305,204.2677527663579,0,False,DQN,
-3347.1365545531744,2025-08-08,1956.8828450259775,207.48737421000382,0,False,DQN,
-167.3191521488398,2025-08-09,224.5894659715971,9.35789441548321,0,False,DQN,
-167.3191521488398,2025-08-10,224.5894659715971,9.35789441548321,0,False,DQN,
-3208.195386663853,2025-08-11,1730.0573833350777,200.03923337757624,0,False,DQN,
-2823.141764900139,2025-08-12,1482.0232202196266,176.3532652315856,0,False,DQN,
-3023.7081801676377,2025-08-13,1578.8575429922394,188.94968500057126,0,False,DQN,
-3066.1792866714645,2025-08-14,1370.6251611021385,193.4469511559472,0,False,DQN,
-3288.724888221202,2025-08-15,1760.4998703007045,205.16432691900786,0,False,DQN,
-167.3191521488398,2025-08-16,224.5894659715971,9.35789441548321,0,False,DQN,
-167.3191521488398,2025-08-17,224.5894659715971,9.35789441548321,0,False,DQN,
-2456.37082612251,2025-08-18,1334.4883653027032,153.0821481524124,0,False,DQN,
-2743.6421231891845,2025-08-19,1449.0963491479977,171.31670408609497,0,False,DQN,
-2708.663668556465,2025-08-20,1433.6581703468107,169.10831254098986,0,False,DQN,
-2535.3978837357404,2025-08-21,1117.6417828373558,160.08539131968385,0,False,DQN,
-2888.7245284402075,2025-08-22,1499.3824346694746,180.58657575199138,0,False,DQN,
-167.3191521488398,2025-08-23,224.5894659715971,9.35789441548321,0,False,DQN,
-739.2548551366617,2025-08-24,278.16516475315393,43.18920075719782,1,False,DQN,
-2239.669904252235,2025-08-25,1235.8719948500682,135.74736094083423,1,False,DQN,
-2313.9237836180932,2025-08-26,1380.916268736279,143.2142554246493,0,False,DQN,
-2516.9950464386684,2025-08-27,1266.1540061412866,154.33085849051267,1,False,DQN,
-2577.8794918278522,2025-08-28,1134.302241387698,162.7842148574219,0,False,DQN,
-2125.512282037922,2025-08-29,1102.0085815576003,129.29939080574243,1,False,DQN,
-683.0918296640482,2025-08-30,293.1305357650158,39.478445699299776,1,False,DQN,
-726.3553877648853,2025-08-31,270.62029098827514,42.743979514005645,1,False,DQN,
-2584.393190844008,2025-09-01,1271.634904451269,158.636735755053,1,False,DQN,
-2617.5570944600277,2025-09-02,1325.512259961232,163.89970821764533,0,False,DQN,
-2087.890376641174,2025-09-03,1138.444852979036,130.08513295224597,0,False,DQN,
-2006.7560095039707,2025-09-04,939.193848632219,122.53597722660179,1,False,DQN,
-1822.5716651470502,2025-09-05,1055.3823767835809,109.66733420590121,1,False,DQN,
-1143.309041245373,2025-09-06,515.5826978385132,68.34777303891558,1,False,DQN,
-1082.7838202093033,2025-09-07,691.2467802733102,66.65561377176707,0,False,DQN,
-2218.935971717931,2025-09-08,1146.4289615105042,135.219322023215,1,False,DQN,
-2454.161059813974,2025-09-09,1216.5435239782933,150.36850566519175,1,False,DQN,
-2532.1295419327234,2025-09-10,1234.3924708519917,155.4920609892786,1,False,DQN,
-2543.2281981777855,2025-09-11,1046.2958564375479,157.73979841962318,1,False,DQN,
-2749.1342857266873,2025-09-12,1350.3730148802179,172.47263492940408,0,False,DQN,
-167.3191521488398,2025-09-13,224.5894659715971,9.35789441548321,0,False,DQN,
-167.3191521488398,2025-09-14,224.5894659715971,9.35789441548321,0,False,DQN,
-2977.880136039467,2025-09-15,1507.5165165008832,186.46521027062406,0,False,DQN,
-2977.269431252444,2025-09-16,1486.714929876222,186.59090931115315,0,False,DQN,
-3005.6521598016384,2025-09-17,1510.1387284753387,188.29570082563984,0,False,DQN,
-3053.1907285845778,2025-09-18,1309.7627239342112,193.06794678083148,0,False,DQN,
-2743.7197314710997,2025-09-19,1382.7491056087342,171.8526559198701,0,False,DQN,
-503.66908585362046,2025-09-20,249.50136240081974,31.58192815770147,0,False,DQN,
-611.2104032539709,2025-09-21,242.79512708297256,35.34326647751238,1,False,DQN,
-2332.7689583117076,2025-09-22,1209.9412998040812,145.83840015568117,0,False,DQN,
-2323.2253475424104,2025-09-23,1182.1041671028802,145.42485649933766,0,False,DQN,
-2046.2733901805098,2025-09-24,1088.1943160317605,124.21306934206585,1,False,DQN,
-2445.1722035596213,2025-09-25,1013.548043090786,151.4240951161386,1,False,DQN,
-2708.3142959186443,2025-09-26,1361.2481194468774,169.66430143900126,0,False,DQN,
-356.2166620900581,2025-09-27,227.73147378831732,21.925925682364,0,False,DQN,
-755.1188580629777,2025-09-28,278.2242427081343,44.604787244447465,1,False,DQN,
-2878.736629380824,2025-09-29,1401.4021568781322,180.7045580370299,0,False,DQN,
-2827.4123765873665,2025-09-30,1407.9219246437688,177.23078304200763,0,False,DQN,
-2496.424750117618,2025-10-01,1222.9634703588822,153.12835633063492,1,False,DQN,
-2617.353311457383,2025-10-02,1075.9576464216527,165.8825595924523,0,False,DQN,
-2891.9784991588863,2025-10-03,1434.9417169151145,181.31903287527152,0,False,DQN,
-454.88748547285786,2025-10-04,275.2794293374401,28.123596930157667,0,False,DQN,
-447.49562187462925,2025-10-05,229.24975322585175,27.999043432501804,0,False,DQN,
-1854.207494231566,2025-10-06,1068.1554488540216,111.73121223942061,1,False,DQN,
-2093.367881011629,2025-10-07,1095.213341717627,127.40876007008761,1,False,DQN,
-2332.241577068983,2025-10-08,1165.7722206490905,142.50275636602103,1,False,DQN,
-2444.6768813173053,2025-10-09,1077.380322993734,150.68065861748957,1,False,DQN,
-2056.791731981374,2025-10-10,1068.3570017446511,124.84796059685497,1,False,DQN,
-1438.741194611052,2025-10-11,592.2335241657554,87.45415096495492,1,False,DQN,
-1307.6884240972067,2025-10-12,541.6045124269722,79.09076439319925,1,False,DQN,
-1982.2454745270682,2025-10-13,1055.1205729622457,120.15582393178964,1,False,DQN,
-2241.237264136843,2025-10-14,1128.4373483974261,136.6044511445276,1,False,DQN,
-2343.640547220395,2025-10-15,1270.0117347793453,142.290224790235,1,False,DQN,
-2161.829738351017,2025-10-16,1012.4424447411634,132.29268516105245,1,False,DQN,
-2144.4736341217817,2025-10-17,1120.520707403859,130.53389230528435,1,False,DQN,
-669.1016727786138,2025-10-18,288.301075699318,38.580258623901194,1,False,DQN,
-1423.6795030023077,2025-10-19,728.0937673993005,85.33030033525314,1,False,DQN,
-2508.4475302989645,2025-10-20,1235.329748005861,153.65460217736518,1,False,DQN,
-2515.3991162744273,2025-10-21,1495.2067734637358,152.04170824372235,1,False,DQN,
-2607.7591274289607,2025-10-22,1603.5948742112319,157.29950127236387,1,False,DQN,
-2710.477699270776,2025-10-23,1519.9820493284553,164.74465142398245,1,False,DQN,
-2889.282376239314,2025-10-24,1642.9856603723824,175.68730789329769,1,False,DQN,
-2044.6899136445502,2025-10-25,1355.296208436388,121.66263456352569,1,False,DQN,
-1744.9673544320788,2025-10-26,860.6241872535019,105.64670071965608,1,False,DQN,
-2549.318891599127,2025-10-27,1318.927019727575,155.69430827143336,1,False,DQN,
-2628.759141382766,2025-10-28,1386.4513389143253,160.39959474476007,1,False,DQN,
-2531.579980165831,2025-10-29,1343.8858580933088,154.32077052821538,1,False,DQN,
-2713.9794296180394,2025-10-30,1417.771576382823,165.79418088687814,1,False,DQN,
-2716.5355087090247,2025-10-31,1588.7503653984343,164.59819434906524,1,False,DQN,
-2071.2657116165856,2025-11-01,1477.8041605310336,122.45153526257909,1,False,DQN,
-2194.160168450146,2025-11-02,1397.5318708110563,131.26460666362934,1,False,DQN,
-2593.614009715724,2025-11-03,1351.3691420748817,158.36003161876116,1,False,DQN,
-2689.5894745815094,2025-11-04,1350.344979369943,164.70956610417187,1,False,DQN,
-2505.9544033457596,2025-11-05,1298.5770588004266,152.98986136412327,1,False,DQN,
-3037.4035298954777,2025-11-06,1547.056806155522,186.31147559171663,1,False,DQN,
-2371.832505520521,2025-11-07,1214.8991366767593,144.62165130290356,1,False,DQN,
-2137.8652135770426,2025-11-08,1631.6862468902907,125.65440388307039,1,False,DQN,
-2322.3990121865936,2025-11-09,1905.4333835168484,135.74510764694654,1,False,DQN,
-3380.6359973224917,2025-11-10,2390.395005845,202.41107001209073,1,False,DQN,
-3178.520625637715,2025-11-11,2123.9212194827505,191.09378432657124,1,False,DQN,
-2647.9476036042843,2025-11-12,1766.435447525957,158.93381589864276,1,False,DQN,
-2988.5746447068527,2025-11-13,1613.2083284830182,182.5377415612944,1,False,DQN,
-2691.0240451194954,2025-11-14,1312.6775220731274,165.1058684426889,1,False,DQN,
-1200.3595652028223,2025-11-15,588.7685908836705,71.72650183217469,1,False,DQN,
-2072.825794782806,2025-11-16,1329.9704744306187,123.73377575130678,1,False,DQN,
-3138.411440069125,2025-11-17,1900.583986007777,190.20754356412866,1,False,DQN,
-2659.450517282911,2025-11-18,2675.9429972237995,155.88915717440364,0,False,DQN,
-3213.3128214708113,2025-11-19,2109.352178211365,193.52488376257148,1,False,DQN,
-2811.3708118553013,2025-11-20,1730.8412068137336,169.7934871928376,1,False,DQN,
-3058.4057616090477,2025-11-21,1936.2707301478654,184.60528838211172,1,False,DQN,
-2342.983161192262,2025-11-22,1646.7681323907414,139.1796486166109,1,False,DQN,
-2060.319625676487,2025-11-23,1308.9792785893442,123.07004157182072,1,False,DQN,
-3008.262004967018,2025-11-24,1901.2639099659725,181.54887788441502,1,False,DQN,
-2800.0249711610536,2025-11-25,1775.4316353052527,168.68106496952342,1,False,DQN,
-3164.239120143109,2025-11-26,2383.8691541745825,188.07318528540992,1,False,DQN,
-3356.4882995614253,2025-11-27,2530.9623072817694,199.68372642044665,1,False,DQN,
-3439.5963507773977,2025-11-28,2606.165564764401,204.61304335041302,1,False,DQN,
-2510.2520897349505,2025-11-29,2205.724354830269,145.84984182408328,1,False,DQN,
-2417.3639516504354,2025-11-30,2088.937304400467,140.60292228531085,1,False,DQN,
-3804.7763734762707,2025-12-01,3532.7953918445737,220.55662661027168,1,False,DQN,
-3657.5633696901846,2025-12-02,2937.819029314322,216.4745341644714,1,False,DQN,
-3404.773071828899,2025-12-03,2788.4556576289488,200.84013658593167,1,False,DQN,
-4088.371399465987,2025-12-04,3376.6058638992786,241.66866615643497,1,False,DQN,
-3661.120434732738,2025-12-05,2863.099523944764,217.30848431943784,1,False,DQN,
-2503.903478455827,2025-12-06,2144.466005858742,145.91719152032033,1,False,DQN,
-2959.9274883111543,2025-12-07,2668.111246523122,172.11830602167092,1,False,DQN,
-4034.376110434879,2025-12-08,3310.6968123972174,238.59757195340904,1,False,DQN,
-3402.963655224856,2025-12-09,2583.571582470133,202.3556708348772,1,False,DQN,
-3337.588716057994,2025-12-10,2537.495011247618,198.37559385687965,1,False,DQN,
-3708.100567936694,2025-12-11,2873.260244096966,220.35667762445632,1,False,DQN,
-3866.1203313731403,2025-12-12,3564.0047520869143,224.3965651607616,1,False,DQN,
-3369.208597510526,2025-12-13,3310.442266906151,194.24878564601318,1,False,DQN,
-3388.7380080871544,2025-12-14,3341.900796218757,195.29249091864438,1,False,DQN,
-3716.061212941304,2025-12-15,3404.9848529736946,217.02991897078408,1,False,DQN,
-3686.362332991905,2025-12-16,2816.634650036778,216.8915249149516,1,False,DQN,
-2960.5897551012836,2025-12-17,2278.7606015054216,175.6754495808237,1,False,DQN,
-3085.590090810915,2025-12-18,2325.3891057369683,183.3078533991585,1,False,DQN,
-3728.5226353582834,2025-12-19,3505.027517925174,215.69517730003838,1,False,DQN,
-2341.1823934549493,2025-12-20,2041.0314150497632,135.9113638788503,1,False,DQN,
-2860.7153584320386,2025-12-21,2410.5926124060793,167.55681011619453,1,False,DQN,
-3104.174185278612,2025-12-22,2506.9776617777584,183.42495051242162,1,False,DQN,
-3011.7333718962377,2025-12-23,2300.766472006392,178.90866346403052,1,False,DQN,
-3152.3446311692155,2025-12-24,2458.830075265573,187.02079064335658,1,False,DQN,
-3008.056793945012,2025-12-25,2307.5641992224155,178.60927540287506,1,False,DQN,
-2957.46731438181,2025-12-26,2347.896880474219,174.9142358399071,1,False,DQN,
-2113.595051423261,2025-12-27,1942.149401144211,121.90405133309649,1,False,DQN,
-2244.7463377856197,2025-12-28,1892.1862151080918,130.68480293270554,1,False,DQN,
-3443.267248297363,2025-12-29,3231.926927960728,200.2288620943908,1,False,DQN,
-3717.632126928369,2025-12-30,3307.968431007227,217.9107494714176,1,False,DQN,
-3254.756542455137,2025-12-31,2943.4166232799216,189.97070453998336,1,False,DQN,
-3927.0166485450363,2026-01-01,3325.358605110122,231.3280233418922,1,False,DQN,
-3818.285414421539,2026-01-02,3143.9128441545763,225.53442462742137,1,False,DQN,
-2853.345429084383,2026-01-03,2677.5076390424747,164.9320295422996,1,False,DQN,
-2804.885534110732,2026-01-04,2270.51002372281,164.95707509899702,1,False,DQN,
-3267.8140243097364,2026-01-05,2264.858533016254,195.9097456112823,1,False,DQN,
-3136.4696998503277,2026-01-06,2157.280277828156,188.03312688043778,1,False,DQN,
-3198.9351284060394,2026-01-07,2254.772225032542,191.40865027459367,1,False,DQN,
-3019.2608686732683,2026-01-08,1863.9067220494428,182.58026771798137,1,False,DQN,
-2903.971459909421,2026-01-09,1914.7371567028795,174.46923784331202,1,False,DQN,
-2315.0792161415043,2026-01-10,1980.406085686723,134.65906352939075,1,False,DQN,
-2517.0842419514006,2026-01-11,2218.7554999830063,146.2001071964203,1,False,DQN,
-3261.0193069954726,2026-01-12,2224.4697495040477,195.77964785324767,1,False,DQN,
-2856.3672919478763,2026-01-13,1766.959574674691,172.48018704075412,1,False,DQN,
-3455.1764826022572,2026-01-14,2763.116432788905,204.39873195971813,1,False,DQN,
-3701.6448713506174,2026-01-15,2734.6686340053393,221.03466045505786,1,False,DQN,
-3360.332522594579,2026-01-16,2538.3034874025816,199.88124866712917,1,False,DQN,
-2888.9124362554408,2026-01-17,2730.637057230003,166.8777728257282,1,False,DQN,
-3100.8558958604567,2026-01-18,2920.4424058421428,179.48204330157992,1,False,DQN,
-4298.526662728091,2026-01-19,3951.373103436298,248.62470928162128,1,False,DQN,
-4301.959465707173,2026-01-20,3774.5227993976114,250.26837081594073,1,False,DQN,
-3678.804537138981,2026-01-21,2940.9685814625063,217.86405351775332,1,False,DQN,
-3978.00073043746,2026-01-22,3476.616834787286,231.05428337823702,1,False,DQN,
-4482.857425535765,2026-01-23,4527.43831304328,259.1578404560224,1,False,DQN,
-3678.1920707599356,2026-01-24,3961.776964261836,210.03148950012655,1,False,DQN,
-3286.056183867523,2026-01-25,3580.2338190207497,186.9541277200502,1,False,DQN,
-4351.434304875598,2026-01-26,3919.799346952401,252.40448782404698,1,False,DQN,
-4082.3332120066234,2026-01-27,3491.9746283425593,236.88688564590913,1,False,DQN,
-3998.368270368266,2026-01-28,3732.724719491472,233.22353351789332,1,False,DQN,
-4054.588783694232,2026-01-29,3729.246147036753,236.99791262548098,1,False,DQN,
-3899.4939407959982,2026-01-30,3600.424152569024,227.69246784128416,1,False,DQN,
-2808.1423213432067,2026-01-31,2899.9038425193903,160.53950020455704,1,False,DQN,
-2937.3019010635453,2026-02-01,2942.3872402377374,166.9482856113747,1,False,DQN,
-3578.724270844717,2026-02-02,3048.5538806023505,207.8602227111133,1,False,DQN,
-3898.34011287574,2026-02-03,3318.2223789931722,227.01071876233422,1,False,DQN,
-4124.9287445878535,2026-02-04,3408.339359098732,241.39575793691037,1,False,DQN,
-3208.9149857310845,2026-02-05,2967.140591372397,190.19054098442646,0,False,DQN,
-3258.248461019179,2026-02-06,2502.2571582176793,193.37753638301112,1,False,DQN,
-3069.5410130459736,2026-02-07,2868.910209060174,175.35201483978634,1,False,DQN,
-2648.7472592849367,2026-02-08,2257.544043559999,154.6571194667218,1,False,DQN,
-3576.0418300930355,2026-02-09,2696.6707578777487,210.49648843168345,1,False,DQN,
-3181.8575512285465,2026-02-10,2166.8475029888687,190.97329713218284,1,False,DQN,
-3401.7792628615707,2026-02-11,2436.2707453615844,203.45365985906412,1,False,DQN,
-3480.2987999766347,2026-02-12,2511.3085951904322,208.0811797366083,1,False,DQN,
-3311.0449725700846,2026-02-13,2144.544887417391,199.74292529227137,1,False,DQN,
-2335.935356222382,2026-02-14,1508.697358764598,139.8135214547742,1,False,DQN,
-2080.0141052157956,2026-02-15,1294.0914940704652,124.49903844388096,1,False,DQN,
-2785.069267189443,2026-02-16,1505.9542595702173,169.83841967318438,1,False,DQN,
-3021.6161341747993,2026-02-17,1816.0537785592794,183.11808992480047,1,False,DQN,
-2239.8109039541037,2026-02-18,1839.9100694429812,134.60144637472973,0,False,DQN,
-3125.133284302202,2026-02-19,1808.6742587339622,190.05709168628297,1,False,DQN,
-3208.781267933651,2026-02-20,2417.0929485293714,190.7689825482361,1,False,DQN,
-2571.72882199823,2026-02-21,2249.9649956746216,149.5873310620283,1,False,DQN,
-2716.1508298896606,2026-02-22,2425.197572048714,157.80824702418045,1,False,DQN,
-3706.295985344286,2026-02-23,2979.37790916224,216.9184750685161,1,False,DQN,
-3542.1581002687085,2026-02-24,2735.701959413993,207.92531233561175,1,False,DQN,
-3404.6327718841185,2026-02-25,2549.5396360884733,202.7389804185293,1,False,DQN,
-3521.797440193718,2026-02-26,2331.3445384934457,212.27927059505046,1,False,DQN,
-3082.6933402523227,2026-02-27,1763.105603481629,187.59822153367327,1,False,DQN,
-2530.2429246177167,2026-02-28,2260.8331362776416,146.74261179657066,1,False,DQN,
-2677.0411610632727,2026-03-01,2119.8156164143998,157.64290055866795,1,False,DQN,
-3421.395594242078,2026-03-02,2458.811185340353,202.08959323328125,1,False,DQN,
-3177.5751095097553,2026-03-03,2287.920965100052,187.2018922162961,1,False,DQN,
-3199.0620871518645,2026-03-04,2043.5902297030561,190.58902342475974,1,False,DQN,
-3004.8029024511798,2026-03-05,1928.3006167992917,181.1044602856933,1,False,DQN,
-2639.859685233461,2026-03-06,1732.1505314488593,158.6815645612717,1,False,DQN,
-1611.0254301824868,2026-03-07,1379.572677117712,92.9413688746304,1,False,DQN,
-1963.7100077536752,2026-03-08,1035.1593113574563,118.82909774870666,1,False,DQN,
-2267.81670574714,2026-03-09,1087.7995884142456,138.70079822685665,1,False,DQN,
-2793.1517892518204,2026-03-10,1633.28972632794,169.34189043508619,1,False,DQN,
-3227.442270952934,2026-03-11,2481.6037370155213,188.97691140647905,1,False,DQN,
-3101.9235676748244,2026-03-12,1866.0858741267557,188.05330424365394,1,False,DQN,
-2959.860167529913,2026-03-13,2062.2800485443963,177.03879512193566,1,False,DQN,
-2392.576415120062,2026-03-14,1885.9772466751076,140.56889761593106,1,False,DQN,
-2319.9386330084726,2026-03-15,2029.4092448581712,134.5904581493047,1,False,DQN,
-3540.366994182754,2026-03-16,2974.8677495598326,205.89257063669166,1,False,DQN,
-3862.8399438170277,2026-03-17,3206.250878650717,225.5398272517351,1,False,DQN,
-3339.474996143153,2026-03-18,2364.0883888262833,199.88284880413516,1,False,DQN,
-3053.3769771240986,2026-03-19,1960.607603537579,181.54046357925301,1,False,DQN,
-2437.445327004051,2026-03-20,1522.7059283709168,146.90180025436652,1,False,DQN,
-1637.3742513327866,2026-03-21,879.1139211969396,98.6770964634742,1,False,DQN,
-1953.3434192309157,2026-03-22,1449.6278665494826,114.83107430800126,1,False,DQN,
-3193.66802505573,2026-03-23,2210.200358739675,188.89653486265507,1,False,DQN,
-3083.268771984248,2026-03-24,2041.7082177624482,182.88447222294553,1,False,DQN,
-2481.022320929962,2026-03-25,1395.2797762216555,150.80727722005835,1,False,DQN,
-2733.073566681185,2026-03-26,1693.3790621440903,162.33099841926062,1,False,DQN,
-3238.5563113930725,2026-03-27,2144.671041414135,194.919593864543,1,False,DQN,
-2279.3800642563683,2026-03-28,1551.3068917630449,135.70568977992502,1,False,DQN,
-1717.4297310475279,2026-03-29,1095.167809006729,102.26826994654202,1,False,DQN,
-2213.4752860380636,2026-03-30,1139.731031594772,134.66809868007644,1,False,DQN,
-2039.4186741155386,2026-03-31,1687.9682173139383,122.45749920252439,0,False,DQN,
-3088.75412287441,2026-04-01,2085.3581643802872,182.90092753652425,1,False,DQN,
-2887.033004513583,2026-04-02,1980.672016053562,173.1565573342498,1,False,DQN,
-2753.4178583126304,2026-04-03,1798.544800618742,165.516578447131,1,False,DQN,
-1865.5398257498423,2026-04-04,1623.6041006643622,107.91380362508936,1,False,DQN,
-1777.868563971179,2026-04-05,1281.4893268275214,104.80650261382577,1,False,DQN,
-2434.2315136310845,2026-04-06,2246.950036583816,144.30650061606843,0,False,DQN,
-3236.218381965701,2026-04-07,2242.920840354489,191.4714572834266,1,False,DQN,
-2527.68698525866,2026-04-08,1423.4144620655889,153.6671126167274,1,False,DQN,
-2254.1835251254975,2026-04-09,1192.0778352421153,137.36885214744032,1,False,DQN,
-2488.8257672931077,2026-04-10,1635.333317115174,149.41621427833556,1,False,DQN,
-1875.7267047112693,2026-04-11,1042.2587937315375,112.91803024598995,1,False,DQN,
-1157.30332087578,2026-04-12,572.0342757587027,69.23577232595174,1,False,DQN,
-2043.11620436021,2026-04-13,1090.9149503705573,127.48042735438287,0,False,DQN,
-2310.877623449139,2026-04-14,1190.6108787325823,144.53362120008194,0,False,DQN,
-1883.9851239833185,2026-04-15,1038.2115722696014,113.95997552263562,1,False,DQN,
-2169.4696055059803,2026-04-16,960.3315643446416,133.5903149018004,1,False,DQN,
-2353.0329213426735,2026-04-17,1160.0770156642059,144.22175302899373,1,False,DQN,
-1709.0272271471613,2026-04-18,1403.4787559418896,99.2421473489367,1,False,DQN,
-1794.612452608948,2026-04-19,1440.5508702300308,104.65032512976444,1,False,DQN,
-2935.2376594395896,2026-04-20,1739.5279149769822,175.43310156254617,1,False,DQN,
-2183.099157527257,2026-04-21,1156.507734301767,132.95240459830626,1,False,DQN,
-2194.9842379607794,2026-04-22,1153.0421450742838,133.7717846982247,1,False,DQN,
-2426.879557481417,2026-04-23,1041.5757613488513,153.45936440797036,0,False,DQN,
-1805.0440293473496,2026-04-24,1032.4956458186202,112.07630345660769,0,False,DQN,
-1343.5487302978158,2026-04-25,773.433953990559,79.96710755757302,1,False,DQN,
-1325.2358652054133,2026-04-26,726.5991380352197,79.12302841341624,1,False,DQN,
-2099.1299762640383,2026-04-27,1205.4034186217766,126.96311057373141,1,False,DQN,
-2043.8924886605475,2026-04-28,1498.92723158037,124.26808139139354,0,False,DQN,
-2341.9027431191453,2026-04-29,2106.365016550939,139.27592940886882,0,False,DQN,
-2912.7897389173713,2026-04-30,1794.1292494078664,173.49973936124934,1,False,DQN,
-2559.3951945719755,2026-05-01,1786.850460358119,152.89528073002478,1,False,DQN,
-1571.7942648730982,2026-05-02,1094.7949801519,92.56432505601363,1,False,DQN,
-1163.4919397058125,2026-05-03,636.8702348028279,69.12930148354756,1,False,DQN,
-2319.610315890274,2026-05-04,1174.9723399940656,141.88306235903602,1,False,DQN,
-1998.5551579371352,2026-05-05,1610.577703781918,120.352388898887,0,False,DQN,
-2201.696001633439,2026-05-06,1904.2917656062173,131.54539931737955,0,False,DQN,
-2452.90704420346,2026-05-07,1431.8598674868567,148.65095682944943,1,False,DQN,
-2074.479605059602,2026-05-08,1268.5441009518072,124.81354897136964,1,False,DQN,
-917.3730398283121,2026-05-09,406.25124123312975,54.571454518750855,1,False,DQN,
-1303.928529332949,2026-05-10,837.9791709412871,76.81644475590879,1,False,DQN,
-2040.5653775977594,2026-05-11,1598.4983127994578,123.24970533745497,0,False,DQN,
-2214.35243639401,2026-05-12,1238.2500396390087,134.37955754754995,1,False,DQN,
-1977.246158055111,2026-05-13,1132.0755443713574,119.42625353562852,1,False,DQN,
-2022.2579117172027,2026-05-14,1031.5492267333261,126.56480030061357,0,False,DQN,
-2424.224006623779,2026-05-15,1232.5361130872507,151.7546448702206,0,False,DQN,
-450.96971723231525,2026-05-16,288.14703766910634,27.75947151413483,0,False,DQN,
-1024.085538683875,2026-05-17,567.2089251133422,60.306327261707935,1,False,DQN,
-2703.833977909929,2026-05-18,1400.55519342754,169.05115697990828,0,False,DQN,
-2012.5677752118795,2026-05-19,1119.44808392574,125.21560034271938,0,False,DQN,
-1886.139060763522,2026-05-20,1104.3943928327512,113.56159013929128,1,False,DQN,
-2239.3501795371208,2026-05-21,1342.6770886515317,135.2079051985931,1,False,DQN,
-1966.4572423487239,2026-05-22,1179.575593344609,121.66054474315804,0,False,DQN,
-742.9399108773736,2026-05-23,329.14571844224406,43.54219765691241,1,False,DQN,
-591.1463489198958,2026-05-24,277.9618127710519,37.186062092491305,0,False,DQN,
-2540.7713061388754,2026-05-25,1302.3520512607238,158.9659373325059,0,False,DQN,
-3110.7007223471774,2026-05-26,1652.1217194164492,194.1630744011469,0,False,DQN,
-2963.727844535552,2026-05-27,1542.6927272460146,185.240314484402,0,False,DQN,
-2471.6447285203058,2026-05-28,1069.5550702363485,156.21987467279627,0,False,DQN,
-2657.4556832826006,2026-05-29,1341.5177905546368,166.43156989440294,0,False,DQN,
-537.6583672830211,2026-05-30,272.63363094876735,33.662822104611266,0,False,DQN,
-790.7606423916212,2026-05-31,273.36939819096375,46.5840198210069,1,False,DQN,
-1494.757916696255,2026-06-01,528.0587801117441,92.0339266786128,1,False,DQN,
-1610.2001224117853,2026-06-02,580.0373355402944,99.34151621978339,1,False,DQN,
-1734.1077281566436,2026-06-03,745.9326805534345,109.6397204326821,0,False,DQN,
-1936.5918621074613,2026-06-04,653.8326031754175,123.87546331509408,0,False,DQN,
-859.4880423287042,2026-06-05,267.1922031788198,55.16166519648305,0,False,DQN,
-348.29586994269084,2026-06-06,157.26762460174405,21.9615836660321,0,False,DQN,
-31.051724907305776,2026-06-07,41.68016766081313,1.73667365253388,0,False,DQN,
-1494.2829239990608,2026-06-08,545.1498075677509,95.25766313939538,0,False,DQN,
-2213.213210789721,2026-06-09,941.5823058368023,140.014888939287,0,False,DQN,
-2160.0795485538097,2026-06-10,842.9654535411727,137.26157960859126,0,False,DQN,
-1394.025698865846,2026-06-11,496.84847458796116,88.96025879435271,0,False,DQN,
-929.3727400658809,2026-06-12,361.0685719379606,59.06963409555504,0,False,DQN,
-299.1645422975627,2026-06-13,46.139795361915205,19.575184456942193,0,False,DQN,
-469.9308778095756,2026-06-14,249.72924451874806,29.330891231155057,0,False,DQN,
-1536.1258883326375,2026-06-15,557.4634123655007,94.58622511059907,1,False,DQN,
-1278.4267496046155,2026-06-16,493.31561169905126,81.28192508004861,0,False,DQN,
-1408.6443382105595,2026-06-17,586.4109224388767,85.84218444715434,1,False,DQN,
-1235.7684857775782,2026-06-18,427.3066151388799,78.96611279739417,0,False,DQN,
-742.2090194623158,2026-06-19,286.3388957040907,47.189890131854995,0,False,DQN,
-424.29463579281173,2026-06-20,79.42686281072227,24.30310492593779,1,False,DQN,
-640.5236306256501,2026-06-21,207.4135524483661,37.676198105026934,1,False,DQN,
-1468.864571130899,2026-06-22,543.5046010286526,93.57626793383072,0,False,DQN,
-1583.374659857714,2026-06-23,589.5989086626865,100.84151938787944,0,False,DQN,
-1142.5277508898967,2026-06-24,449.6609147553066,69.17584093699028,1,False,DQN,
-1610.301469893073,2026-06-25,543.5186684394458,103.0052819786893,0,False,DQN,
-585.247329244104,2026-06-26,255.78262479173296,36.970227617939734,0,False,DQN,
-305.93074103087406,2026-06-27,52.428769699567454,19.975952577795063,0,False,DQN,
-31.051724907305776,2026-06-28,41.68016766081313,1.73667365253388,0,False,DQN,
-2543.4323582800694,2026-06-29,1210.7489037989803,159.87616598827944,0,False,DQN,
-2487.1493213493886,2026-06-30,1093.602711898575,157.06113306143732,0,False,DQN,
-2633.613736812169,2026-07-01,1239.934508911981,165.65477304951543,0,False,DQN,
-2252.737357457321,2026-07-02,861.3641924866004,143.29157695726195,0,False,DQN,
-1800.8097389202733,2025-11-01__syn,1739.080698345058,106.14133700792442,0,False,DQN,
-1985.260823648975,2025-11-02__syn,1896.1303770712582,117.18167856002827,0,False,DQN,
-2226.023241647127,2025-11-03__syn,1743.8204146902422,134.45098612561986,0,False,DQN,
-2377.5259370289896,2025-11-04__syn,1823.3770355413676,143.91471285093502,0,False,DQN,
-2315.0471388173105,2025-11-05__syn,1912.7424897591532,139.0345360030808,0,False,DQN,
-2617.473299769612,2025-11-06__syn,1965.259208568923,158.7761463160894,0,False,DQN,
-2044.5641541341333,2025-11-07__syn,1127.4052092089792,123.91442607981095,1,False,DQN,
-1762.2902634349869,2025-11-08__syn,1717.748421943102,103.74403018678764,0,False,DQN,
-2240.8736365910827,2025-11-09__syn,2538.576134697894,129.08296669515568,0,False,DQN,
-3161.293423129688,2025-11-10__syn,3148.7442219482004,185.56294109972694,0,False,DQN,
-2877.1643745312017,2025-11-11__syn,2724.241218365452,170.01702855515651,0,False,DQN,
-2459.040304572253,2025-11-12__syn,2043.383237068245,147.5889544082709,0,False,DQN,
-2887.254620064187,2025-11-13__syn,2517.0140996025275,172.34752854079224,0,False,DQN,
-2417.9535884275565,2025-11-14__syn,1770.6652725167028,147.03158371503682,0,False,DQN,
-1348.3044636479704,2025-11-15__syn,1127.5938548113509,80.86621340470721,0,False,DQN,
-1919.8210113332104,2025-11-16__syn,1961.7436057357966,112.29411857632766,0,False,DQN,
-2832.3345181743416,2025-11-17__syn,2497.0999060039976,168.84550196359078,0,False,DQN,
-2701.4387399516936,2025-11-18__syn,2744.161608697108,158.1426231272027,0,False,DQN,
-2775.583310059824,2025-11-19__syn,2491.205392957463,165.10924419366188,0,False,DQN,
-2348.3594335215034,2025-11-20__syn,1972.6302515159146,140.77625355597291,0,False,DQN,
-3356.7337745780687,2025-11-21__syn,2017.7629144302414,199.80694263422558,1,False,DQN,
-1876.0119508944836,2025-11-22__syn,1828.4757435554493,110.43965744452198,0,False,DQN,
-1885.9234518969051,2025-11-23__syn,1929.1628780403262,110.29492710213773,0,False,DQN,
-2580.724037363499,2025-11-24__syn,2288.246029850534,153.74230091876234,0,False,DQN,
-2355.6286265633203,2025-11-25__syn,2038.6275128610791,140.73288833466603,0,False,DQN,
-2772.9253554980496,2025-11-26__syn,2837.7517232022196,162.1596765809189,0,False,DQN,
-3419.6608869394845,2025-11-27__syn,3030.684235539047,198.39899721950994,1,False,DQN,
-3166.0745418809074,2025-11-28__syn,3286.9951945967277,184.77567456862002,0,False,DQN,
-2392.0278432947052,2025-11-29__syn,2773.460605599216,137.28083804151996,0,False,DQN,
-2432.8021671932675,2025-11-30__syn,2518.685996005665,142.0373231781725,0,False,DQN,
-3650.126610557271,2025-12-01__syn,3831.2108894461808,212.69208692158193,0,False,DQN,
-3281.9373533832386,2025-12-02__syn,3467.2231535598153,191.05803833040406,0,False,DQN,
-3027.11200862866,2025-12-03__syn,3306.8251752400374,175.3528658399904,0,False,DQN,
-3606.894156276525,2025-12-04__syn,3756.5880405287753,210.40690609420477,0,False,DQN,
-3229.4758631528684,2025-12-05__syn,3301.8371041701434,188.88369404349675,0,False,DQN,
-2337.1487710545944,2025-12-06__syn,2547.373249207859,135.43093207664342,0,False,DQN,
-3116.364437332135,2025-12-07__syn,3033.6852401293395,177.1553043688002,1,False,DQN,
-3639.54599192174,2025-12-08__syn,3832.213724881773,211.97868966239514,0,False,DQN,
-2901.123414693524,2025-12-09__syn,2884.0606024736735,170.33574282644557,0,False,DQN,
-2755.10742685308,2025-12-10__syn,2695.6360605387163,162.10873997256226,0,False,DQN,
-3470.866063028775,2025-12-11__syn,3630.4950470450485,202.3471104922246,0,False,DQN,
-3379.6505774042503,2025-12-12__syn,3310.841288560395,198.82330818513353,0,False,DQN,
-3160.978602796542,2025-12-13__syn,3250.2404700362104,178.39721060219264,1,False,DQN,
-3370.808499971546,2025-12-14__syn,3402.8210096467274,191.16527853544957,1,False,DQN,
-3407.875786035307,2025-12-15__syn,3656.3272334571748,197.94110120136307,0,False,DQN,
-3615.441529997103,2025-12-16__syn,2715.1602907232427,215.58388588171604,1,False,DQN,
-2527.9864921082153,2025-12-17__syn,2269.9849232425395,150.37255342127403,0,False,DQN,
-2442.4788747818166,2025-12-18__syn,2382.248247315226,143.77393900693264,0,False,DQN,
-3206.1102970040283,2025-12-19__syn,3190.2243399303557,188.21889174749236,0,False,DQN,
-2126.431056038062,2025-12-20__syn,2236.994968990458,123.86611065061378,0,False,DQN,
-2730.976538227158,2025-12-21__syn,2816.94520457995,159.5295409118376,0,False,DQN,
-3003.282005886142,2025-12-22__syn,3057.0825556714744,175.76213994703767,0,False,DQN,
-2767.365970376733,2025-12-23__syn,2587.2529646680277,163.793040974438,0,False,DQN,
-2809.5644202541207,2025-12-24__syn,2615.7666547471536,166.3781614456308,0,False,DQN,
-2935.3227050957885,2025-12-25__syn,2874.4963146418695,172.69220982258426,0,False,DQN,
-2661.9731461489173,2025-12-26__syn,2556.7361895763415,157.01098689331707,0,False,DQN,
-1834.1095344191754,2025-12-27__syn,2143.30271183234,105.12754726661963,0,False,DQN,
-2073.5566489067246,2025-12-28__syn,2209.2595048312724,120.5630338884648,0,False,DQN,
-3336.4322532573415,2025-12-29__syn,3808.1883735237843,191.96330989563248,0,False,DQN,
-3538.8299764208705,2025-12-30__syn,3769.1550549492977,205.76875798846365,0,False,DQN,
-3046.5896810633417,2025-12-31__syn,3343.9139399224246,176.3546672181767,0,False,DQN,
-3668.395184924384,2026-01-01__syn,4069.5155819434794,212.0035543394111,0,False,DQN,
-3185.5739070773857,2026-01-02__syn,3258.974688380661,186.29979629811376,0,False,DQN,
-2836.9945411760045,2026-01-03__syn,3270.8395519491587,162.96625299614035,0,False,DQN,
-2693.0255790757287,2026-01-04__syn,2678.9351413102704,158.10355747456643,0,False,DQN,
-2910.0715826577225,2026-01-05__syn,2771.343291307705,171.83402584671984,0,False,DQN,
-2541.540476267668,2026-01-06__syn,2284.432601733961,151.16057093730618,0,False,DQN,
-2639.3144071629604,2026-01-07__syn,2434.358017713989,156.4794296691521,0,False,DQN,
-2557.471568870839,2026-01-08__syn,2175.154545650176,153.09686822618784,0,False,DQN,
-2882.530698655359,2026-01-09__syn,2827.64841838305,169.5475258966262,0,False,DQN,
-2208.834751637636,2026-01-10__syn,2445.7054865119617,127.69000621708005,0,False,DQN,
-2504.661497158681,2026-01-11__syn,2299.6547482607575,142.24724420261933,1,False,DQN,
-2735.8424404238444,2026-01-12__syn,2472.6403413641183,162.60837329734335,0,False,DQN,
-2619.1136192258314,2026-01-13__syn,2360.765360059886,155.72145173457633,0,False,DQN,
-2821.2001048100046,2026-01-14__syn,2843.784058170672,165.32973452196828,0,False,DQN,
-3477.840727657955,2026-01-15__syn,3506.257855320465,203.8059856679666,0,False,DQN,
-3053.2685793502906,2026-01-16__syn,3150.3805569891747,178.34819416743932,0,False,DQN,
-2618.0938239091856,2026-01-17__syn,3025.4551904479895,150.33594673702845,0,False,DQN,
-3179.6823169751488,2026-01-18__syn,3137.490218186821,180.5461479670589,1,False,DQN,
-3539.6609554134484,2026-01-19__syn,3784.056744754453,205.7049430695276,0,False,DQN,
-3785.4141485811915,2026-01-20__syn,3999.502932106149,220.3649197818969,0,False,DQN,
-3355.7771392738755,2026-01-21__syn,3560.2300467902774,195.23663557726945,0,False,DQN,
-3540.2138152218477,2026-01-22__syn,3823.8639418455914,205.42334281335843,0,False,DQN,
-4477.011624487841,2026-01-23__syn,5113.57832611191,257.5588150236274,0,False,DQN,
-4047.854337868488,2026-01-24__syn,4576.8780395917265,233.2419315411654,0,False,DQN,
-3319.5006693813975,2026-01-25__syn,3769.302404976763,191.1456253856124,0,False,DQN,
-3779.8426344720374,2026-01-26__syn,4059.1844075598774,219.51603370432346,0,False,DQN,
-3325.83546958395,2026-01-27__syn,3601.9989831935236,192.9063727733818,0,False,DQN,
-3838.8522940693547,2026-01-28__syn,4220.4790261940125,222.15965406173822,0,False,DQN,
-3568.0605290735907,2026-01-29__syn,3686.0290446012996,208.382469581429,0,False,DQN,
-3665.947861968542,2026-01-30__syn,3980.977059479323,212.54870765540153,0,False,DQN,
-2579.63850925215,2026-01-31__syn,2876.1623568027608,148.96660176238794,0,False,DQN,
-3122.6356307977885,2026-02-01__syn,2914.2681548068203,178.5288061244532,1,False,DQN,
-3196.1678343362746,2026-02-02__syn,3460.365202350851,185.3949340036115,0,False,DQN,
-3383.680192535478,2026-02-03__syn,3525.2047388473884,197.37704159158608,0,False,DQN,
-3500.348136433127,2026-02-04__syn,3444.476788155041,205.8007281236348,0,False,DQN,
-3095.6753927216414,2026-02-05__syn,3056.5854558762085,181.92567586776644,0,False,DQN,
-2943.619435125299,2026-02-06__syn,3112.293574438568,171.34294707951136,0,False,DQN,
-3209.441565047539,2026-02-07__syn,3426.4654380233355,186.55104749898257,0,False,DQN,
-3214.799785943676,2026-02-08__syn,2543.7191433660378,182.1891661498673,2,False,DQN,
-3039.1532913529604,2026-02-09__syn,2831.9978010696364,179.95423701497361,0,False,DQN,
-2662.6855955494266,2026-02-10__syn,2421.334956666815,158.14169338329393,0,False,DQN,
-3028.6010766182712,2026-02-11__syn,2942.284354548373,178.3684636048311,0,False,DQN,
-3222.6022325383524,2026-02-12__syn,3213.62678302942,189.1311345716548,0,False,DQN,
-2799.7486055149107,2026-02-13__syn,2437.9803123080064,167.14606453586333,0,False,DQN,
-2340.446169049212,2026-02-14__syn,2243.781882396529,138.07948954410858,0,False,DQN,
-2193.3192095700333,2026-02-15__syn,1740.2202809860469,126.4665419478965,1,False,DQN,
-2369.857327738546,2026-02-16__syn,1903.398351972622,142.76330170012207,0,False,DQN,
-2915.4057159761355,2026-02-17__syn,2701.354707279025,172.7495434068435,0,False,DQN,
-2268.0351734578862,2026-02-18__syn,1522.9762056061952,139.01853525234284,0,False,DQN,
-2823.04246851233,2026-02-19__syn,2407.7340451717296,168.94095887278147,0,False,DQN,
-2805.770382232796,2026-02-20__syn,2851.897621893855,164.23617784036887,0,False,DQN,
-2375.1515615556937,2026-02-21__syn,2743.001404060035,136.39942620456597,0,False,DQN,
-3072.959159710742,2026-02-22__syn,2370.0230941471127,174.14870081723748,2,False,DQN,
-3136.1142015400196,2026-02-23__syn,3082.6513860886294,184.41306901395896,0,False,DQN,
-3173.335621916076,2026-02-24__syn,3148.8401504045314,186.36498692450215,0,False,DQN,
-2821.433317455713,2026-02-25__syn,2712.8840236879714,166.39248230754376,0,False,DQN,
-3027.4538012852536,2026-02-26__syn,2640.51393170793,180.70614196535345,0,False,DQN,
-2538.585703255929,2026-02-27__syn,2104.398397738777,152.40385970181836,0,False,DQN,
-2432.7908544020593,2026-02-28__syn,2240.6304569350423,137.92803418140934,1,False,DQN,
-2634.5873914551908,2026-03-01__syn,2190.334021239423,151.78362870345103,1,False,DQN,
-2863.2892759923943,2026-03-02__syn,2527.016967977323,170.66981598900773,0,False,DQN,
-2731.8335559865063,2026-03-03__syn,2508.9000934052137,162.05103631852538,0,False,DQN,
-2921.189825160358,2026-03-04__syn,2592.252172865244,174.0079709611019,0,False,DQN,
-2638.5033549390346,2026-03-05__syn,2413.551585172179,156.59181098122488,0,False,DQN,
-2517.227567467206,2026-03-06__syn,2241.7413137411913,149.88124065455085,0,False,DQN,
-1977.3599813061685,2026-03-07__syn,2046.090627193476,115.45527373619676,0,False,DQN,
-1704.942426324915,2026-03-08__syn,1513.3333180801649,101.55616187701968,0,False,DQN,
-2171.034272774957,2026-03-09__syn,1623.1613283453603,131.75032755823426,0,False,DQN,
-2640.508257583121,2026-03-10__syn,2348.681668959564,157.24443048719823,0,False,DQN,
-2924.42956798165,2026-03-11__syn,2948.156028757876,171.37672296871366,0,False,DQN,
-2681.9352401662236,2026-03-12__syn,2284.006172887336,160.52363329464956,0,False,DQN,
-2583.6870676873195,2026-03-13__syn,2452.557466708719,152.6253447788182,0,False,DQN,
-2007.8023059868708,2026-03-14__syn,2138.008004844374,116.74942302703639,0,False,DQN,
-2702.824977055026,2026-03-15__syn,2019.809628771699,152.33581565250935,2,False,DQN,
-2943.6053334878366,2026-03-16__syn,2999.5351961381602,172.2440739967505,0,False,DQN,
-3204.126229306514,2026-03-17__syn,3157.166045981437,188.35108691924944,0,False,DQN,
-2789.0902656517765,2026-03-18__syn,2592.514729438506,165.1992332079437,0,False,DQN,
-2831.1933815324937,2026-03-19__syn,2628.7059960247916,167.71657746730125,0,False,DQN,
-2042.664250617462,2026-03-20__syn,1675.558152132369,122.77315149077184,0,False,DQN,
-1457.5117727339855,2026-03-21__syn,1075.1273359771226,88.56643282778205,0,False,DQN,
-1722.1123530325378,2026-03-22__syn,1665.6383634035415,101.48238329494086,0,False,DQN,
-2802.8758497607573,2026-03-23__syn,2204.8069318226644,169.21993452946919,0,False,DQN,
-2578.4947027418743,2026-03-24__syn,2196.5252308524305,154.32744500263885,0,False,DQN,
-2304.7427199832296,2026-03-25__syn,1459.3329876959365,141.97485076398115,0,False,DQN,
-2466.803284518943,2026-03-26__syn,1837.8289815400944,149.7509204489421,0,False,DQN,
-3573.8085337214234,2026-03-27__syn,2785.259678148758,209.6388938614756,1,False,DQN,
-2267.3148808414353,2026-03-28__syn,2116.6189854669055,134.22137350569378,0,False,DQN,
-1786.4650871405374,2026-03-29__syn,1611.1058906727358,106.20882535065395,0,False,DQN,
-2396.491580949281,2026-03-30__syn,1260.9272814199726,149.67868714525895,0,False,DQN,
-2097.007482426274,2026-03-31__syn,1551.166074693283,127.39117023087199,0,False,DQN,
-2567.164274391091,2025-08-01,1326.8744714962777,160.52928918743586,0,False,DQN,
-2580.865066951862,2025-08-01,1411.4520829396006,160.76605446660733,0,False,random_walk,45.0
-455.1405077040589,2025-08-02,229.3769136687897,28.50768520425361,0,False,random_walk,0.0
-167.3191521488398,2025-08-03,224.5894659715971,9.35789441548321,0,False,random_walk,15.0
-2817.482688971517,2025-08-04,1453.0078477577435,176.20811648270583,0,False,random_walk,75.0
-2930.173723242748,2025-08-05,1527.4637313669502,183.12520503191428,0,False,random_walk,60.0
-3067.1847657177914,2025-08-06,1582.9550788172955,191.8153437506477,0,False,random_walk,45.0
-3245.911677626948,2025-08-07,1515.7948844298305,204.2677527663579,0,False,random_walk,30.0
-3347.1365545531744,2025-08-08,1956.8828450259775,207.48737421000382,0,False,random_walk,165.0
-167.3191521488398,2025-08-09,224.5894659715971,9.35789441548321,0,False,random_walk,90.0
-167.3191521488398,2025-08-10,224.5894659715971,9.35789441548321,0,False,random_walk,180.0
-3208.195386663853,2025-08-11,1730.0573833350777,200.03923337757624,0,False,random_walk,45.0
-2823.141764900139,2025-08-12,1482.0232202196266,176.3532652315856,0,False,random_walk,0.0
-3023.7081801676377,2025-08-13,1578.8575429922394,188.94968500057126,0,False,random_walk,75.0
-3066.1792866714645,2025-08-14,1370.6251611021385,193.4469511559472,0,False,random_walk,105.0
-3288.724888221202,2025-08-15,1760.4998703007045,205.16432691900786,0,False,random_walk,105.0
-167.3191521488398,2025-08-16,224.5894659715971,9.35789441548321,0,False,random_walk,60.0
-167.3191521488398,2025-08-17,224.5894659715971,9.35789441548321,0,False,random_walk,75.0
-2456.37082612251,2025-08-18,1334.4883653027032,153.0821481524124,0,False,random_walk,180.0
-2743.6421231891845,2025-08-19,1449.0963491479977,171.31670408609497,0,False,random_walk,45.0
-2708.663668556465,2025-08-20,1433.6581703468107,169.10831254098986,0,False,random_walk,90.0
-2535.102061197902,2025-08-21,1116.2327672828515,160.07694194159734,0,False,random_walk,30.0
-2890.6651894659813,2025-08-22,1507.3007647163665,180.6526065133345,0,False,random_walk,75.0
-167.3191521488398,2025-08-23,224.5894659715971,9.35789441548321,0,False,random_walk,30.0
-896.8810065811314,2025-08-24,512.8115520572203,55.689574688951,0,False,random_walk,90.0
-2257.9125870688604,2025-08-25,1299.5087515838607,136.53317430714642,1,False,random_walk,180.0
-2322.744703706739,2025-08-26,1396.829536017189,143.6750106256451,0,False,random_walk,60.0
-2514.78780824812,2025-08-27,1261.3366437596992,154.22224817686217,1,False,random_walk,60.0
-2591.224444791943,2025-08-28,1219.2686658468888,162.99414699268777,0,False,random_walk,150.0
-2122.289790078743,2025-08-29,1106.5047228497651,129.27962702010777,1,False,random_walk,135.0
-892.5591441836713,2025-08-30,430.39569650039596,56.060777373574915,0,False,random_walk,15.0
-907.9661304955548,2025-08-31,294.2846509291685,42.725419133260836,4,False,random_walk,105.0
-2593.729870236388,2025-09-01,1342.3953797938955,158.7836652943742,1,False,random_walk,75.0
-2630.212325527542,2025-09-02,1365.4358250596686,164.42400176802545,0,False,random_walk,90.0
-2131.068521142519,2025-09-03,1132.1843710922258,129.6716331198155,1,False,random_walk,30.0
-1857.4570804302662,2025-09-04,1279.707054359817,113.59281559380588,0,False,random_walk,135.0
-1970.712875010462,2025-09-05,1074.3471955779203,108.00756486111956,4,False,random_walk,30.0
-1440.2014379165676,2025-09-06,566.3754660231609,60.503648932936514,5,False,random_walk,105.0
-1294.3348899839125,2025-09-07,528.1651361765087,51.48196358476546,5,False,random_walk,75.0
-2363.152826776631,2025-09-08,1253.2471727078173,136.03418506785917,3,False,random_walk,30.0
-2444.825757728745,2025-09-09,1199.7770020602036,149.98716445943953,1,False,random_walk,135.0
-2531.6436288355603,2025-09-10,1254.592778069544,155.36458521643368,1,False,random_walk,165.0
-2537.6202897780977,2025-09-11,1026.241947201825,157.57469537508157,1,False,random_walk,135.0
-2757.97604666272,2025-09-12,1385.4898020574283,172.7811513610552,0,False,random_walk,45.0
-167.3191521488398,2025-09-13,224.5894659715971,9.35789441548321,0,False,random_walk,105.0
-167.3191521488398,2025-09-14,224.5894659715971,9.35789441548321,0,False,random_walk,30.0
-2977.880136039467,2025-09-15,1507.5165165008832,186.46521027062406,0,False,random_walk,150.0
-2977.2134443511172,2025-09-16,1486.5968076360134,186.58812182898637,0,False,random_walk,15.0
-3005.6521598016384,2025-09-17,1510.1387284753387,188.29570082563984,0,False,random_walk,15.0
-3053.1907285845778,2025-09-18,1309.7627239342112,193.06794678083148,0,False,random_walk,105.0
-2743.115874304531,2025-09-19,1380.5314920610326,171.83013968381383,0,False,random_walk,60.0
-551.6952317751296,2025-09-20,327.97197438201124,34.15590632328588,0,False,random_walk,165.0
-727.2400302081642,2025-09-21,308.8393677936783,46.011953738194855,0,False,random_walk,90.0
-2332.92666561238,2025-09-22,1213.2681716901004,145.82229900063786,0,False,random_walk,105.0
-2328.6277502300168,2025-09-23,1211.8695803855767,145.54689337224985,0,False,random_walk,135.0
-2049.935813059389,2025-09-24,1347.3444308375324,125.88363209059236,0,False,random_walk,60.0
-2492.184482127416,2025-09-25,975.8651987441735,151.10209076732122,2,False,random_walk,75.0
-2707.457006876814,2025-09-26,1358.5171881556207,169.62899628654262,0,False,random_walk,165.0
-167.3191521488398,2025-09-27,224.5894659715971,9.35789441548321,0,False,random_walk,90.0
-648.4474473167725,2025-09-28,227.57411338481631,21.29648406835998,5,False,random_walk,120.0
-2877.7091712553884,2025-09-29,1398.0664466643782,180.66274651037753,0,False,random_walk,90.0
-2826.3691961705786,2025-09-30,1404.490768197423,177.18868693245918,0,False,random_walk,135.0
-2491.9833310707354,2025-10-01,1209.2375885412666,152.89720182076528,1,False,random_walk,75.0
-2635.5306246993773,2025-10-02,1137.0086629808732,166.60597234277816,0,False,random_walk,75.0
-2895.8708782923227,2025-10-03,1459.0824034486836,181.38539932523204,0,False,random_walk,165.0
-454.88748547285786,2025-10-04,275.2794293374401,28.123596930157667,0,False,random_walk,45.0
-167.3191521488398,2025-10-05,224.5894659715971,9.35789441548321,0,False,random_walk,90.0
-1858.2225331792088,2025-10-06,1130.0018507026898,111.50567549695214,1,False,random_walk,15.0
-2100.616694035651,2025-10-07,1405.3571354970632,128.79825585173356,0,False,random_walk,90.0
-2194.1344886493225,2025-10-08,1302.602775880177,107.37827675318788,5,False,random_walk,45.0
-2256.2517679243074,2025-10-09,1142.5439422642064,111.467400940846,5,False,random_walk,45.0
-2317.0380859468305,2025-10-10,1235.9720495080337,121.75998592153056,5,False,random_walk,0.0
-1769.1240510905577,2025-10-11,692.5202169045544,76.17965906411952,5,False,random_walk,90.0
-1569.5115528813385,2025-10-12,678.2527074820358,98.87474853223294,0,False,random_walk,105.0
-1800.0097486735883,2025-10-13,1414.6245548865772,108.68365347247995,0,False,random_walk,90.0
-2323.5381182192887,2025-10-14,1186.0941627634302,118.66850247969718,5,False,random_walk,105.0
-2520.1985775340568,2025-10-15,1720.1903560591563,131.90536065442558,5,False,random_walk,135.0
-2092.7382011628656,2025-10-16,980.2906176051754,105.64349004713416,5,False,random_walk,30.0
-2191.274286040643,2025-10-17,1073.1843836212088,130.31780060435256,2,False,random_walk,105.0
-687.561267913914,2025-10-18,271.46302989049656,36.28309450932085,2,False,random_walk,0.0
-1294.2553153453823,2025-10-19,1296.3411981736745,72.5199478898226,1,False,random_walk,60.0
-2230.254774693543,2025-10-20,1467.1595722736788,108.073810141535,5,False,random_walk,105.0
-2113.2629168866974,2025-10-21,1968.4061423867572,123.80361198668577,0,False,random_walk,90.0
-2559.478707595457,2025-10-22,1881.4430350387527,155.58036955938712,0,False,random_walk,75.0
-2441.6780358491483,2025-10-23,1914.5223684902771,139.72007833700061,2,False,random_walk,165.0
-2674.4457591882647,2025-10-24,2102.8477091686436,140.4085258239453,5,False,random_walk,105.0
-2428.9594505735,2025-10-25,1353.284351568361,119.22362121998852,5,False,random_walk,120.0
-1506.163301871141,2025-10-26,1329.6765534468245,88.7734743638348,0,False,random_walk,120.0
-2326.202318185251,2025-10-27,1646.8126532815766,141.90565331943077,0,False,random_walk,135.0
-2396.138524168901,2025-10-28,1875.1006672544906,124.58691492508765,5,False,random_walk,135.0
-2422.25138658404,2025-10-29,1785.943466818172,142.13712571148673,1,False,random_walk,15.0
-2326.827603356223,2025-10-30,1716.630504195019,141.38879619018806,0,False,random_walk,105.0
-2830.45749930306,2025-10-31,1668.1967656949928,136.64466761463788,5,False,random_walk,120.0
-2163.6533813516376,2025-11-01,1871.1694170101246,129.27420342069485,0,False,random_walk,0.0
-2493.0174602868474,2025-11-02,1765.1724401967233,151.4131178308827,0,False,random_walk,120.0
-2537.4318326719267,2025-11-03,1490.1379681270896,157.24101843311172,0,False,random_walk,135.0
-2435.185831214451,2025-11-04,1820.648232763283,147.78053621885712,0,False,random_walk,15.0
-2194.220863345191,2025-11-05,1926.484839688862,130.8695121721685,0,False,random_walk,90.0
-3155.179696978686,2025-11-06,1813.8725550643194,166.25493354414428,5,False,random_walk,45.0
-2430.713242269245,2025-11-07,1748.926781955785,135.45617196192586,3,False,random_walk,150.0
-2270.2308735570186,2025-11-08,1752.952540601109,107.9854651780815,5,False,random_walk,60.0
-2593.790643416588,2025-11-09,1821.2173728601324,117.41566996087585,5,False,random_walk,150.0
-3797.6192768852598,2025-11-10,2662.087378971919,200.33870760026556,5,False,random_walk,0.0
-3266.695463947127,2025-11-11,2347.2933475633245,165.00629703185933,5,False,random_walk,105.0
-2443.730519777523,2025-11-12,1938.222138036812,147.4095908808737,0,False,random_walk,105.0
-3006.3937184467964,2025-11-13,1578.5283267631528,148.24755613665448,5,False,random_walk,30.0
-2372.865877431823,2025-11-14,1646.3418656629024,133.15678987491114,3,False,random_walk,90.0
-1437.8219204825875,2025-11-15,808.4304146031307,79.19955281936123,2,False,random_walk,45.0
-1890.355657469024,2025-11-16,1737.5702316243865,94.8225404312213,4,False,random_walk,150.0
-2708.6491691738433,2025-11-17,2425.48621907862,161.17272152562728,0,False,random_walk,30.0
-3273.828398893611,2025-11-18,2277.220157080412,164.24758040735625,5,False,random_walk,135.0
-3579.3986577793785,2025-11-19,1850.708942320522,177.2207438125699,5,False,random_walk,105.0
-2304.6030850480756,2025-11-20,2178.8759356815785,136.20919818441908,0,False,random_walk,75.0
-2578.4209721179927,2025-11-21,2312.7037804551805,128.82143699129193,5,False,random_walk,105.0
-2123.3195313607216,2025-11-22,2205.944889216636,120.31989445261203,1,False,random_walk,120.0
-1873.6761894036968,2025-11-23,1682.5862415098788,92.72865123541355,4,False,random_walk,30.0
-2780.7428612917247,2025-11-24,1924.995272352708,169.98289524062665,0,False,random_walk,15.0
-2716.2257861185817,2025-11-25,2176.082215880981,139.0961515587196,5,False,random_walk,150.0
-2568.4709687866193,2025-11-26,2730.65440306937,149.386162694553,0,False,random_walk,135.0
-3224.5103590214458,2025-11-27,3024.371146412567,167.5211957870778,5,False,random_walk,15.0
-3772.5031230631507,2025-11-28,2444.585542673597,187.43610469874855,5,False,random_walk,105.0
-2330.096372725418,2025-11-29,2201.154038016989,127.69352722006049,2,False,random_walk,60.0
-3007.0906828659386,2025-11-30,2287.4329372896277,182.17324869274557,0,False,random_walk,165.0
-3853.401490195278,2025-12-01,3350.6301153324175,199.14754839359475,5,False,random_walk,60.0
-4152.998626781582,2025-12-02,2880.9996238955314,215.26266497055065,5,False,random_walk,15.0
-3758.771900785123,2025-12-03,2619.3745507746507,183.69575688431857,5,False,random_walk,75.0
-3984.6684968141576,2025-12-04,3915.560154083002,221.58114535331808,3,False,random_walk,30.0
-3902.5947678965395,2025-12-05,2943.428672924774,197.25072175068803,5,False,random_walk,45.0
-3106.269695353862,2025-12-06,2413.993617946468,153.84176146115215,5,False,random_walk,0.0
-3608.4983567769477,2025-12-07,2892.6421057813386,182.71130336509492,5,False,random_walk,135.0
-4198.5240201206,2025-12-08,3765.8510523466484,224.44916572074027,5,False,random_walk,0.0
-3132.5951243298114,2025-12-09,2758.874521703735,174.42618694260304,3,False,random_walk,60.0
-3804.5683160587514,2025-12-10,2370.145594066322,190.21334339472423,5,False,random_walk,165.0
-3304.0857470674987,2025-12-11,3219.0155675697797,168.3985554883129,5,False,random_walk,45.0
-4297.322097701019,2025-12-12,3337.7514078929694,228.53184085679777,5,False,random_walk,0.0
-3946.8955406681835,2025-12-13,3295.517602385121,235.76222855879794,0,False,random_walk,30.0
-4222.354691865661,2025-12-14,3600.7864393610093,252.684021276156,0,False,random_walk,0.0
-3438.2106515007813,2025-12-15,3592.0803533887974,200.47740060627504,0,False,random_walk,150.0
-4251.148466764123,2025-12-16,2672.5948475601335,216.81674223848168,5,False,random_walk,180.0
-2627.744011011329,2025-12-17,2515.5325721767545,153.3920068233412,0,False,random_walk,90.0
-3120.865570475453,2025-12-18,2948.879654296717,165.36684196765572,5,False,random_walk,105.0
-3483.2803500723544,2025-12-19,3555.519834501849,188.42393668012332,4,False,random_walk,45.0
-2692.3907376815714,2025-12-20,2374.0637716181336,160.50020567249302,0,False,random_walk,165.0
-2983.8295472899595,2025-12-21,2702.796589166369,172.9681081022984,1,False,random_walk,30.0
-4040.446438052735,2025-12-22,2364.6060351016913,210.43181921430966,5,False,random_walk,0.0
-3391.7994104599493,2025-12-23,2351.501527755051,173.6124125635905,5,False,random_walk,0.0
-3542.3504980844564,2025-12-24,2291.8705111858726,176.41973606201933,5,False,random_walk,30.0
-2654.6204641478594,2025-12-25,2311.6713180716615,156.1479937319507,0,False,random_walk,120.0
-2815.9780100324324,2025-12-26,2642.033546621821,166.26226562918757,0,False,random_walk,150.0
-2059.573855076798,2025-12-27,2076.7684946240324,117.35665491823391,1,False,random_walk,105.0
-2556.9891337143654,2025-12-28,2198.421867727593,130.04311387013658,4,False,random_walk,105.0
-3134.9468538029287,2025-12-29,3095.1637105174013,182.23514723605604,0,False,random_walk,120.0
-3498.7972441533084,2025-12-30,3752.379790383762,203.23411128715045,0,False,random_walk,120.0
-3969.9405575708734,2025-12-31,2833.0537615330923,200.8158700071274,5,False,random_walk,75.0
-3651.8529042370383,2026-01-01,3764.383173926287,190.4891530866681,5,False,random_walk,45.0
-3352.478834033458,2026-01-02,3285.0020016656654,195.88523958890522,0,False,random_walk,60.0
-2787.647586829309,2026-01-03,3001.889385647625,149.51641791278783,3,False,random_walk,120.0
-3537.707799556746,2026-01-04,2628.637747883558,214.81808465404796,0,False,random_walk,90.0
-3450.389596788029,2026-01-05,2352.2378127366846,170.24280457595532,5,False,random_walk,120.0
-3329.9306848935025,2026-01-06,2074.4957701481944,164.46861688640323,5,False,random_walk,180.0
-3776.199379159093,2026-01-07,2451.7705624886116,193.40141590115994,5,False,random_walk,135.0
-2800.153994980726,2026-01-08,2402.163408516125,164.11158750824976,1,False,random_walk,165.0
-2992.9988100361297,2026-01-09,2279.2741095572446,181.2990611259507,0,False,random_walk,150.0
-2780.3756546639274,2026-01-10,2103.7335632447516,134.07214243402316,5,False,random_walk,0.0
-2562.17166794443,2026-01-11,2245.927866083328,140.57642197004725,2,False,random_walk,15.0
-2717.280240900631,2026-01-12,2751.879406714491,159.1369808063261,0,False,random_walk,15.0
-2801.498800583,2026-01-13,2200.021979793274,168.8330775338538,0,False,random_walk,105.0
-3088.537211597385,2026-01-14,3458.9581329915472,178.23081570922662,0,False,random_walk,60.0
-3201.010059972392,2026-01-15,2848.0931922463824,190.61592512685507,0,False,random_walk,165.0
-3785.650740402643,2026-01-16,2590.628914493049,192.1808817680229,5,False,random_walk,60.0
-3573.6176380781712,2026-01-17,3124.56281251513,213.24467337175705,0,False,random_walk,30.0
-3197.982810666219,2026-01-18,3424.9898293659135,185.7989354094873,0,False,random_walk,30.0
-4279.7362737341955,2026-01-19,4198.767612880962,229.10831917535486,5,False,random_walk,165.0
-4168.030524375271,2026-01-20,3655.340452447317,211.7731939496658,5,False,random_walk,120.0
-4233.78020450455,2026-01-21,2936.864760624951,215.46913805946795,5,False,random_walk,15.0
-3635.4629938993257,2026-01-22,3619.283577796617,196.3679390251137,4,False,random_walk,150.0
-4515.006876894682,2026-01-23,4454.332940040179,265.365794939324,0,False,random_walk,165.0
-4097.72591868097,2026-01-24,4228.217994412884,215.72522855191184,5,False,random_walk,60.0
-3645.288978849596,2026-01-25,3912.8030699548317,191.30189309469282,5,False,random_walk,90.0
-3841.9824932536885,2026-01-26,4041.893512983854,223.79701811304173,0,False,random_walk,75.0
-3827.5492299856933,2026-01-27,3499.7120068514114,193.75846902816565,5,False,random_walk,120.0
-3873.9477782674094,2026-01-28,3719.347882476085,196.66515657309435,5,False,random_walk,105.0
-3868.197273465151,2026-01-29,3877.862650934876,226.85691702353105,0,False,random_walk,45.0
-4144.843351299573,2026-01-30,3837.6095181640553,234.40380205670414,2,False,random_walk,15.0
-3198.0989278114853,2026-01-31,2577.6102099313043,192.58571350798192,0,False,random_walk,30.0
-3605.803921316063,2026-02-01,2794.8557780692013,176.82337689170987,5,False,random_walk,150.0
-3975.2503548945742,2026-02-02,2922.1058809093884,203.82044275773296,5,False,random_walk,30.0
-3570.8353106572076,2026-02-03,3546.4086531909215,209.35108481828647,0,False,random_walk,75.0
-4340.015502263561,2026-02-04,3475.0340698903487,259.8674275917813,0,False,random_walk,0.0
-3381.053415045034,2026-02-05,2864.132133736839,200.82383726644088,0,False,random_walk,150.0
-2665.890885992317,2026-02-06,2604.8898942478454,156.55360657883838,0,False,random_walk,45.0
-2950.600613449261,2026-02-07,3089.822605878653,171.32146004958815,0,False,random_walk,15.0
-2628.0331790158566,2026-02-08,2706.0391159747423,137.11013628296163,4,False,random_walk,165.0
-3390.451867188307,2026-02-09,2928.9610067649824,192.22345232057216,2,False,random_walk,180.0
-3509.335209898593,2026-02-10,2145.154032112363,176.42744919472108,5,False,random_walk,150.0
-3663.5021083354322,2026-02-11,2669.686199138803,190.07191457394805,5,False,random_walk,15.0
-3403.384050219496,2026-02-12,2411.781341088111,196.79200931802336,2,False,random_walk,120.0
-3079.1279339320045,2026-02-13,2313.5670066295543,177.7879610390726,2,False,random_walk,120.0
-2390.741725307683,2026-02-14,1645.9446192435091,107.97856725523982,5,False,random_walk,120.0
-1934.8869874793215,2026-02-15,1655.9610714616333,115.74477726026171,0,False,random_walk,105.0
-2222.0287387525022,2026-02-16,1786.9800246328964,133.83940905310365,0,False,random_walk,15.0
-2935.7513596081785,2026-02-17,2044.9599961660606,175.3480264413431,1,False,random_walk,15.0
-2148.0381994604586,2026-02-18,1818.1771821039767,115.98151724509826,3,False,random_walk,15.0
-2743.120192853868,2026-02-19,2133.9100330248502,139.30489731049,5,False,random_walk,165.0
-2859.2775680496734,2026-02-20,2511.627843569341,170.52548178809016,0,False,random_walk,15.0
-2624.471088393195,2026-02-21,2578.5366409965422,128.31491463008,5,False,random_walk,60.0
-3104.8137905141252,2026-02-22,2421.7037347493333,148.1874401798228,5,False,random_walk,120.0
-3627.838535288683,2026-02-23,2781.4035148972553,182.1850735890696,5,False,random_walk,90.0
-2934.7129434042063,2026-02-24,2893.129088204445,172.50249685464487,0,False,random_walk,90.0
-3553.0379033103986,2026-02-25,2773.2947605371596,210.24152655547843,1,False,random_walk,90.0
-3398.584651928877,2026-02-26,2380.49833399628,207.52832345662156,0,False,random_walk,30.0
-2748.592242833469,2026-02-27,1998.0085388996536,135.80623769131597,5,False,random_walk,75.0
-2937.4268456144673,2026-02-28,2505.0280872791113,144.12292072031113,5,False,random_walk,75.0
-2758.7310239852422,2026-03-01,2334.4661471010154,154.8805864227071,2,False,random_walk,120.0
-3123.3522265606653,2026-03-02,2577.649223419123,185.60228798335802,0,False,random_walk,135.0
-2795.405598833587,2026-03-03,2289.525518635888,168.04416910648536,0,False,random_walk,105.0
-3066.9030866774397,2026-03-04,2007.2930599770189,188.40186129867982,0,False,random_walk,15.0
-3084.799906901508,2026-03-05,2179.776381740109,178.25137983433711,2,False,random_walk,45.0
-2343.55137756431,2026-03-06,2115.9292633730765,139.3093243973027,0,False,random_walk,120.0
-1439.1075090920683,2026-03-07,1377.7346612015876,82.58528998319186,0,False,random_walk,180.0
-2157.705887643727,2026-03-08,1537.1555178731078,131.5498150332636,0,False,random_walk,75.0
-1962.7749630317821,2026-03-09,1558.445809626512,118.38409772510671,0,False,random_walk,90.0
-2848.166226953733,2026-03-10,1587.8771605825568,138.22213714109566,5,False,random_walk,120.0
-3277.519712921408,2026-03-11,2405.184689322592,165.57073574244507,5,False,random_walk,45.0
-2572.8860956859658,2026-03-12,2013.015529118627,155.4216154794487,0,False,random_walk,60.0
-2478.6624015251728,2026-03-13,2385.789678772445,145.15784267149863,0,False,random_walk,105.0
-2718.994773823807,2026-03-14,1808.9407397803564,124.95052493490057,5,False,random_walk,15.0
-2904.6689452563933,2026-03-15,2450.9342008955305,144.21953267220528,5,False,random_walk,105.0
-3909.5921229229048,2026-03-16,2641.7649126244387,214.27180333351538,4,False,random_walk,90.0
-3797.291097973896,2026-03-17,3235.7759100640233,217.5514318469062,2,False,random_walk,135.0
-2986.315694722094,2026-03-18,2646.2665571393213,177.91758052435839,0,False,random_walk,120.0
-2631.756470341617,2026-03-19,2134.241386964559,131.96986303277794,5,False,random_walk,150.0
-2385.81085119565,2026-03-20,1238.1383620250429,142.9801266778522,1,False,random_walk,105.0
-2112.23478428477,2026-03-21,1077.0389478528032,132.1993407028289,0,False,random_walk,30.0
-2207.3932293316093,2026-03-22,1572.626785906295,100.04477989700774,5,False,random_walk,75.0
-2884.4932748017527,2026-03-23,2531.7424981579315,172.04561166818672,0,False,random_walk,15.0
-2505.4590744878383,2026-03-24,1973.952842374547,149.90564889352618,0,False,random_walk,165.0
-2246.021412271756,2026-03-25,1686.2141630246224,112.55455093666285,5,False,random_walk,150.0
-2511.48381574862,2026-03-26,1685.0888478979941,153.28487693339073,0,False,random_walk,135.0
-2762.1307824397663,2026-03-27,2370.329685159564,165.17941468137457,0,False,random_walk,150.0
-2283.1344279977593,2026-03-28,1807.1895529106355,119.01583305593707,4,False,random_walk,75.0
-1958.0022876533626,2026-03-29,998.6985675766125,106.22936245225931,3,False,random_walk,30.0
-2514.332025788684,2026-03-30,1292.846257656065,134.18012786217838,5,False,random_walk,0.0
-2009.0541376735655,2026-03-31,1388.9198687825003,122.82558356131103,0,False,random_walk,135.0
-2525.181028499202,2026-04-01,2106.3311500370864,151.49475269965012,0,False,random_walk,180.0
-2779.9921189480083,2026-04-02,2297.0818210839816,166.2894866945287,0,False,random_walk,30.0
-2577.3315592921113,2026-04-03,2275.350446831807,153.61930037815299,0,False,random_walk,150.0
-2131.479210765024,2026-04-04,1579.4712842270237,129.4628437771854,0,False,random_walk,60.0
-1846.3774338233618,2026-04-05,1483.6499197824405,83.69734456184378,5,False,random_walk,15.0
-2543.7881912643847,2026-04-06,2283.972333422431,143.52473264086552,2,False,random_walk,30.0
-2946.3602989582846,2026-04-07,2053.6474553969683,179.6615069540432,0,False,random_walk,15.0
-2532.03696371011,2026-04-08,1161.2167962674062,121.34473335388574,5,False,random_walk,30.0
-2422.7025694015315,2026-04-09,1268.4400470603182,123.84375964238167,5,False,random_walk,30.0
-2603.0319559948935,2026-04-10,1618.4777578482558,152.15167926491588,2,False,random_walk,180.0
-1927.4177614903278,2026-04-11,1311.6961082887537,118.00094856637848,0,False,random_walk,45.0
-1283.553478146521,2026-04-12,503.02767709660606,76.77020995063911,1,False,random_walk,60.0
-2077.2491493107623,2026-04-13,1162.8211146044423,129.18070770388195,0,False,random_walk,45.0
-2325.057325342212,2026-04-14,1279.9619849796672,144.76412580964345,0,False,random_walk,75.0
-2042.1785850242672,2026-04-15,988.945831604555,113.62093311863087,4,False,random_walk,0.0
-2175.774925237358,2026-04-16,1151.283419612532,135.84139432559027,0,False,random_walk,30.0
-2370.810324583182,2026-04-17,1419.3427413078086,146.69927970841633,0,False,random_walk,0.0
-1622.9749514348755,2026-04-18,1729.2115373022934,90.92576127040309,1,False,random_walk,135.0
-1916.5074053012045,2026-04-19,1511.069785466088,102.69566636090872,3,False,random_walk,150.0
-3006.354750761072,2026-04-20,1526.1183563147697,158.1794679712781,5,False,random_walk,105.0
-2237.022065660514,2026-04-21,1477.6263858547436,137.31379329052965,0,False,random_walk,150.0
-2199.3583193013187,2026-04-22,1299.0675980562617,136.23134716897115,0,False,random_walk,45.0
-2476.6732194087613,2026-04-23,1031.9265314321535,153.28923174150626,1,False,random_walk,30.0
-1913.2124873855405,2026-04-24,1052.1769293531434,111.90249118958337,2,False,random_walk,165.0
-1622.918567590316,2026-04-25,628.1280215711001,65.2900440411967,5,False,random_walk,15.0
-1753.111501607442,2026-04-26,821.8100014299996,110.2996200957228,0,False,random_walk,45.0
-1856.1354112555905,2026-04-27,1190.8234698853762,113.88243965795637,0,False,random_walk,165.0
-1896.36582791842,2026-04-28,1256.7576683476682,116.37032718111332,0,False,random_walk,15.0
-2577.228375852654,2026-04-29,2097.8874066096314,133.60896887166467,5,False,random_walk,30.0
-2136.812201533147,2026-04-30,2057.3850749030116,125.99506616965238,0,False,random_walk,135.0
-2575.676391287658,2026-05-01,1769.0419400902795,127.72477121517488,5,False,random_walk,60.0
-1734.4330579460088,2026-05-02,1201.6127106764352,75.54766238386794,5,False,random_walk,90.0
-1674.7057854077107,2026-05-03,726.0288023433037,105.8388219417676,0,False,random_walk,45.0
-2394.01359337559,2026-05-04,1449.2483947369021,144.51048480565817,1,False,random_walk,0.0
-1775.5148928461927,2026-05-05,1216.6671576577987,107.63432226181712,0,False,random_walk,135.0
-2214.6529536270336,2026-05-06,1832.153268138683,132.98630409669278,0,False,random_walk,45.0
-2671.638482852322,2026-05-07,1506.943864825006,161.45727937450843,1,False,random_walk,105.0
-1992.454134752933,2026-05-08,1347.2228582269743,122.05249278437975,0,False,random_walk,60.0
-1179.4343154100743,2026-05-09,651.9494311931841,48.70402103961311,5,False,random_walk,180.0
-2099.780707899857,2026-05-10,908.8878127953146,132.71427802429463,0,False,random_walk,75.0
-2335.6868702522506,2026-05-11,1492.4996664641646,143.7724606851034,0,False,random_walk,120.0
-2046.3023192368748,2026-05-12,1463.4083175066685,124.71288807573832,0,False,random_walk,60.0
-2166.1698339917107,2026-05-13,1155.2964714303328,131.06236004516836,1,False,random_walk,150.0
-2072.339030610639,2026-05-14,1156.600023195047,128.90313518848222,0,False,random_walk,165.0
-2448.426860857975,2026-05-15,1351.687892591214,152.41495424980198,0,False,random_walk,90.0
-523.8865529816884,2026-05-16,307.9594604142269,32.46209451546541,0,False,random_walk,30.0
-1300.2381678089691,2026-05-17,734.5387728484145,80.80623433781062,0,False,random_walk,120.0
-2703.833977909929,2026-05-18,1400.55519342754,169.05115697990828,0,False,random_walk,105.0
-2021.4742069101335,2026-05-19,1171.4399737837887,125.39342733707193,0,False,random_walk,120.0
-2008.3354165162918,2026-05-20,1062.1722182059607,112.82776195438187,3,False,random_walk,45.0
-2138.7061099969255,2026-05-21,1427.28680195763,105.04231463808384,5,False,random_walk,120.0
-2070.017361036631,2026-05-22,975.247661718051,105.41552232865443,5,False,random_walk,120.0
-1051.6269220662302,2026-05-23,373.8241481661606,67.11786828575273,0,False,random_walk,105.0
-644.8563925256544,2026-05-24,351.8849769781318,40.17534635255191,0,False,random_walk,105.0
-2540.7713061388754,2026-05-25,1302.3520512607238,158.9659373325059,0,False,random_walk,60.0
-3110.7007223471774,2026-05-26,1652.1217194164492,194.1630744011469,0,False,random_walk,75.0
-2963.727844535552,2026-05-27,1542.6927272460146,185.240314484402,0,False,random_walk,15.0
-2471.0192797870623,2026-05-28,1067.1066085676632,156.19776578392953,0,False,random_walk,150.0
-2669.727633415867,2026-05-29,1394.5048469471308,166.8258034521474,0,False,random_walk,60.0
-733.0529619756122,2026-05-30,431.8077346694794,31.419195883342674,4,False,random_walk,120.0
-780.3180387043586,2026-05-31,297.1205237786841,49.644238390061105,0,False,random_walk,30.0
-1492.0706030716506,2026-06-01,522.1153524537316,91.8641733660893,1,False,random_walk,60.0
-1609.2201147864055,2026-06-02,585.6306356541346,99.22106682149685,1,False,random_walk,30.0
-1752.0135998444102,2026-06-03,616.9089100844924,108.50131358866827,1,False,random_walk,60.0
-1936.5918621074613,2026-06-04,653.8326031754175,123.87546331509408,0,False,random_walk,30.0
-859.4880423287042,2026-06-05,267.1922031788198,55.16166519648305,0,False,random_walk,90.0
-348.29586994269084,2026-06-06,157.26762460174405,21.9615836660321,0,False,random_walk,45.0
-31.051724907305776,2026-06-07,41.68016766081313,1.73667365253388,0,False,random_walk,15.0
-1494.8425634930225,2026-06-08,547.9480287017468,95.27258666992086,0,False,random_walk,30.0
-2213.213210789721,2026-06-09,941.5823058368023,140.014888939287,0,False,random_walk,75.0
-2160.0795485538097,2026-06-10,842.9654535411727,137.26157960859126,0,False,random_walk,60.0
-1394.025698865846,2026-06-11,496.84847458796116,88.96025879435271,0,False,random_walk,120.0
-928.2832348062663,2026-06-12,358.17337046151033,59.02016202339234,0,False,random_walk,180.0
-299.1645422975627,2026-06-13,46.139795361915205,19.575184456942193,0,False,random_walk,15.0
-524.455672883243,2026-06-14,332.5871823138517,25.031262226327033,2,False,random_walk,150.0
-1544.5297451055096,2026-06-15,613.849432768176,94.6637710427469,1,False,random_walk,105.0
-1304.9486624686522,2026-06-16,573.2583602566956,82.41051061585658,0,False,random_walk,120.0
-1261.9483464721354,2026-06-17,706.0767399179429,78.48127584546549,0,False,random_walk,105.0
-1244.6478037226418,2026-06-18,459.4502614579013,79.30091815651292,0,False,random_walk,90.0
-890.8157908533044,2026-06-19,254.63111723612525,46.86346560137229,3,False,random_walk,150.0
-132.42430833036437,2026-06-20,41.68016766081313,1.73667365253388,2,False,random_walk,150.0
-918.672820562975,2026-06-21,279.08262466390534,35.021377323462154,5,False,random_walk,120.0
-1492.7607563122826,2026-06-22,635.5310771051556,94.43313513731093,0,False,random_walk,90.0
-1584.9255778187267,2026-06-23,584.7798623660625,100.9834662889866,0,False,random_walk,165.0
-1094.0379640853992,2026-06-24,462.71374931979665,69.23415427780157,0,False,random_walk,135.0
-1618.6089369682475,2026-06-25,569.8025744037145,103.34884186932011,0,False,random_walk,90.0
-697.8311617340015,2026-06-26,302.90201906018535,37.16168428562512,2,False,random_walk,0.0
-771.533959894407,2026-06-27,128.09065736866728,50.410872067344464,0,False,random_walk,150.0
-371.4037143725073,2026-06-28,57.367273156684824,24.30130943958034,0,False,random_walk,165.0
-2543.4323582800694,2026-06-29,1210.7489037989803,159.87616598827944,0,False,random_walk,60.0
-2487.1493213493886,2026-06-30,1093.602711898575,157.06113306143732,0,False,random_walk,150.0
-2633.613736812169,2026-07-01,1239.934508911981,165.65477304951543,0,False,random_walk,150.0
-2252.737357457321,2026-07-02,861.3641924866004,143.29157695726195,0,False,random_walk,180.0
-1728.4601155515645,2025-11-01__syn,1861.016850341476,94.56431989924755,1,False,random_walk,45.0
-2355.0715857329783,2025-11-02__syn,1778.8574408633365,142.77391285529185,0,False,random_walk,150.0
-2587.1914656450094,2025-11-03__syn,1291.3765581081675,131.39492794650985,5,False,random_walk,0.0
-2465.1227464142826,2025-11-04__syn,1896.4923569225746,149.16957757223824,0,False,random_walk,165.0
-2669.291415971601,2025-11-05__syn,1493.6559428084283,132.37393374342696,5,False,random_walk,45.0
-2656.8670584281226,2025-11-06__syn,1791.0421477637897,162.7961333797645,0,False,random_walk,135.0
-2165.35118773071,2025-11-07__syn,1525.8715120390211,112.32076349124864,5,False,random_walk,150.0
-1689.3304393742533,2025-11-08__syn,1790.6845438157454,98.29655294109092,0,False,random_walk,135.0
-2861.9919061157107,2025-11-09__syn,2091.653090171688,134.3600210982629,5,False,random_walk,75.0
-3040.750381343897,2025-11-10__syn,2891.4641827486657,178.58497862760382,0,False,random_walk,90.0
-3132.280749032856,2025-11-11__syn,2793.0857824160885,164.0405194075507,5,False,random_walk,90.0
-2223.7436091261693,2025-11-12__syn,2039.5805146854286,130.26626315759452,0,False,random_walk,60.0
-2922.2327532240724,2025-11-13__syn,2515.217670290611,172.69377551927994,0,False,random_walk,150.0
-2979.3259087629863,2025-11-14__syn,1442.5235250727153,161.24567230371034,4,False,random_walk,15.0
-1519.23693385376,2025-11-15__syn,1017.2767459572066,93.14424828925968,0,False,random_walk,180.0
-2371.8679306632202,2025-11-16__syn,1988.8867466396675,142.21343473776403,0,False,random_walk,30.0
-2938.5975240086186,2025-11-17__syn,2171.293814822582,178.53615108199392,0,False,random_walk,105.0
-2570.179007992568,2025-11-18__syn,2693.589327350075,142.60296937157443,2,False,random_walk,45.0
-3157.1003174762845,2025-11-19__syn,2579.1290272056876,166.81101946728143,5,False,random_walk,30.0
-2329.6873311963386,2025-11-20__syn,1932.17211181989,139.85511185186346,0,False,random_walk,75.0
-2789.9269691156264,2025-11-21__syn,2358.742317136895,145.15094147379796,5,False,random_walk,90.0
-2409.685505770202,2025-11-22__syn,1486.2812399212671,112.33697307717331,5,False,random_walk,180.0
-2054.6817619044214,2025-11-23__syn,1590.2724697574524,115.36737013739224,2,False,random_walk,120.0
-3027.5802759663884,2025-11-24__syn,1997.358215177389,177.57701293053805,2,False,random_walk,165.0
-2879.7615494762404,2025-11-25__syn,1516.5451012867695,143.7865570769701,5,False,random_walk,45.0
-2546.4603704001793,2025-11-26__syn,2856.04200033231,145.5823553573535,0,False,random_walk,60.0
-3141.6932377543494,2025-11-27__syn,3043.4499946413275,159.35485325465004,5,False,random_walk,15.0
-3866.916273653356,2025-11-28__syn,2779.702416935689,199.11181745195594,5,False,random_walk,30.0
-3060.734437255019,2025-11-29__syn,2322.212164209307,143.52470802868027,5,False,random_walk,30.0
-2723.4980339951576,2025-11-30__syn,2222.7008573163475,130.70834829582924,5,False,random_walk,90.0
-3647.1977873185224,2025-12-01__syn,3243.6728029227215,215.5304700645197,0,False,random_walk,150.0
-4180.431067898653,2025-12-02__syn,3093.522987753244,215.1574724855456,5,False,random_walk,15.0
-3508.596315329198,2025-12-03__syn,3001.0707797607597,177.9748062051127,5,False,random_walk,45.0
-4210.984757767762,2025-12-04__syn,3320.444659463568,218.60990313458638,5,False,random_walk,60.0
-4036.5876622184683,2025-12-05__syn,2901.4040258923496,215.00938183622668,5,False,random_walk,60.0
-2684.079276001753,2025-12-06__syn,2232.6973059714737,161.0770399523451,0,False,random_walk,60.0
-3334.717282072243,2025-12-07__syn,3054.6084335535734,182.00930065747835,3,False,random_walk,105.0
-3741.5926619251113,2025-12-08__syn,3538.392513535264,212.0889447487408,2,False,random_walk,60.0
-3033.8287031408045,2025-12-09__syn,2703.921011506928,167.8341220910874,3,False,random_walk,120.0
-3193.6341768062257,2025-12-10__syn,2473.332244952795,188.78228210288276,1,False,random_walk,120.0
-3423.8958792013223,2025-12-11__syn,3508.2786772803474,200.19349586184538,0,False,random_walk,90.0
-3536.725596382038,2025-12-12__syn,3174.20223575052,208.7214218727984,0,False,random_walk,150.0
-3570.218658322696,2025-12-13__syn,3420.45615835319,183.65756167680627,5,False,random_walk,60.0
-3348.7478544092914,2025-12-14__syn,3298.144778201038,184.3837121140269,2,False,random_walk,15.0
-3798.5394721674215,2025-12-15__syn,3623.1524194328877,224.25074545569834,0,False,random_walk,180.0
-3389.7583911382067,2025-12-16__syn,3080.90217725878,201.33667532447686,0,False,random_walk,15.0
-2482.192996355947,2025-12-17__syn,2253.0444272098694,145.12184433938418,0,False,random_walk,135.0
-2448.61187658321,2025-12-18__syn,2232.0621199191214,145.38429481286101,0,False,random_walk,135.0
-3292.04750632709,2025-12-19__syn,2935.3814492168167,194.98678216140482,0,False,random_walk,135.0
-2725.966098471488,2025-12-20__syn,1697.5747751861395,130.15092786343712,5,False,random_walk,150.0
-2705.158068291806,2025-12-21__syn,2642.9701648874525,155.84600995208706,1,False,random_walk,165.0
-3022.002085169624,2025-12-22__syn,3001.688125545671,175.78663400694288,0,False,random_walk,60.0
-2756.152153326129,2025-12-23__syn,2584.8311291434284,140.1503621731085,5,False,random_walk,90.0
-3262.0154063838295,2025-12-24__syn,2080.4064897167787,194.97636246533662,1,False,random_walk,15.0
-3373.529175991245,2025-12-25__syn,2634.6970273223014,172.36080460935727,5,False,random_walk,15.0
-3657.9980783967135,2025-12-26__syn,2278.7158320494063,189.68456605827706,5,False,random_walk,30.0
-2943.360693259831,2025-12-27__syn,1921.0762875147595,180.85543591720398,0,False,random_walk,0.0
-2400.758196439543,2025-12-28__syn,2173.7538328476476,117.52941075143714,5,False,random_walk,15.0
-3865.18012390236,2025-12-29__syn,3791.176070347953,201.3867691863102,5,False,random_walk,75.0
-4030.063106409016,2025-12-30__syn,3634.463169998505,214.6762008567644,5,False,random_walk,45.0
-3090.0430261844886,2025-12-31__syn,3291.3723951678144,160.10214992180715,5,False,random_walk,105.0
-4018.0005147296383,2026-01-01__syn,4209.3477884123395,232.52525200801048,0,False,random_walk,75.0
-3033.7877843481883,2026-01-02__syn,3177.4134959000257,176.16654432267902,0,False,random_walk,15.0
-3231.8335419629866,2026-01-03__syn,2646.558727596702,152.10935994189845,5,False,random_walk,135.0
-2668.3486320865236,2026-01-04__syn,2577.3936693208507,140.66879231609295,4,False,random_walk,90.0
-3183.8903719092737,2026-01-05__syn,2588.497661636604,172.60203474138567,4,False,random_walk,135.0
-2537.856153293087,2026-01-06__syn,2031.465484458017,152.938686343875,0,False,random_walk,90.0
-3185.176562155836,2026-01-07__syn,2466.270260215768,166.97806716376635,5,False,random_walk,45.0
-2715.807041135552,2026-01-08__syn,1931.7393352444844,163.26655472708092,0,False,random_walk,0.0
-3421.2490252019006,2026-01-09__syn,2715.4731835411335,187.09133899418876,4,False,random_walk,60.0
-2246.793979603379,2026-01-10__syn,2464.8406758365563,130.06753990019948,0,False,random_walk,60.0
-2356.001029563402,2026-01-11__syn,2525.776799586336,135.19385424086943,0,False,random_walk,75.0
-2997.7442143597673,2026-01-12__syn,2148.8400359783523,150.02882619493272,5,False,random_walk,30.0
-2576.066494144757,2026-01-13__syn,2254.414208971909,153.7024526045419,0,False,random_walk,15.0
-2749.736584765556,2026-01-14__syn,2681.843368196138,161.86102537213463,0,False,random_walk,120.0
-3752.0404181562317,2026-01-15__syn,3401.814506493388,197.50544134953165,5,False,random_walk,165.0
-3184.1601375182845,2026-01-16__syn,3206.7841381989556,175.1523616093258,3,False,random_walk,165.0
-3008.529081297329,2026-01-17__syn,2425.3981988691085,154.45039572470685,4,False,random_walk,135.0
-3402.6028597944896,2026-01-18__syn,2914.4787418882024,165.87724148580347,5,False,random_walk,60.0
-3597.29423746718,2026-01-19__syn,3830.8552871498937,208.83944020061287,0,False,random_walk,150.0
-3884.738353393668,2026-01-20__syn,3939.9194091805048,225.12986828613384,0,False,random_walk,60.0
-3929.0445395330257,2026-01-21__syn,3307.3437005989485,202.71626190776826,5,False,random_walk,165.0
-3819.5532463904683,2026-01-22__syn,3556.617823195914,195.15954923926748,5,False,random_walk,15.0
-4673.422838240214,2026-01-23__syn,5110.649637985975,257.6606194457279,3,False,random_walk,45.0
-4561.153123213312,2026-01-24__syn,4106.881845877588,271.2218201138668,0,False,random_walk,45.0
-3429.858700548394,2026-01-25__syn,3558.6292284801484,172.6420640374737,5,False,random_walk,60.0
-4134.942566768996,2026-01-26__syn,3836.922487836198,243.30079121524344,0,False,random_walk,105.0
-3351.159721394038,2026-01-27__syn,3469.629006378702,188.14578668760512,2,False,random_walk,30.0
-4601.262725160698,2026-01-28__syn,3625.0558145610667,234.75279377384322,5,False,random_walk,165.0
-3670.8089217933702,2026-01-29__syn,3393.1424290693217,216.24212202033678,0,False,random_walk,135.0
-3758.9093613617283,2026-01-30__syn,3982.2043026910583,198.8907376656312,5,False,random_walk,15.0
-2545.722321138247,2026-01-31__syn,2981.443996945536,145.86326943365216,0,False,random_walk,15.0
-3238.6047044816796,2026-02-01__syn,2755.83479358727,193.8603019500805,0,False,random_walk,105.0
-3209.2115140673664,2026-02-02__syn,3441.2244529802506,186.41763864731575,0,False,random_walk,15.0
-3539.6151135071195,2026-02-03__syn,3663.20035179433,186.79281400219057,5,False,random_walk,150.0
-4106.379694711799,2026-02-04__syn,3155.2734135657456,210.1281790596483,5,False,random_walk,45.0
-3987.6074617660574,2026-02-05__syn,2590.691488209606,232.51029681953744,2,False,random_walk,15.0
-3864.903017762253,2026-02-06__syn,2680.7586488543484,205.53238549011218,5,False,random_walk,105.0
-3631.7743037736504,2026-02-07__syn,3221.6302515158864,216.34524490611625,0,False,random_walk,75.0
-3004.834009417062,2026-02-08__syn,2804.5918386387616,147.38513785283013,5,False,random_walk,120.0
-3333.6998675796694,2026-02-09__syn,2958.480505235548,190.70610299921543,2,False,random_walk,45.0
-3259.6511130783183,2026-02-10__syn,2021.1339851113892,162.22868992893558,5,False,random_walk,165.0
-3347.2987488939943,2026-02-11__syn,2842.2005570652705,199.08231213641076,0,False,random_walk,60.0
-3202.881995755952,2026-02-12__syn,2715.51943757336,191.80131088314326,0,False,random_walk,15.0
-3007.8390679159347,2026-02-13__syn,2577.018509641026,179.90645645060076,0,False,random_walk,15.0
-3207.092579039972,2026-02-14__syn,1712.345229004987,154.8650851500873,5,False,random_walk,120.0
-2243.4942175550264,2026-02-15__syn,1842.05157868065,108.70207480151753,5,False,random_walk,45.0
-2873.3275029824895,2026-02-16__syn,1453.6597281131753,179.25922237392723,0,False,random_walk,60.0
-2821.3214494816475,2026-02-17__syn,2719.401218670806,166.3328868827434,0,False,random_walk,75.0
-2225.1279815566936,2026-02-18__syn,1851.9509551615233,122.64435859702348,3,False,random_walk,45.0
-3183.522141953175,2026-02-19__syn,2021.7466667942165,161.84664994121155,5,False,random_walk,150.0
-3013.908699487127,2026-02-20__syn,2756.154857066821,178.87800777594057,0,False,random_walk,120.0
-2743.8942683921987,2026-02-21__syn,2646.559145375692,161.75381139647436,0,False,random_walk,150.0
-2509.4629654667483,2026-02-22__syn,2751.5142796871482,141.24955487800307,1,False,random_walk,150.0
-3277.8691638592254,2026-02-23__syn,3098.931291177732,192.06649392785985,0,False,random_walk,165.0
-3504.033320356597,2026-02-24__syn,2828.112381773695,179.1859991897454,5,False,random_walk,45.0
-2609.075216968602,2026-02-25__syn,2298.448537672759,155.55075949652473,0,False,random_walk,135.0
-3923.6318662534177,2026-02-26__syn,2224.5282002891,215.1817572307429,4,False,random_walk,15.0
-2547.0182850921447,2026-02-27__syn,1717.1450790241156,155.06405837395005,0,False,random_walk,120.0
-2134.8323013280556,2026-02-28__syn,2331.998140357076,123.33283496568043,0,False,random_walk,60.0
-2582.1359328451904,2026-03-01__syn,2328.8313503124286,126.9748255677351,5,False,random_walk,60.0
-3543.251633718886,2026-03-02__syn,2153.4486732281625,196.12306174603867,4,False,random_walk,45.0
-2986.3031970579505,2026-03-03__syn,2228.566427571687,149.10534227368316,5,False,random_walk,60.0
-2889.933684742702,2026-03-04__syn,2137.2784260347144,173.56401824123577,0,False,random_walk,75.0
-3240.8959797473112,2026-03-05__syn,2091.842954003907,161.08532504962162,5,False,random_walk,120.0
-2401.214937600312,2026-03-06__syn,2024.2786112464516,143.8867669500492,0,False,random_walk,165.0
-2029.4438249517193,2026-03-07__syn,1815.0903749389886,105.41295620474978,3,False,random_walk,120.0
-2121.775510756806,2026-03-08__syn,1203.8163785647932,131.82116968860205,0,False,random_walk,120.0
-2311.109052659858,2026-03-09__syn,1310.336455642234,116.32920723111428,5,False,random_walk,105.0
-2567.207169776902,2026-03-10__syn,2029.0999892913778,154.91434473746247,0,False,random_walk,45.0
-3801.6951267224053,2026-03-11__syn,2510.3536535920557,194.16233727817234,5,False,random_walk,15.0
-2525.150784189671,2026-03-12__syn,2107.1435380444755,149.4862373082889,0,False,random_walk,30.0
-3036.7938722007325,2026-03-13__syn,2031.4303349581317,169.20232027652872,3,False,random_walk,60.0
-2774.3369435769728,2026-03-14__syn,1783.8253772768912,170.68519322024974,0,False,random_walk,135.0
-2875.6001575198293,2026-03-15__syn,2186.3895022477263,137.6254820698979,5,False,random_walk,105.0
-3069.014646108078,2026-03-16__syn,3005.9125339742786,178.55367613541097,0,False,random_walk,30.0
-3634.000519674018,2026-03-17__syn,2961.1462576553376,214.2866434788048,1,False,random_walk,180.0
-3595.072598528149,2026-03-18__syn,2091.9930531572786,190.92148349535069,5,False,random_walk,75.0
-3336.011701869936,2026-03-19__syn,2456.4104192186805,185.82013602867795,3,False,random_walk,45.0
-2180.574567905075,2026-03-20__syn,1199.920817182707,107.13229338381406,5,False,random_walk,30.0
-2175.3678275297766,2026-03-21__syn,1007.073524561519,136.96793363882628,0,False,random_walk,60.0
-2228.1451487242443,2026-03-22__syn,1685.6246614878496,106.29868104422133,5,False,random_walk,90.0
-2843.5335312678153,2026-03-23__syn,1914.3257415129024,164.57483609770958,2,False,random_walk,90.0
-2710.051762444214,2026-03-24__syn,2101.655306826073,137.71197947456832,5,False,random_walk,150.0
-2299.1551010526414,2026-03-25__syn,1200.8626396296195,107.58305543805723,5,False,random_walk,75.0
-2510.0727835892876,2026-03-26__syn,1821.7725572804961,136.39546056739474,3,False,random_walk,0.0
-3063.9123428568314,2026-03-27__syn,2924.0589916203453,154.89996196984856,5,False,random_walk,120.0
-2380.97727844606,2026-03-28__syn,1935.4251207191005,118.2111815437867,5,False,random_walk,30.0
-2042.6770200579444,2026-03-29__syn,1399.0750978934866,92.36556898192607,5,False,random_walk,90.0
-2632.3167745132127,2026-03-30__syn,1227.6059904060517,149.04550117529,4,False,random_walk,120.0
-2231.9509962892957,2026-03-31__syn,1615.3980880731372,112.73765622139086,5,False,random_walk,105.0
-2566.9793792276582,2025-08-01,1325.0961536133036,160.5311893862708,0,False,heuristic,0.0
-167.3191521488398,2025-08-02,224.5894659715971,9.35789441548321,0,False,heuristic,0.0
-167.3191521488398,2025-08-03,224.5894659715971,9.35789441548321,0,False,heuristic,0.0
-2817.482688971517,2025-08-04,1453.0078477577435,176.20811648270583,0,False,heuristic,0.0
-2930.173723242748,2025-08-05,1527.4637313669502,183.12520503191428,0,False,heuristic,0.0
-3067.1847657177914,2025-08-06,1582.9550788172955,191.8153437506477,0,False,heuristic,0.0
-3245.911677626948,2025-08-07,1515.7948844298305,204.2677527663579,0,False,heuristic,0.0
-3347.1365545531744,2025-08-08,1956.8828450259775,207.48737421000382,0,False,heuristic,0.0
-167.3191521488398,2025-08-09,224.5894659715971,9.35789441548321,0,False,heuristic,0.0
-167.3191521488398,2025-08-10,224.5894659715971,9.35789441548321,0,False,heuristic,0.0
-3208.195386663853,2025-08-11,1730.0573833350777,200.03923337757624,0,False,heuristic,0.0
-2823.141764900139,2025-08-12,1482.0232202196266,176.3532652315856,0,False,heuristic,0.0
-3023.7081801676377,2025-08-13,1578.8575429922394,188.94968500057126,0,False,heuristic,0.0
-3066.1792866714645,2025-08-14,1370.6251611021385,193.4469511559472,0,False,heuristic,0.0
-3288.724888221202,2025-08-15,1760.4998703007045,205.16432691900786,0,False,heuristic,0.0
-167.3191521488398,2025-08-16,224.5894659715971,9.35789441548321,0,False,heuristic,0.0
-167.3191521488398,2025-08-17,224.5894659715971,9.35789441548321,0,False,heuristic,0.0
-2456.37082612251,2025-08-18,1334.4883653027032,153.0821481524124,0,False,heuristic,0.0
-2743.6421231891845,2025-08-19,1449.0963491479977,171.31670408609497,0,False,heuristic,0.0
-2708.663668556465,2025-08-20,1433.6581703468107,169.10831254098986,0,False,heuristic,0.0
-2535.3978837357404,2025-08-21,1117.6417828373558,160.08539131968385,0,False,heuristic,0.0
-2888.7245284402075,2025-08-22,1499.3824346694746,180.58657575199138,0,False,heuristic,0.0
-167.3191521488398,2025-08-23,224.5894659715971,9.35789441548321,0,False,heuristic,0.0
-740.0463569794596,2025-08-24,287.0955550595945,43.17071757065134,1,False,heuristic,0.0
-2239.669904252235,2025-08-25,1235.8719948500682,135.74736094083423,1,False,heuristic,0.0
-2331.046152617886,2025-08-26,1273.5451472785617,141.6087570133413,1,False,heuristic,0.0
-2522.3996615384244,2025-08-27,1307.205024062829,154.36869266246848,1,False,heuristic,0.0
-2577.8794918278522,2025-08-28,1134.302241387698,162.7842148574219,0,False,heuristic,0.0
-2162.0660890714503,2025-08-29,1230.267110691369,130.4084721038585,1,False,heuristic,0.0
-718.4917222917059,2025-08-30,290.32171961784945,41.80892125665351,1,False,heuristic,0.0
-891.6874702419312,2025-08-31,302.12225769704435,52.956730288298345,1,False,heuristic,0.0
-2590.0570874976065,2025-09-01,1321.0472824630879,158.7155802597168,1,False,heuristic,0.0
-2617.3920676813023,2025-09-02,1324.0807364190173,163.9001586207347,0,False,heuristic,0.0
-2137.0922128808006,2025-09-03,1146.5241301710082,129.95849449640403,1,False,heuristic,0.0
-2147.234574988953,2025-09-04,1138.8336735306216,129.37325882583897,1,False,heuristic,0.0
-2011.035051979032,2025-09-05,1226.545768021247,120.1568787629144,1,False,heuristic,0.0
-1306.7187635700152,2025-09-06,799.7160091199653,75.88360304390477,1,False,heuristic,0.0
-1322.3380504599272,2025-09-07,750.422616217953,77.31924488878526,1,False,heuristic,0.0
-2271.401706529903,2025-09-08,1301.3825618616065,136.68471679911792,1,False,heuristic,0.0
-2452.5934926520144,2025-09-09,1247.755816229047,150.1310304649485,1,False,heuristic,0.0
-2535.364486106257,2025-09-10,1265.1072433402956,155.53053039313326,1,False,heuristic,0.0
-2546.9564952060127,2025-09-11,1081.9684070083333,157.76073965358583,1,False,heuristic,0.0
-2749.1342857266873,2025-09-12,1350.3730148802179,172.47263492940408,0,False,heuristic,0.0
-167.3191521488398,2025-09-13,224.5894659715971,9.35789441548321,0,False,heuristic,0.0
-167.3191521488398,2025-09-14,224.5894659715971,9.35789441548321,0,False,heuristic,0.0
-2977.880136039467,2025-09-15,1507.5165165008832,186.46521027062406,0,False,heuristic,0.0
-2977.269431252444,2025-09-16,1486.714929876222,186.59090931115315,0,False,heuristic,0.0
-3005.6521598016384,2025-09-17,1510.1387284753387,188.29570082563984,0,False,heuristic,0.0
-3053.1907285845778,2025-09-18,1309.7627239342112,193.06794678083148,0,False,heuristic,0.0
-2743.7197314710997,2025-09-19,1382.7491056087342,171.8526559198701,0,False,heuristic,0.0
-503.66908585362046,2025-09-20,249.50136240081974,31.58192815770147,0,False,heuristic,0.0
-611.2104032539709,2025-09-21,242.79512708297256,35.34326647751238,1,False,heuristic,0.0
-2332.7689583117076,2025-09-22,1209.9412998040812,145.83840015568117,0,False,heuristic,0.0
-2372.610885214983,2025-09-23,1175.9489436531965,145.418368282274,1,False,heuristic,0.0
-2058.7190677923486,2025-09-24,1188.5833407399316,124.31686092571506,1,False,heuristic,0.0
-2459.286110402889,2025-09-25,1076.2940467880157,151.5728621522639,1,False,heuristic,0.0
-2708.3142959186443,2025-09-26,1361.2481194468774,169.66430143900126,0,False,heuristic,0.0
-356.2166620900581,2025-09-27,227.73147378831732,21.925925682364,0,False,heuristic,0.0
-965.2411902242633,2025-09-28,308.31048142727036,57.692810322186766,1,False,heuristic,0.0
-1000000.0,2025-09-29,,,0,True,heuristic,0.0
-2827.4123765873665,2025-09-30,1407.9219246437688,177.23078304200763,0,False,heuristic,0.0
-2497.253166817998,2025-10-01,1226.7088842889061,153.11118005509584,1,False,heuristic,0.0
-2617.1618314030497,2025-10-02,1074.3970191377593,165.8822792737679,0,False,heuristic,0.0
-2891.9784991588863,2025-10-03,1434.9417169151145,181.31903287527152,0,False,heuristic,0.0
-454.88748547285786,2025-10-04,275.2794293374401,28.123596930157667,0,False,heuristic,0.0
-447.49562187462925,2025-10-05,229.24975322585175,27.999043432501804,0,False,heuristic,0.0
-1865.4499234488724,2025-10-06,1161.3079797074506,111.72235839745714,1,False,heuristic,0.0
-2152.3846749583086,2025-10-07,1260.8148447880012,129.0210180743785,1,False,heuristic,0.0
-2173.884249782183,2025-10-08,1575.9788739248797,132.3177856607465,0,False,heuristic,60.0
-2185.474347064045,2025-10-09,1426.3369003520525,134.28759460145326,0,False,heuristic,60.0
-2157.6708958072513,2025-10-10,1348.8456337630184,128.35022489692665,1,False,heuristic,0.0
-1282.9735501597554,2025-10-11,908.0587960334815,78.26709964238252,0,False,heuristic,60.0
-1364.0433683050167,2025-10-12,863.5765291576846,79.19440857547293,1,False,heuristic,0.0
-2113.1742663390755,2025-10-13,1340.1370197443796,125.751457436039,1,False,heuristic,0.0
-2251.915997357425,2025-10-14,1498.4375828188568,133.3148306005751,1,False,heuristic,0.0
-2301.4796103021736,2025-10-15,1686.6536751126364,135.10846546029907,1,False,heuristic,0.0
-2187.584823864358,2025-10-16,1303.6030701480045,130.59501140319696,1,False,heuristic,0.0
-2157.1398513053537,2025-10-17,1181.8770281692323,130.59328178477247,1,False,heuristic,0.0
-672.4690007335925,2025-10-18,283.7930704825185,38.8272985218649,1,False,heuristic,0.0
-1460.7308119357197,2025-10-19,1172.9552840138044,83.16525210526768,1,False,heuristic,0.0
-2248.3880902641795,2025-10-20,1582.2030589918909,137.23491487901015,0,False,heuristic,60.0
-2455.74554163321,2025-10-21,1905.2632143051765,143.64106685580776,1,False,heuristic,0.0
-2536.9888857478063,2025-10-22,2006.1636702948897,148.25010255449237,1,False,heuristic,0.0
-2448.112859651646,2025-10-23,1966.4123742697602,147.4762249826183,0,False,heuristic,60.0
-2797.39712383228,2025-10-24,1822.7256196397739,168.4451578591294,1,False,heuristic,120.0
-1907.0416529351626,2025-10-25,1535.9658400614715,111.38112112929691,1,False,heuristic,120.0
-1483.5303613534936,2025-10-26,1310.6611652402387,88.416734768311,0,False,heuristic,60.0
-2317.5822603191605,2025-10-27,1788.2259576475867,140.19967636009667,0,False,heuristic,60.0
-2353.4238911001044,2025-10-28,1820.7081506546965,142.32926086810272,0,False,heuristic,60.0
-2304.2117133819283,2025-10-29,1789.1706605273814,139.30074894124286,0,False,heuristic,60.0
-2451.377792220787,2025-10-30,1862.8031273657398,148.52276112912654,0,False,heuristic,60.0
-2456.7332497491698,2025-10-31,2021.9390928149048,147.6067039074254,0,False,heuristic,60.0
-1742.9876392878678,2025-11-01,1871.5045155385271,101.2271398282163,0,False,heuristic,60.0
-2068.5542964143797,2025-11-02,1595.3144239893322,121.67589140736477,1,False,heuristic,180.0
-2353.685128031607,2025-11-03,1798.2959700849967,142.5259741080938,0,False,heuristic,60.0
-2432.606737763825,2025-11-04,1783.7468466987234,147.90380774399856,0,False,heuristic,60.0
-2449.849948067353,2025-11-05,1764.304422176037,144.3756930013615,1,False,heuristic,0.0
-2904.010762798721,2025-11-06,1747.008236135011,176.15737985600953,1,False,heuristic,120.0
-2352.6985099024987,2025-11-07,1672.1083707058597,138.63647701391898,1,False,heuristic,0.0
-1832.8553423550281,2025-11-08,2031.5495737276765,105.93795956718047,0,False,heuristic,60.0
-2193.921155935728,2025-11-09,2088.526329712987,126.08749602349917,1,False,heuristic,180.0
-3290.832633258294,2025-11-10,2520.4497201058484,195.633528197837,1,False,heuristic,180.0
-3047.0065369813497,2025-11-11,2296.421902408014,181.29871012317454,1,False,heuristic,180.0
-2504.7326605055864,2025-11-12,2001.85640241658,150.96732614770644,0,False,heuristic,60.0
-2854.728317376182,2025-11-13,1808.5139523463038,172.3803493225555,1,False,heuristic,120.0
-2428.9429100780744,2025-11-14,1676.6392541776963,148.5164133051167,0,False,heuristic,60.0
-1282.4418102068498,2025-11-15,988.5721325416141,72.75428949447259,1,False,heuristic,0.0
-1954.1485825679429,2025-11-16,1513.6401790515251,114.70345520057705,1,False,heuristic,120.0
-3010.5822369478205,2025-11-17,2087.1000843947163,180.54566512547296,1,False,heuristic,180.0
-2703.0972932064715,2025-11-18,2615.0139331012138,159.28637474895504,0,False,heuristic,60.0
-3084.862017477698,2025-11-19,2300.296347800945,183.7907359758989,1,False,heuristic,180.0
-2526.636769815017,2025-11-20,2132.060708822715,151.38596565041942,0,False,heuristic,60.0
-2923.216487656777,2025-11-21,2122.516123177045,174.43393000714136,1,False,heuristic,120.0
-2211.7520789970526,2025-11-22,1829.854515469719,129.34510419001145,1,False,heuristic,180.0
-1742.7066431442022,2025-11-23,1730.0981874535983,102.33965737665136,0,False,heuristic,60.0
-2670.799213197562,2025-11-24,2306.093360284218,159.60453399756372,0,False,heuristic,60.0
-2728.2866000454233,2025-11-25,2165.104827736195,159.73181373291462,1,False,heuristic,0.0
-3037.227140188156,2025-11-26,2562.1182685230697,178.52404993728516,1,False,heuristic,180.0
-3221.445943541144,2025-11-27,2699.8816767917488,189.6983649184373,1,False,heuristic,180.0
-3347.942066254294,2025-11-28,2726.6546462130405,197.79087723536693,1,False,heuristic,180.0
-2375.925911282315,2025-11-29,2380.266889200312,135.88608886434352,1,False,heuristic,180.0
-2408.851643943921,2025-11-30,2271.432724399239,138.95251863423377,1,False,heuristic,180.0
-3833.1359195747386,2025-12-01,3243.0929745631947,225.99864048605386,1,False,heuristic,180.0
-3565.667059244883,2025-12-02,3056.844081870699,209.66266250133617,1,False,heuristic,180.0
-3313.815039735197,2025-12-03,2907.4491418009093,194.07005858340776,1,False,heuristic,180.0
-3997.2905591198924,2025-12-04,3498.6779054614426,234.89297573778637,1,False,heuristic,180.0
-3567.5980493458965,2025-12-05,2982.687039779863,210.3846103115452,1,False,heuristic,180.0
-2457.1809111147295,2025-12-06,2266.846303412479,142.084387182807,1,False,heuristic,180.0
-2954.4839273599478,2025-12-07,2788.3105781509594,171.06377768304705,1,False,heuristic,180.0
-3941.684668613643,2025-12-08,3431.4000424102546,231.72575785686908,1,False,heuristic,180.0
-3312.2916045069774,2025-12-09,2700.430080510088,195.62428320935686,1,False,heuristic,180.0
-3208.3105876846084,2025-12-10,2715.7988205496185,188.69536421184085,1,False,heuristic,180.0
-3615.921360053257,2025-12-11,2994.5779746242715,213.51030934971357,1,False,heuristic,180.0
-3895.168315701649,2025-12-12,3269.506209633461,229.92198174313677,1,False,heuristic,180.0
-3365.209547478029,2025-12-13,3431.692999842006,193.28340445680053,1,False,heuristic,180.0
-3311.208331528676,2025-12-14,3464.1752514537056,189.41467924856167,1,False,heuristic,180.0
-3761.4631843863986,2025-12-15,3346.4459857092143,220.39572351952117,1,False,heuristic,180.0
-3525.336185520016,2025-12-16,2707.0898831797726,209.77190706837754,1,False,heuristic,180.0
-2960.5897551012836,2025-12-17,2278.7606015054216,175.6754495808237,1,False,heuristic,180.0
-2742.186807956362,2025-12-18,2735.7702796985914,160.92629162616873,0,False,heuristic,120.0
-3758.3021173063644,2025-12-19,3215.3631613959724,221.23388318367282,1,False,heuristic,180.0
-2252.6908504940902,2025-12-20,2161.2650798216646,129.2975938853417,1,False,heuristic,180.0
-2770.4562833834243,2025-12-21,2533.049234444503,160.8329089191374,1,False,heuristic,180.0
-3104.174185278612,2025-12-22,2506.9776617777584,183.42495051242162,1,False,heuristic,180.0
-3011.7333718962377,2025-12-23,2300.766472006392,178.90866346403052,1,False,heuristic,180.0
-3152.3446311692155,2025-12-24,2458.830075265573,187.02079064335658,1,False,heuristic,180.0
-3008.056793945012,2025-12-25,2307.5641992224155,178.60927540287506,1,False,heuristic,120.0
-2757.4574616992877,2025-12-26,2579.3924125510202,163.19535814621102,0,False,heuristic,60.0
-1912.505680994108,2025-12-27,2173.5602296459642,110.11189689577282,0,False,heuristic,60.0
-2116.830637144296,2025-12-28,2289.3972211153323,122.80686470736374,0,False,heuristic,60.0
-3486.6555916682637,2025-12-29,3172.7147045116008,203.46870454334862,1,False,heuristic,180.0
-3762.507172178663,2025-12-30,3250.5926445693954,221.23198971976774,1,False,heuristic,180.0
-3254.756542455137,2025-12-31,2943.4166232799216,189.97070453998336,1,False,heuristic,180.0
-3835.5071276292324,2026-01-01,3441.2012700478635,224.57269267201323,1,False,heuristic,180.0
-3726.026537712654,2026-01-02,3262.922873444014,218.7023254059283,1,False,heuristic,180.0
-2763.8629469241537,2026-01-03,2792.289193438356,158.32050250753005,1,False,heuristic,180.0
-2715.621420720184,2026-01-04,2390.345241307884,158.31977812398992,1,False,heuristic,180.0
-3135.1362792006494,2026-01-05,2429.396381809611,186.10900684572331,1,False,heuristic,180.0
-2993.6571899189644,2026-01-06,2327.2415313889614,177.491849776643,1,False,heuristic,120.0
-3068.3799769814404,2026-01-07,2421.4983947295705,181.72293938097962,1,False,heuristic,120.0
-2684.8836960108733,2026-01-08,2249.8715665821587,160.99327386806763,0,False,heuristic,60.0
-2655.4484503412564,2026-01-09,2344.2336724979036,158.27602730943389,0,False,heuristic,120.0
-2215.5878188995894,2026-01-10,2158.769293104674,126.9702360700462,1,False,heuristic,180.0
-2427.3879197003757,2026-01-11,2337.3329104498066,139.5343354079434,1,False,heuristic,180.0
-3126.5330506300575,2026-01-12,2391.8449450207218,185.83607707592418,1,False,heuristic,180.0
-2580.1643011997103,2026-01-13,2177.14303668538,154.59380911983098,0,False,heuristic,60.0
-3368.3659745497566,2026-01-14,2881.481112335923,197.9139076599811,1,False,heuristic,180.0
-3609.381303472711,2026-01-15,2855.7970180459606,214.1843450941615,1,False,heuristic,180.0
-3269.3883629343413,2026-01-16,2649.4300258555395,193.17248742996077,1,False,heuristic,180.0
-2800.320771318834,2026-01-17,2845.5752766639557,160.32444055914988,1,False,heuristic,180.0
-3013.6213937406746,2026-01-18,3037.7150887887715,173.00015955200018,1,False,heuristic,180.0
-4128.7281455406655,2026-01-19,3840.598562203,240.91688832709085,1,False,heuristic,180.0
-4130.642611249772,2026-01-20,3664.0777071782513,242.4546383522417,1,False,heuristic,180.0
-3585.499756258806,2026-01-21,3059.266390873762,210.96539758094158,1,False,heuristic,180.0
-3805.6595208324575,2026-01-22,3366.261136672031,223.1829471367562,1,False,heuristic,180.0
-4525.847641654129,2026-01-23,4466.067721537844,262.37091806853124,1,False,heuristic,180.0
-3630.9994089664992,2026-01-24,3900.3820320238237,207.2339556742732,1,False,heuristic,180.0
-3288.027622203454,2026-01-25,3519.974575151893,187.4253206942922,1,False,heuristic,180.0
-4179.822517933972,2026-01-26,3808.4844956294874,244.57671021137378,1,False,heuristic,180.0
-3810.938065027559,2026-01-27,3503.1948810625645,222.4396812016189,1,False,heuristic,180.0
-4054.9083814556484,2026-01-28,3672.861620411554,237.33922945059896,1,False,heuristic,180.0
-4111.185315219334,2026-01-29,3669.147750070796,241.11782908005813,1,False,heuristic,180.0
-3945.2052768343847,2026-01-30,3539.6629288121603,231.09528378058462,1,False,heuristic,180.0
-2852.906190824036,2026-01-31,2839.872862017468,163.87293763427473,1,False,heuristic,180.0
-2890.0438762313356,2026-02-01,2712.4192669240224,167.36609035343142,1,False,heuristic,180.0
-3411.043673683006,2026-02-02,2941.899966586664,200.27529326090524,1,False,heuristic,180.0
-3727.767938165164,2026-02-03,3206.617026098439,219.26815875200464,1,False,heuristic,180.0
-3954.212267700703,2026-02-04,3297.306246459197,233.6323507554861,1,False,heuristic,180.0
-3427.241744310468,2026-02-05,2734.658767400182,203.01247595747398,1,False,heuristic,180.0
-3124.8440396780084,2026-02-06,2681.3750754403836,183.40749390761815,1,False,heuristic,180.0
-2894.907522108834,2026-02-07,2759.849308443618,167.31079302484065,1,False,heuristic,180.0
-2558.183477541697,2026-02-08,2379.060273404245,147.91756568859583,1,False,heuristic,180.0
-3414.187323046142,2026-02-09,2589.472879478736,203.30367675906118,1,False,heuristic,180.0
-3051.034354654132,2026-02-10,2340.0738795141615,181.21783669711755,1,False,heuristic,180.0
-3310.4688597623062,2026-02-11,2551.230054457674,196.6964852924028,1,False,heuristic,180.0
-3387.5234810282586,2026-02-12,2624.646560608484,201.24531821987208,1,False,heuristic,180.0
-3220.4413604164483,2026-02-13,2263.268326590272,192.99894720328783,1,False,heuristic,180.0
-2248.0852378584577,2026-02-14,1621.2434710065322,133.31031905957266,1,False,heuristic,180.0
-1747.4923991830487,2026-02-15,1716.8270797849225,102.76487664059053,0,False,heuristic,60.0
-2500.3216193497306,2026-02-16,1972.4886874543527,150.9081984570139,0,False,heuristic,60.0
-2690.159859891088,2026-02-17,2217.9396589438943,161.60047338785475,0,False,heuristic,60.0
-2454.1437869268157,2026-02-18,1775.2507256744864,144.57436651381465,1,False,heuristic,0.0
-2997.2720125791875,2026-02-19,1989.2194754343745,180.4404377033476,1,False,heuristic,120.0
-2866.2310974109114,2026-02-20,2816.156165729652,168.5528238348902,0,False,heuristic,180.0
-2482.5579521962254,2026-02-21,2366.953019702793,142.97479749973476,1,False,heuristic,180.0
-2626.7059424833124,2026-02-22,2544.747329556564,151.15947215452724,1,False,heuristic,180.0
-3536.5598500657347,2026-02-23,2868.73946865994,209.2270530949635,1,False,heuristic,180.0
-3379.337891749057,2026-02-24,2630.747934222836,200.65029573422854,1,False,heuristic,180.0
-3314.7981760088596,2026-02-25,2663.0858810955942,196.09010220885256,1,False,heuristic,180.0
-3428.411576763945,2026-02-26,2440.926756243599,205.43986098600337,1,False,heuristic,180.0
-2941.700467156576,2026-02-27,1942.325840251841,177.1073072126724,1,False,heuristic,180.0
-2522.710662933694,2026-02-28,2434.971939287463,145.23416212938602,1,False,heuristic,180.0
-2586.746775730917,2026-03-01,2245.2622218512397,150.89074528018674,1,False,heuristic,180.0
-3279.719954916271,2026-03-02,2341.1941258291167,196.32684545910794,1,False,heuristic,180.0
-2987.7308865438677,2026-03-03,2231.4787245701145,177.8628973759834,1,False,heuristic,180.0
-2965.5831206887187,2026-03-04,1989.0123959814925,178.3259033330745,1,False,heuristic,180.0
-2666.801809351657,2026-03-05,2327.9751663578954,159.1629859592473,0,False,heuristic,60.0
-2500.3629007087,2026-03-06,1962.6312211839718,150.9898102777749,0,False,heuristic,60.0
-1644.245800416358,2026-03-07,1610.7390614023222,91.89729803578575,1,False,heuristic,0.0
-1829.2790527629832,2026-03-08,1201.5356977046279,108.87263876863095,1,False,heuristic,120.0
-2304.391190888215,2026-03-09,1444.9778150189445,137.24061665772788,1,False,heuristic,0.0
-2535.690500492771,2026-03-10,2063.05156660717,152.54162083332739,0,False,heuristic,60.0
-3042.0733557171884,2026-03-11,2434.1892434216,179.86896693125877,1,False,heuristic,120.0
-2972.9364636854125,2026-03-12,2048.991580824062,178.341634113939,1,False,heuristic,180.0
-2674.0047224901973,2026-03-13,2470.083503754071,158.50631346931394,0,False,heuristic,120.0
-2258.525020944207,2026-03-14,2057.191183840432,130.64450819813328,1,False,heuristic,180.0
-2248.976307400506,2026-03-15,2202.9559821238763,128.84236964403658,1,False,heuristic,180.0
-3386.791535524644,2026-03-16,2866.397054172753,199.26230470065295,1,False,heuristic,180.0
-3701.1660593794018,2026-03-17,3092.5168510149347,218.40738808632364,1,False,heuristic,180.0
-3248.6745157262303,2026-03-18,2486.2781792845794,193.0969601090413,1,False,heuristic,180.0
-2800.2821648507534,2026-03-19,1903.610984383116,167.9908474576271,1,False,heuristic,120.0
-2293.367941891139,2026-03-20,1776.5875623481934,138.67849562729037,0,False,heuristic,60.0
-1458.293897359428,2026-03-21,1043.1271197546903,88.87457619925767,0,False,heuristic,60.0
-1800.5613622266721,2026-03-22,1872.13498178236,105.06034429418594,0,False,heuristic,60.0
-2984.8075539625224,2026-03-23,2156.652141155792,178.27197343498108,1,False,heuristic,180.0
-2874.005522125653,2026-03-24,1988.7541262400125,172.2236606537272,1,False,heuristic,120.0
-2337.6945319598744,2026-03-25,1633.6919729072638,142.77676634740018,0,False,heuristic,60.0
-2549.1358898311014,2026-03-26,1871.8914816806082,150.13407776040575,1,False,heuristic,0.0
-3105.261437838177,2026-03-27,2322.8534687347706,184.97008740059565,1,False,heuristic,180.0
-2193.646564641552,2026-03-28,1679.3522426547931,129.2169679870398,1,False,heuristic,180.0
-1575.4847318950947,2026-03-29,1330.6714581644344,94.3869437943575,0,False,heuristic,60.0
-2281.8533732340093,2026-03-30,1387.791233227453,136.19839227194387,1,False,heuristic,0.0
-2171.257445395761,2026-03-31,1614.6522374573908,127.03415126960874,1,False,heuristic,0.0
-2631.0268257944917,2026-04-01,2272.1239506429492,157.22479678115585,0,False,heuristic,60.0
-2887.033004513583,2026-04-02,1980.672016053562,173.1565573342498,1,False,heuristic,120.0
-2517.2017907705717,2026-04-03,2159.677149462473,150.53603552233832,0,False,heuristic,60.0
-1669.6832721815445,2026-04-04,1848.8229043316705,96.52163491078294,0,False,heuristic,60.0
-1777.868563971179,2026-04-05,1281.4893268275214,104.80650261382577,1,False,heuristic,120.0
-2473.3594682849057,2026-04-06,2187.6477604563233,147.3894491353431,0,False,heuristic,60.0
-3011.5299308382587,2026-04-07,2119.7535752306367,180.23206826947938,1,False,heuristic,180.0
-2527.68698525866,2026-04-08,1423.4144620655889,153.6671126167274,1,False,heuristic,120.0
-2304.518415196699,2026-04-09,1456.141427003247,137.1536601142749,1,False,heuristic,0.0
-2520.459399148329,2026-04-10,1883.4100435678893,148.1301775887955,1,False,heuristic,0.0
-1742.6349886696146,2026-04-11,1230.0668873114328,102.86935154936621,1,False,heuristic,120.0
-1196.9319433423495,2026-04-12,759.3371720237964,68.88748861058194,1,False,heuristic,0.0
-2107.012548325751,2026-04-13,1155.1683258674404,127.56529386309856,1,False,heuristic,0.0
-2373.3524503265603,2026-04-14,1239.7658293924533,144.66285567678295,1,False,heuristic,0.0
-1973.13444213377,2026-04-15,1145.0901262423445,118.29410630844565,1,False,heuristic,0.0
-2204.3342942744875,2026-04-16,1064.2991616635425,134.32106007471458,1,False,heuristic,0.0
-2426.3439748929663,2026-04-17,1341.2943255208108,146.57762489917636,1,False,heuristic,0.0
-1527.6732233088478,2026-04-18,1638.787090149061,88.73458483273069,0,False,heuristic,60.0
-1794.612452608948,2026-04-19,1440.5508702300308,104.65032512976444,1,False,heuristic,120.0
-2616.8218474834766,2026-04-20,1689.1961150706502,157.47713117662573,1,False,heuristic,120.0
-2256.012158912552,2026-04-21,1321.61071895245,135.40794284189374,1,False,heuristic,0.0
-2259.2782219698347,2026-04-22,1310.6440387374387,135.6133527916583,1,False,heuristic,0.0
-2491.6479561066967,2026-04-23,1109.3223152347596,153.71520008870937,1,False,heuristic,0.0
-1901.3224433804435,2026-04-24,1132.248862101175,113.87155163398387,1,False,heuristic,0.0
-1440.1748579644616,2026-04-25,1017.529452360304,83.03825932425222,1,False,heuristic,0.0
-1424.3710312792703,2026-04-26,996.8920821256384,82.14976734526076,1,False,heuristic,0.0
-2147.763154069016,2026-04-27,1405.9261139323157,127.14227661442514,1,False,heuristic,0.0
-2231.1382562884082,2026-04-28,1432.0121285152957,132.4653030833752,1,False,heuristic,0.0
-2561.136226080793,2026-04-29,2043.5194155049858,149.56107840181596,1,False,heuristic,0.0
-2598.2209155275236,2026-04-30,1733.06407774125,155.88712490168393,1,False,heuristic,120.0
-2422.2097336154848,2026-05-01,2048.5702632917655,145.09208680136487,0,False,heuristic,60.0
-1571.7942648730982,2026-05-02,1094.7949801519,92.56432505601363,1,False,heuristic,120.0
-1271.062275204386,2026-05-03,865.0722075082199,72.98365089010562,1,False,heuristic,0.0
-2367.3389682688044,2026-05-04,1321.712605144187,143.46692920380295,1,False,heuristic,0.0
-2210.7521413298314,2026-05-05,1531.7896834840235,130.30859404772673,1,False,heuristic,0.0
-2239.883732471583,2026-05-06,1842.7506443205339,134.58357701020793,0,False,heuristic,60.0
-2307.689004680679,2026-05-07,1675.1479688448565,140.44474989461975,0,False,heuristic,60.0
-2050.22897164418,2026-05-08,1448.6310719939058,125.0928828669941,0,False,heuristic,60.0
-1176.7406287166943,2026-05-09,651.1036913832984,68.40809165820954,1,False,heuristic,0.0
-1256.6299916919902,2026-05-10,1088.533788678737,75.06706247003612,0,False,heuristic,60.0
-1976.699802669765,2026-05-11,1532.5438059201715,119.51963639728962,0,False,heuristic,60.0
-2049.858958855083,2026-05-12,1385.6039012133656,125.57243271396527,0,False,heuristic,60.0
-2114.598570945353,2026-05-13,1352.1398430069428,125.58175878707756,1,False,heuristic,0.0
-2084.157221813235,2026-05-14,1189.8603588307938,129.42493191690264,0,False,heuristic,60.0
-2427.3579983127133,2026-05-15,1256.0538189408562,151.77543600265403,0,False,heuristic,0.0
-450.96971723231525,2026-05-16,288.14703766910634,27.75947151413483,0,False,heuristic,0.0
-1252.5853611773339,2026-05-17,606.9462332185865,73.81683212837223,1,False,heuristic,0.0
-2703.833977909929,2026-05-18,1400.55519342754,169.05115697990828,0,False,heuristic,0.0
-2021.567864382085,2026-05-19,1173.7033555562473,125.38156411435568,0,False,heuristic,0.0
-2063.654570761197,2026-05-20,1332.6964766330893,122.5854623317297,1,False,heuristic,0.0
-2255.326701417071,2026-05-21,1599.1390833894916,132.73196853387577,1,False,heuristic,0.0
-2150.3521100298817,2026-05-22,1382.018852676632,127.60424199131796,1,False,heuristic,0.0
-1052.1123224631945,2026-05-23,400.70028100914976,62.5224369961028,1,False,heuristic,0.0
-671.8707529002075,2026-05-24,277.66393138324486,38.84332578945209,1,False,heuristic,0.0
-2540.7713061388754,2026-05-25,1302.3520512607238,158.9659373325059,0,False,heuristic,0.0
-3110.7007223471774,2026-05-26,1652.1217194164492,194.1630744011469,0,False,heuristic,0.0
-2963.727844535552,2026-05-27,1542.6927272460146,185.240314484402,0,False,heuristic,0.0
-2471.6447285203058,2026-05-28,1069.5550702363485,156.21987467279627,0,False,heuristic,0.0
-2660.1358043221767,2026-05-29,1363.5541750406862,166.4339535544863,0,False,heuristic,0.0
-670.0366543990384,2026-05-30,268.81673226268856,38.781153362030906,1,False,heuristic,0.0
-790.5912798411408,2026-05-31,315.64417421402777,46.24777367309307,1,False,heuristic,0.0
-1495.63478505808,2026-06-01,527.9680631046066,92.05496381331093,1,False,heuristic,0.0
-1607.0108366433342,2026-06-02,575.9022715752707,99.1186299888194,1,False,heuristic,0.0
-1754.4533267886713,2026-06-03,621.3946492620672,108.62807613819841,1,False,heuristic,0.0
-1936.5918621074613,2026-06-04,653.8326031754175,123.87546331509408,0,False,heuristic,0.0
-859.4880423287042,2026-06-05,267.1922031788198,55.16166519648305,0,False,heuristic,0.0
-348.29586994269084,2026-06-06,157.26762460174405,21.9615836660321,0,False,heuristic,0.0
-31.051724907305776,2026-06-07,41.68016766081313,1.73667365253388,0,False,heuristic,0.0
-1494.2829239990608,2026-06-08,545.1498075677509,95.25766313939538,0,False,heuristic,0.0
-2213.213210789721,2026-06-09,941.5823058368023,140.014888939287,0,False,heuristic,0.0
-2160.0795485538097,2026-06-10,842.9654535411727,137.26157960859126,0,False,heuristic,0.0
-1394.025698865846,2026-06-11,496.84847458796116,88.96025879435271,0,False,heuristic,0.0
-929.3727400658809,2026-06-12,361.0685719379606,59.06963409555504,0,False,heuristic,0.0
-299.1645422975627,2026-06-13,46.139795361915205,19.575184456942193,0,False,heuristic,0.0
-575.514051299484,2026-06-14,264.1190212439856,32.41543883156075,1,False,heuristic,0.0
-1536.7911059750927,2026-06-15,552.1846833421907,94.62731806534022,1,False,heuristic,0.0
-1278.4267496046155,2026-06-16,493.31561169905126,81.28192508004861,0,False,heuristic,0.0
-1492.119797170131,2026-06-17,722.2332443917105,88.89263230352316,1,False,heuristic,0.0
-1289.4940731790477,2026-06-18,418.2714111614945,78.96179993776957,1,False,heuristic,0.0
-800.7880905984897,2026-06-19,313.6796904643641,47.16377891026141,1,False,heuristic,0.0
-433.32876107891366,2026-06-20,76.94487373524909,24.865193615024673,1,False,heuristic,0.0
-900.2259453581938,2026-06-21,352.43725456163696,52.61061823229298,1,False,heuristic,0.0
-1529.8850797881407,2026-06-22,571.6757280645538,93.5700254790411,1,False,heuristic,0.0
-1583.152622306516,2026-06-23,587.1942853315495,100.84595387111534,0,False,heuristic,0.0
-1143.1161227480238,2026-06-24,441.57416271987006,69.19592375825712,1,False,heuristic,0.0
-1610.301469893073,2026-06-25,543.5186684394458,103.0052819786893,0,False,heuristic,0.0
-699.8181749181006,2026-06-26,250.24055789629332,41.054633035287345,1,False,heuristic,0.0
-305.93074103087406,2026-06-27,52.428769699567454,19.975952577795063,0,False,heuristic,0.0
-31.051724907305776,2026-06-28,41.68016766081313,1.73667365253388,0,False,heuristic,0.0
-2543.4323582800694,2026-06-29,1210.7489037989803,159.87616598827944,0,False,heuristic,0.0
-2487.1493213493886,2026-06-30,1093.602711898575,157.06113306143732,0,False,heuristic,0.0
-2633.613736812169,2026-07-01,1239.934508911981,165.65477304951543,0,False,heuristic,0.0
-2252.737357457321,2026-07-02,861.3641924866004,143.29157695726195,0,False,heuristic,0.0
-1722.034371818215,2025-11-01__syn,1846.746311215336,100.02832096482499,0,False,heuristic,60.0
-2083.4481173270096,2025-11-02__syn,1611.5242605722551,122.53901909612513,1,False,heuristic,180.0
-2426.293415906255,2025-11-03__syn,1671.5634074623617,143.54719246348617,1,False,heuristic,0.0
-2415.8758141390535,2025-11-04__syn,1761.8857182658091,146.96330186314378,0,False,heuristic,60.0
-2525.7563626553333,2025-11-05__syn,1847.094974524207,148.77383035849394,1,False,heuristic,0.0
-2853.3623972137043,2025-11-06__syn,1665.5270599068697,173.4329984303814,1,False,heuristic,120.0
-2180.949162645324,2025-11-07__syn,1425.9089579108136,129.19668914830672,1,False,heuristic,0.0
-1685.0007153246543,2025-11-08__syn,1831.6936550449318,97.67983178128415,0,False,heuristic,60.0
-2293.6720181373753,2025-11-09__syn,2241.497038503226,131.51311170510206,1,False,heuristic,180.0
-3466.984797253773,2025-11-10__syn,2788.264586045056,205.23269487965405,1,False,heuristic,180.0
-3178.113301346066,2025-11-11__syn,2371.882552575067,189.30961241588108,1,False,heuristic,180.0
-2499.1168445130256,2025-11-12__syn,1993.8471462387556,150.65701246429165,0,False,heuristic,60.0
-3185.4122982592453,2025-11-13__syn,2158.4967288739967,191.50201598924977,1,False,heuristic,180.0
-2456.4687550777016,2025-11-14__syn,1709.5128391857231,150.08848095836098,0,False,heuristic,60.0
-1470.236829258252,2025-11-15__syn,1241.950904244531,83.24700650288796,1,False,heuristic,0.0
-2053.4692076270203,2025-11-16__syn,1672.5650068728992,120.05235625022918,1,False,heuristic,120.0
-3130.4990124255405,2025-11-17__syn,2143.645604511228,187.96252913429112,1,False,heuristic,180.0
-2745.349547908028,2025-11-18__syn,2682.8648597750453,161.56038431566816,0,False,heuristic,120.0
-3029.459860876692,2025-11-19__syn,2202.1365992754922,180.88446159764948,1,False,heuristic,120.0
-2572.979844943436,2025-11-20__syn,1906.9417885253224,151.44327817344725,1,False,heuristic,0.0
-2939.4418983244977,2025-11-21__syn,2148.235706059926,175.30978798404888,1,False,heuristic,120.0
-2032.1126423361823,2025-11-22__syn,1546.9046882862801,119.63407659664018,1,False,heuristic,120.0
-2029.832184073544,2025-11-23__syn,1637.6021162193886,118.75663095296015,1,False,heuristic,120.0
-2622.6619357164773,2025-11-24__syn,2231.0933202571714,156.9953824857078,0,False,heuristic,60.0
-2579.5174224750344,2025-11-25__syn,1974.3940178823789,151.33950063675758,1,False,heuristic,0.0
-2816.566844524419,2025-11-26__syn,2776.8487491785418,165.55633297486625,0,False,heuristic,180.0
-3369.026272638538,2025-11-27__syn,2804.1304969786806,198.57648654725998,1,False,heuristic,180.0
-3473.072743115072,2025-11-28__syn,2923.380315318018,204.55780535283728,1,False,heuristic,180.0
-2478.5029667090553,2025-11-29__syn,2415.5982102737116,142.31550688538667,1,False,heuristic,180.0
-2365.1761434505515,2025-11-30__syn,2221.361091829259,136.44161686035275,1,False,heuristic,180.0
-3968.7332485763873,2025-12-01__syn,3455.317141606646,233.33687828155823,1,False,heuristic,180.0
-3592.475800751036,2025-12-02__syn,3098.472121261425,211.11681372135757,1,False,heuristic,180.0
-3335.2726750134525,2025-12-03__syn,2941.3271223650363,195.22929888165305,1,False,heuristic,180.0
-3920.6690551824736,2025-12-04__syn,3378.9154399088143,230.74560462775693,1,False,heuristic,180.0
-3540.4158122682793,2025-12-05__syn,2940.571671258431,208.90945989608542,1,False,heuristic,180.0
-2392.867132142577,2025-12-06__syn,2192.091123866392,138.39520175827167,1,False,heuristic,180.0
-3071.6810272412126,2025-12-07__syn,2923.772153072654,177.79167903311557,1,False,heuristic,180.0
-3957.926884099331,2025-12-08__syn,3456.8241891043226,232.6046207493007,1,False,heuristic,180.0
-3205.08849159241,2025-12-09__syn,2533.6883702631258,189.81296027977635,1,False,heuristic,180.0
-2798.6039008883245,2025-12-10__syn,2634.9620567190605,165.4938969388025,0,False,heuristic,180.0
-3783.4175747136674,2025-12-11__syn,3256.1197651340963,222.58133858716593,1,False,heuristic,180.0
-3691.374970643452,2025-12-12__syn,2949.847534538548,218.8967550570674,1,False,heuristic,180.0
-3116.1258043459748,2025-12-13__syn,3140.053060940452,179.01739882503176,1,False,heuristic,180.0
-3193.9812335878314,2025-12-14__syn,3291.4956270198186,182.9853264774503,1,False,heuristic,180.0
-3723.3536478450906,2025-12-15__syn,3286.7677090142524,218.33320412512106,1,False,heuristic,180.0
-3568.964201682803,2025-12-16__syn,2774.823561961024,212.13826378173832,1,False,heuristic,180.0
-2568.751764238144,2025-12-17__syn,2212.287883956288,153.55181454422598,0,False,heuristic,60.0
-2485.5349425375216,2025-12-18__syn,2321.4892524305105,147.13041548305736,0,False,heuristic,120.0
-3511.1097505461235,2025-12-19__syn,2833.9155662503445,207.80899096362177,1,False,heuristic,180.0
-2034.0902189920093,2025-12-20__syn,1942.876018504283,116.59869279258119,1,False,heuristic,180.0
-2722.2762237814222,2025-12-21__syn,2456.698498104839,158.2326033861602,1,False,heuristic,180.0
-3266.082970225862,2025-12-22__syn,2759.8492802418314,192.19414470042426,1,False,heuristic,180.0
-3011.7333718962377,2025-12-23__syn,2300.766472006392,178.90866346403052,1,False,heuristic,180.0
-3066.3306047474134,2025-12-24__syn,2324.9485659157826,182.35895466394444,1,False,heuristic,180.0
-3194.7016942785344,2025-12-25__syn,2579.1564262730935,188.8816127761241,1,False,heuristic,180.0
-2705.7066472498773,2025-12-26__syn,2495.5572234684023,160.41598536224458,0,False,heuristic,60.0
-1844.6035442209018,2025-12-27__syn,2081.4498656358132,106.32197068964028,0,False,heuristic,60.0
-1997.4567725280845,2025-12-28__syn,2148.4068953919896,115.97652967206972,0,False,heuristic,60.0
-3650.6033829773846,2025-12-29__syn,3430.6377066573828,212.33458597894207,1,False,heuristic,180.0
-3854.614536421094,2025-12-30__syn,3393.3127703935143,226.22903545772238,1,False,heuristic,180.0
-3356.8447325179127,2025-12-31__syn,2977.2158444150255,196.38011036450257,1,False,heuristic,180.0
-3990.758497536449,2026-01-01__syn,3684.862595288856,232.96982222475924,1,False,heuristic,180.0
-3493.8537868162166,2026-01-02__syn,2901.1878389972208,206.12055154521025,1,False,heuristic,180.0
-2826.244701085952,2026-01-03__syn,2892.705227468663,161.67479337392257,1,False,heuristic,180.0
-2673.15992929386,2026-01-04__syn,2323.123558986001,156.0275721599946,1,False,heuristic,180.0
-3167.21698799246,2026-01-05__syn,2478.363579846191,187.85562703025943,1,False,heuristic,180.0
-2584.1909086343694,2026-01-06__syn,2227.2728557410023,154.46121106302996,0,False,heuristic,60.0
-2682.6125375847837,2026-01-07__syn,2375.292578841272,159.83849520825538,0,False,heuristic,60.0
-2600.0515831841712,2026-01-08__syn,2116.896961973932,156.40159651648665,0,False,heuristic,60.0
-3136.8235771066256,2026-01-09__syn,2532.3586154205614,185.39784438301493,1,False,heuristic,180.0
-2208.4003643684155,2026-01-10__syn,2150.4998423207517,126.55726609447622,1,False,heuristic,180.0
-2336.0971299597654,2026-01-11__syn,2193.556458066458,134.59917475158514,1,False,heuristic,180.0
-2979.4724360831356,2026-01-12__syn,2186.1684940502846,177.67484600929635,1,False,heuristic,180.0
-2861.1483345580996,2026-01-13__syn,2067.6548613443406,170.7354194036806,1,False,heuristic,120.0
-3062.135880345345,2026-01-14__syn,2548.678868291786,180.28549817373522,1,False,heuristic,180.0
-3789.2016882030302,2026-01-15__syn,3134.543320251505,223.9391205879447,1,False,heuristic,180.0
-3360.5390397266074,2026-01-16__syn,2791.350297491702,198.11278138150035,1,False,heuristic,180.0
-2678.1607900737963,2026-01-17__syn,2652.917379212179,153.7239870198385,1,False,heuristic,180.0
-3008.2647083703787,2026-01-18__syn,3029.2878598669076,172.71065571034,1,False,heuristic,180.0
-3851.256783582448,2026-01-19__syn,3407.7032060820584,225.8902915683517,1,False,heuristic,180.0
-4103.386704165132,2026-01-20__syn,3621.3805794259933,240.98021594013167,1,False,heuristic,180.0
-3670.888164795719,2026-01-21__syn,3194.398553253878,215.57562191189436,1,False,heuristic,180.0
-3854.9918614208086,2026-01-22__syn,3443.5761437189867,225.8523487158281,1,False,heuristic,180.0
-4683.22291944594,2026-01-23__syn,4712.624263371479,270.88422837463145,1,False,heuristic,180.0
-3855.7333524461055,2026-01-24__syn,4178.056587133373,219.98732666314962,1,False,heuristic,180.0
-3187.3278613080556,2026-01-25__syn,3382.6463073958776,181.8140648023133,1,False,heuristic,180.0
-4097.228518613574,2026-01-26__syn,3679.0386704776474,240.10922957726294,1,False,heuristic,180.0
-3635.4887059313264,2026-01-27__syn,3228.1448963154835,212.94663237033782,1,False,heuristic,180.0
-4158.820850480722,2026-01-28__syn,3836.7022854555407,242.95204064666083,1,False,heuristic,180.0
-3882.6463826590457,2026-01-29__syn,3309.91473261624,228.76380450769068,1,False,heuristic,180.0
-3983.7423095737036,2026-01-30__syn,3600.7546501311435,233.17437338510294,1,False,heuristic,180.0
-2643.508787412136,2026-01-31__syn,2507.678724043177,152.57540096584938,1,False,heuristic,180.0
-2948.956675973707,2026-02-01__syn,2806.2331347075537,170.5410301230125,1,False,heuristic,180.0
-1000000.0,2026-02-02__syn,,,0,True,heuristic,180.0
-3695.329421297583,2026-02-03__syn,3156.074495264719,217.51051913738434,1,False,heuristic,180.0
-3813.674398650024,2026-02-04__syn,3075.7205342957277,226.0399609311973,1,False,heuristic,180.0
-3405.798791608376,2026-02-05__syn,2701.7854809967694,201.84617340227743,1,False,heuristic,180.0
-3205.8027967739577,2026-02-06__syn,2809.218377992024,187.78110751660574,1,False,heuristic,180.0
-3075.6830838502933,2026-02-07__syn,3046.8402641285525,177.06018426770552,1,False,heuristic,180.0
-2747.417103132016,2026-02-08__syn,2677.1836415960815,158.14465035728077,1,False,heuristic,180.0
-3344.346703632687,2026-02-09__syn,2486.714710348281,199.4705015962702,1,False,heuristic,180.0
-2705.60791368243,2026-02-10__syn,2363.4757844486608,161.46605463657272,0,False,heuristic,60.0
-3332.2886904906804,2026-02-11__syn,2585.4918262882343,197.87679788337823,1,False,heuristic,180.0
-3532.883694452554,2026-02-12__syn,2850.8373617094076,209.1252194909121,1,False,heuristic,180.0
-3055.7830183226515,2026-02-13__syn,2139.389840720697,183.13950978505542,1,False,heuristic,180.0
-2420.361007886816,2026-02-14__syn,1893.5903032857425,142.61534028770583,1,False,heuristic,180.0
-2052.628352127934,2026-02-15__syn,1628.1996907307534,120.35138592461931,1,False,heuristic,180.0
-2408.8419839862026,2026-02-16__syn,1841.0923172427142,145.86072706113845,0,False,heuristic,60.0
-3174.23285293133,2026-02-17__syn,2419.3969224135917,188.7949274943831,1,False,heuristic,180.0
-2372.9682699385785,2026-02-18__syn,1707.2102854959314,139.70839651241533,1,False,heuristic,0.0
-3077.828913369558,2026-02-19__syn,2111.9116382280035,184.82846104315882,1,False,heuristic,180.0
-2850.5195655650386,2026-02-20__syn,2790.7657516082263,167.70851169147008,0,False,heuristic,180.0
-2493.119725943603,2026-02-21__syn,2383.5680404857453,143.54590724920678,1,False,heuristic,180.0
-2599.6620451294557,2026-02-22__syn,2502.35940554778,149.69613932577465,1,False,heuristic,180.0
-3442.768830595581,2026-02-23__syn,2723.6042920015325,204.13602246181387,1,False,heuristic,180.0
-3482.3693318227315,2026-02-24__syn,2789.5879987306307,206.24761829484285,1,False,heuristic,180.0
-3077.2002620487983,2026-02-25__syn,2428.032223894914,182.25827157564035,1,False,heuristic,180.0
-3331.7377393456486,2026-02-26__syn,2290.648647394538,200.19809813311872,1,False,heuristic,180.0
-2821.4480121038346,2026-02-27__syn,1752.9003040896,170.60675981846697,1,False,heuristic,120.0
-2314.9747915684666,2026-02-28__syn,2193.322143327612,133.3193383952215,1,False,heuristic,180.0
-2479.038498428622,2026-03-01__syn,2075.764494396015,145.06844076058485,1,False,heuristic,180.0
-3164.2225908086734,2026-03-02__syn,2162.700389079975,190.05628660262363,1,False,heuristic,180.0
-2977.0750481439677,2026-03-03__syn,2215.189961082767,177.28287057806324,1,False,heuristic,180.0
-3222.6973166412613,2026-03-04__syn,2230.6172029538593,193.41043849446797,1,False,heuristic,180.0
-2682.4478423556825,2026-03-05__syn,2352.9180519554725,160.00651174140174,0,False,heuristic,60.0
-2604.231881590719,2026-03-06__syn,2128.013113544063,156.59135386436208,0,False,heuristic,60.0
-1824.697775607389,2026-03-07__syn,1918.622256838956,106.29754031911429,0,False,heuristic,120.0
-1638.5986571950086,2026-03-08__syn,1400.369404464425,98.03695524395184,0,False,heuristic,60.0
-2382.40902084882,2026-03-09__syn,1557.044710595274,141.5376916813304,1,False,heuristic,0.0
-2879.0729730710136,2026-03-10__syn,2056.1571683048114,172.02215150746758,1,False,heuristic,120.0
-3183.2239163999634,2026-03-11__syn,2653.413898201383,187.52235924986206,1,False,heuristic,180.0
-2922.8048372891194,2026-03-12__syn,1991.7439269223948,175.45240029008693,1,False,heuristic,180.0
-2625.8006069820885,2026-03-13__syn,2394.481697345355,155.89752022004308,0,False,heuristic,60.0
-2085.8845744868013,2026-03-14__syn,1782.5586826570902,121.3333990253312,1,False,heuristic,120.0
-2248.976307400506,2026-03-15__syn,2202.9559821238763,128.84236964403658,1,False,heuristic,180.0
-3200.3647530096596,2026-03-16__syn,2703.8439892397464,188.26134029196749,1,False,heuristic,180.0
-3508.53722568834,2026-03-17__syn,2792.8458622240714,207.96596132704573,1,False,heuristic,180.0
-3090.0342639100327,2026-03-18__syn,2241.436000742766,184.48619926658634,1,False,heuristic,180.0
-3131.259424878187,2026-03-19__syn,2268.254196832754,187.0155556678492,1,False,heuristic,180.0
-2258.5385429242046,2026-03-20__syn,1537.240232849843,133.4503818297054,1,False,heuristic,0.0
-1397.788094597448,2026-03-21__syn,969.6128737018882,85.42896998354809,0,False,heuristic,60.0
-1829.8910826107133,2026-03-22__syn,1767.7966705941915,103.0173162368054,1,False,heuristic,0.0
-2922.857247825481,2026-03-23__syn,2077.2645659489235,174.77178850776494,1,False,heuristic,180.0
-2619.9915674497397,2026-03-24__syn,2142.197633877423,157.5285234256299,0,False,heuristic,60.0
-2291.851896871046,2026-03-25__syn,1581.9588977599462,140.13445527599015,0,False,heuristic,60.0
-2571.86184350327,2026-03-26__syn,1943.321531873367,151.07772406125503,1,False,heuristic,0.0
-3413.249533137637,2026-03-27__syn,2674.5540626982147,202.56066751043414,1,False,heuristic,180.0
-2209.8523194217687,2026-03-28__syn,1704.3617731059585,130.0970921998863,1,False,heuristic,180.0
-1829.0154601751713,2026-03-29__syn,1265.3392186472665,108.34487972342038,1,False,heuristic,120.0
-2494.4252097096028,2026-03-30__syn,1358.0752370890414,150.82375025985837,1,False,heuristic,0.0
-2222.336695686975,2026-03-31__syn,1672.5682443131152,129.95803377304912,1,False,heuristic,0.0
