strategy,public_label,day,month,daily_kwh,peak_kw,peak_30min_mean_kw,peak_60min_mean_kw,readiness_ok,day_category,schedule_fingerprint,trajectory_hash
a04_native_sch_htgsp,A04_NATIVE_CALIBRATION_REFERENCE,2025-12-01,2025-12,3334.8516,275.2854,273.7436,266.0932,,mild_school,SCH_HtgSP_native_multiday,ac2faf89a87d1aed9b0d7abeeae719b4ed735d0ee11a3d2ffed39fcb58357caa
a04_native_sch_htgsp,A04_NATIVE_CALIBRATION_REFERENCE,2025-12-02,2025-12,2936.7353,247.7087,245.2416,237.1598,,mild_school,SCH_HtgSP_native_multiday,8b77ee797b061baad510dd83dc3505c67a25df21cdb0688c9c972630ac9e119b
a04_native_sch_htgsp,A04_NATIVE_CALIBRATION_REFERENCE,2025-12-03,2025-12,2745.0395,239.28,235.6791,224.9647,,mild_school,SCH_HtgSP_native_multiday,01b515783d9c01ba483b9dc37986eb3bd6d77473e87177aaa0283a18652dd5f5
a04_native_sch_htgsp,A04_NATIVE_CALIBRATION_REFERENCE,2025-12-04,2025-12,3099.2507,264.6599,263.2446,255.2505,,mild_school,SCH_HtgSP_native_multiday,aa52fd323fa3c41544374556694ef27cea18040632ae78f3554472fc4908bfd0
a04_native_sch_htgsp,A04_NATIVE_CALIBRATION_REFERENCE,2025-12-05,2025-12,2925.8255,263.5531,260.2472,250.9001,,mild_school,SCH_HtgSP_native_multiday,1c70ad0fedf36baec408e546636eb71b059f8506f3b130563c9d444a76c0914d
a04_native_sch_htgsp,A04_NATIVE_CALIBRATION_REFERENCE,2025-12-06,2025-12,1154.7609,67.7375,67.6786,67.5872,,non_school,SCH_HtgSP_native_multiday,55e26e916a12a40cc86b3f5f2d85fc217cd70676bb22542f93a5aee24e896ac5
a04_native_sch_htgsp,A04_NATIVE_CALIBRATION_REFERENCE,2025-12-07,2025-12,1773.7789,111.7802,110.718,110.021,,non_school,SCH_HtgSP_native_multiday,ad1402d8f072149e9b8ecc89ddbe132f36a544030a4d897b9dcb626c49834134
a04_native_sch_htgsp,A04_NATIVE_CALIBRATION_REFERENCE,2025-12-08,2025-12,3548.348,283.4759,282.6453,276.3108,,mild_school,SCH_HtgSP_native_multiday,66bc02be9c0fc98e6845ea810de20018d6921c471b061edc28c487e485e09ced
a04_native_sch_htgsp,A04_NATIVE_CALIBRATION_REFERENCE,2025-12-09,2025-12,2688.9816,244.5914,241.9733,233.1217,,mild_school,SCH_HtgSP_native_multiday,b157fd8fe98e5b18e34ff8d780c9780a6ec19f5cd14ce6c0368ab30650566e0d
a04_native_sch_htgsp,A04_NATIVE_CALIBRATION_REFERENCE,2025-12-10,2025-12,2489.5214,233.4124,224.0773,209.2433,,mild_school,SCH_HtgSP_native_multiday,bef4df1762b1bdd6c2d9e71c0a61c44b26331e4425c9f15ef125f490e30b94fa
a04_native_sch_htgsp,A04_NATIVE_CALIBRATION_REFERENCE,2025-12-11,2025-12,2623.0275,249.9676,245.2413,236.6378,,mild_school,SCH_HtgSP_native_multiday,39e8daca48c93672c96aa365b9252dc3905bbf929e98f94686ce03585b03d633
a04_native_sch_htgsp,A04_NATIVE_CALIBRATION_REFERENCE,2025-12-12,2025-12,3117.1289,265.3434,262.7792,253.9988,,mild_school,SCH_HtgSP_native_multiday,b94466a3428ee7b875e0d073bda023d93782faf90950b0e24ce354aac280784d
a04_native_sch_htgsp,A04_NATIVE_CALIBRATION_REFERENCE,2025-12-13,2025-12,2106.9812,120.5569,120.4527,119.9498,,non_school,SCH_HtgSP_native_multiday,5a459f95603190c72b2ef6b85e91fedfb8ef2c7ce3b82c7ff1f3e9642a77f6d1
a04_native_sch_htgsp,A04_NATIVE_CALIBRATION_REFERENCE,2025-12-14,2025-12,2456.953,132.9378,132.7341,132.3243,,non_school,SCH_HtgSP_native_multiday,f4b574e53b02e42f3b52f798db44fad12c8954d726dccc0f0ad860c00bc43697
a04_native_sch_htgsp,A04_NATIVE_CALIBRATION_REFERENCE,2025-12-15,2025-12,3520.7842,280.7639,280.2628,273.256,,cold_school,SCH_HtgSP_native_multiday,2378f5329d95009e2441f4e9fc9875176cec042eb68383ae1a951f96f7840f13
a04_native_sch_htgsp,A04_NATIVE_CALIBRATION_REFERENCE,2025-12-16,2025-12,2722.7335,262.8304,259.3529,249.749,,cold_school,SCH_HtgSP_native_multiday,c44926a6a98b8bdc06dc2923c2679385500c511ae6c6f58fbee62d0cd8c74a84
a04_native_sch_htgsp,A04_NATIVE_CALIBRATION_REFERENCE,2025-12-17,2025-12,2104.2167,226.9261,212.9479,196.8811,,cold_school,SCH_HtgSP_native_multiday,4619977094712c4679232370722bf7fa2cc21aeafe14384c81c441563ef99887
a04_native_sch_htgsp,A04_NATIVE_CALIBRATION_REFERENCE,2025-12-18,2025-12,2000.2209,219.8746,204.8058,188.336,,cold_school,SCH_HtgSP_native_multiday,f8fba7a258b43aa38089cbe4db145a1bee755bfe00f2da3e62d43d68756fc9bc
a04_native_sch_htgsp,A04_NATIVE_CALIBRATION_REFERENCE,2025-12-19,2025-12,3019.6876,252.9456,250.8038,243.0595,,cold_school,SCH_HtgSP_native_multiday,1efe63ff0a3595fade1cdd96f0c6126f0b706128bc62212d6135c4d7dc170037
a04_native_sch_htgsp,A04_NATIVE_CALIBRATION_REFERENCE,2025-12-20,2025-12,1029.7921,79.4672,79.2415,78.3296,,non_school,SCH_HtgSP_native_multiday,91737738d022e4c593c80b4491521923f60f7ddf3c631e2d2a7212b17ef1eb94
a04_native_sch_htgsp,A04_NATIVE_CALIBRATION_REFERENCE,2025-12-21,2025-12,1598.6333,95.7588,95.6231,95.3479,,non_school,SCH_HtgSP_native_multiday,1b6af35bf7c0202386c9847a318c344abbf83466e15f8689f77e9a10c40c3d0a
a04_native_sch_htgsp,A04_NATIVE_CALIBRATION_REFERENCE,2025-12-22,2025-12,2677.9862,245.1179,243.9168,234.7597,,non_school,SCH_HtgSP_native_multiday,a48fa99253430b6d836511b1ad9cf488123cb800098f00349162c44a17148e33
a04_native_sch_htgsp,A04_NATIVE_CALIBRATION_REFERENCE,2025-12-23,2025-12,2217.1731,233.7857,225.2347,210.1449,,non_school,SCH_HtgSP_native_multiday,ee2d3f77fa0dceb45799e846f740db9966275411e4181acd9fe7ef842b5e13da
a04_native_sch_htgsp,A04_NATIVE_CALIBRATION_REFERENCE,2025-12-24,2025-12,2255.9024,240.6922,227.3359,210.2607,,non_school,SCH_HtgSP_native_multiday,4ff1ccbaa80e31e1d85543800fc6284304b1753f2320ede5f5c690f77dbc574d
a04_native_sch_htgsp,A04_NATIVE_CALIBRATION_REFERENCE,2025-12-25,2025-12,1908.4838,226.2988,210.9313,194.6037,,non_school,SCH_HtgSP_native_multiday,c0e4f8a603a359f51599d8947cf92efbcd3dc32763c571be699ce6698de6113f
a04_native_sch_htgsp,A04_NATIVE_CALIBRATION_REFERENCE,2025-12-26,2025-12,2165.8239,224.2585,210.4413,194.0457,,non_school,SCH_HtgSP_native_multiday,a16db90b1e15f00215a09e05af437357f0dfe1e9d997d2f0deaffd52ddba48e3
a04_native_sch_htgsp,A04_NATIVE_CALIBRATION_REFERENCE,2025-12-27,2025-12,740.4985,40.6737,40.5822,40.4032,,non_school,SCH_HtgSP_native_multiday,0d55e528fdba88b89abf8865a3019aa94b4d16a85b6e8fe885f1f0680bcf1fdb
a04_native_sch_htgsp,A04_NATIVE_CALIBRATION_REFERENCE,2025-12-28,2025-12,1057.5778,74.4377,74.2417,72.9393,,non_school,SCH_HtgSP_native_multiday,ff12661b82b4c67c8615748068947f22a7ea3df894f90a3017a6cb2033860e4d
a04_native_sch_htgsp,A04_NATIVE_CALIBRATION_REFERENCE,2025-12-29,2025-12,3277.5769,261.0209,260.6181,249.7481,,non_school,SCH_HtgSP_native_multiday,20af2cc9d1ae1265887898e0616eece164600bdcb32b29e8f9b0c14034ac8d21
a04_native_sch_htgsp,A04_NATIVE_CALIBRATION_REFERENCE,2025-12-30,2025-12,3140.4585,264.3223,261.4697,252.3598,,non_school,SCH_HtgSP_native_multiday,c68a8ef72ea70532c10b5ed55aa94e16450be18e6c5e05abfca3122c23464c5c
a04_native_sch_htgsp,A04_NATIVE_CALIBRATION_REFERENCE,2025-12-31,2025-12,2733.0329,238.0745,234.8133,224.211,,non_school,SCH_HtgSP_native_multiday,4cbd58f241056ddc20320ad8ea9beba32bb0a6559c69caeb896d05b3922434b8
a04_native_sch_htgsp,A04_NATIVE_CALIBRATION_REFERENCE,2026-01-01,2026-01,3032.1526,261.6456,259.7823,251.1937,,non_school,SCH_HtgSP_native_multiday,7575282e044c11a94738cd4a5bb6bf47e07298f3baaf16ffecd4f1bb11cac759
a04_native_sch_htgsp,A04_NATIVE_CALIBRATION_REFERENCE,2026-01-02,2026-01,3171.5014,262.6514,260.1129,251.0539,,non_school,SCH_HtgSP_native_multiday,7a376460ad783342dec6c4afca2428ac926d2917850a3d7c89186f07eb4adad2
a04_native_sch_htgsp,A04_NATIVE_CALIBRATION_REFERENCE,2026-01-03,2026-01,1587.2442,84.6434,84.0408,83.348,,non_school,SCH_HtgSP_native_multiday,64cb86e335108ad2139beab470c9bb82ab2281d2066e4d4bf7cbe387d3290e08
a04_native_sch_htgsp,A04_NATIVE_CALIBRATION_REFERENCE,2026-01-04,2026-01,1543.7622,98.5056,96.4453,92.3689,,non_school,SCH_HtgSP_native_multiday,be1ade31f7f7c8a525cd0e19d47d2b6143524add3e30e6d608a060ea0d4f5aee
a04_native_sch_htgsp,A04_NATIVE_CALIBRATION_REFERENCE,2026-01-05,2026-01,2645.3621,247.6183,246.5556,237.623,,cold_school,SCH_HtgSP_native_multiday,35bac3a569d8d0ec0a5d66c97fc559501aede610116eac55e83109e6ef267391
a04_native_sch_htgsp,A04_NATIVE_CALIBRATION_REFERENCE,2026-01-06,2026-01,2228.8735,233.3986,224.1626,208.3141,,cold_school,SCH_HtgSP_native_multiday,5b7f8b4ac33a47d22d1725d933cacedb8f8cd4ef5234b16d9815440626e05ef0
a04_native_sch_htgsp,A04_NATIVE_CALIBRATION_REFERENCE,2026-01-07,2026-01,2207.4638,231.8112,216.7077,199.498,,cold_school,SCH_HtgSP_native_multiday,94a343a581edf5c97e6d3368dff4f9f1a891d2252433ba15bb7fdb8175e06af8
a04_native_sch_htgsp,A04_NATIVE_CALIBRATION_REFERENCE,2026-01-08,2026-01,1836.177,222.3075,207.4013,191.0366,,cold_school,SCH_HtgSP_native_multiday,841276a0cd18f980919d77710ea4f79dd722c90a408ff9df2e4491d240a94f4e
a04_native_sch_htgsp,A04_NATIVE_CALIBRATION_REFERENCE,2026-01-09,2026-01,1900.4981,199.8296,189.4867,171.7323,,cold_school,SCH_HtgSP_native_multiday,d8f5e1a86ccdfb1080c75d4d9fd5b738a9503ebcd145411356f4185b20d552c9
a04_native_sch_htgsp,A04_NATIVE_CALIBRATION_REFERENCE,2026-01-10,2026-01,813.6146,68.0326,68.0081,67.5468,,non_school,SCH_HtgSP_native_multiday,a5664fc7ec555960080dce07a03e2526737f06650e720c2763469a3ee87b1824
a04_native_sch_htgsp,A04_NATIVE_CALIBRATION_REFERENCE,2026-01-11,2026-01,1357.5426,68.8252,68.8025,68.744,,non_school,SCH_HtgSP_native_multiday,d8fa0b619046771848d5532147364e11343ef249b8d5b0728e66cf6420daafc1
a04_native_sch_htgsp,A04_NATIVE_CALIBRATION_REFERENCE,2026-01-12,2026-01,2623.637,252.2376,250.3289,241.1061,,cold_school,SCH_HtgSP_native_multiday,4355ad347d20240874a8fd098ed075cf38027d46b25d3a2f62020bbc5494bbe8
a04_native_sch_htgsp,A04_NATIVE_CALIBRATION_REFERENCE,2026-01-13,2026-01,2011.4631,228.2793,215.4052,198.5466,,cold_school,SCH_HtgSP_native_multiday,7a74d3e888def18ff434dc9cb4aab0c179a232e63a90c26c5966813ffa6c0a39
a04_native_sch_htgsp,A04_NATIVE_CALIBRATION_REFERENCE,2026-01-14,2026-01,2441.3299,217.1121,206.2534,186.8667,,cold_school,SCH_HtgSP_native_multiday,cefc39f175a3b48b75a27e7b8e7c3c45439813f18479ddb999f1f254cc306720
a04_native_sch_htgsp,A04_NATIVE_CALIBRATION_REFERENCE,2026-01-15,2026-01,2540.0697,249.5183,246.0022,237.3521,,cold_school,SCH_HtgSP_native_multiday,af82ca05f6c02f1d8717ea55469f2810d8c82b778d6f274c40f48e6e773e3852
a04_native_sch_htgsp,A04_NATIVE_CALIBRATION_REFERENCE,2026-01-16,2026-01,2552.3617,238.7465,235.3293,224.9292,,mild_school,SCH_HtgSP_native_multiday,568f6928e8db25d4707b4dfe90b7b41bfe705127ee27d97b6b18380794b081cf
a04_native_sch_htgsp,A04_NATIVE_CALIBRATION_REFERENCE,2026-01-17,2026-01,1560.7165,83.597,83.3764,82.9309,,non_school,SCH_HtgSP_native_multiday,6a6603bf61492508f324a0c2d6f2a77601a4d1937406b6383ab59383c6a2d9b1
a04_native_sch_htgsp,A04_NATIVE_CALIBRATION_REFERENCE,2026-01-18,2026-01,2035.642,107.6542,106.5744,104.4274,,non_school,SCH_HtgSP_native_multiday,c0f29d539785f748864355a7aa11e0b4f6ad06d718c19ed420e5aee321b22b4c
a04_native_sch_htgsp,A04_NATIVE_CALIBRATION_REFERENCE,2026-01-19,2026-01,3920.5889,280.0319,278.5323,272.9734,,non_school,SCH_HtgSP_native_multiday,96170320858e986245d9be4704fad65f27368519e6a25050bd6b2c751828853b
a04_native_sch_htgsp,A04_NATIVE_CALIBRATION_REFERENCE,2026-01-20,2026-01,3540.2679,280.1022,279.0761,270.8512,,mild_school,SCH_HtgSP_native_multiday,a569e4db4fd1704811fe293bb88cbad0ec3a46b9e1ea73c1863b0e0295739b18
a04_native_sch_htgsp,A04_NATIVE_CALIBRATION_REFERENCE,2026-01-21,2026-01,2951.3196,257.6912,253.6589,244.0398,,mild_school,SCH_HtgSP_native_multiday,e3d6c3798eb7e470da87214ccc3dc0c1624a667c647dec71dcb197e2a5912ce8
a04_native_sch_htgsp,A04_NATIVE_CALIBRATION_REFERENCE,2026-01-22,2026-01,2951.7797,254.5651,252.6768,244.6857,,mild_school,SCH_HtgSP_native_multiday,6221b47b7e5b13f1cce3877e3549e77723bc2125bf4c84bb41b8922bcc435bc6
a04_native_sch_htgsp,A04_NATIVE_CALIBRATION_REFERENCE,2026-01-23,2026-01,4183.8896,285.0198,283.9877,278.2333,,mild_school,SCH_HtgSP_native_multiday,1897a8351a306b0a2c2d056e019e1bf546704e59f60ad9c7712f9d0e90288f6a
a04_native_sch_htgsp,A04_NATIVE_CALIBRATION_REFERENCE,2026-01-24,2026-01,2629.3734,141.063,140.7877,140.4709,,non_school,SCH_HtgSP_native_multiday,762c26a49be994e219244af77fdc9e81dceccf54718440d3f15b7017109e9437
a04_native_sch_htgsp,A04_NATIVE_CALIBRATION_REFERENCE,2026-01-25,2026-01,2519.365,128.923,128.7522,128.4102,,non_school,SCH_HtgSP_native_multiday,7c567abf38e32902c821d5d1f09756b94d25a6ff08bcb8408df58a417aa0dade
a04_native_sch_htgsp,A04_NATIVE_CALIBRATION_REFERENCE,2026-01-26,2026-01,3941.8226,287.882,287.0934,281.6334,,mild_school,SCH_HtgSP_native_multiday,268429a251a26aa5f6c88c8f80907e083c1c0c3a7d10e344e9441ef7db42be07
a04_native_sch_htgsp,A04_NATIVE_CALIBRATION_REFERENCE,2026-01-27,2026-01,3366.3877,261.0851,257.7007,248.2522,,mild_school,SCH_HtgSP_native_multiday,1f02c51eaae0d8cc29dde898954ca0dd5b37a359076029d58d2bba8ad5387ebd
a04_native_sch_htgsp,A04_NATIVE_CALIBRATION_REFERENCE,2026-01-28,2026-01,3475.1976,276.1197,274.4334,265.8545,,mild_school,SCH_HtgSP_native_multiday,b77bf06368747962fb48f90262d68af73cf269d1dd3b83ce36ebdaeb987751cb
a04_native_sch_htgsp,A04_NATIVE_CALIBRATION_REFERENCE,2026-01-29,2026-01,3287.3034,276.6305,275.0152,266.9526,,mild_school,SCH_HtgSP_native_multiday,93ee8f2ac414a13e8aa70e90fdd8dc4cca794275d93794d58e27dc9049f3bcb1
a04_native_sch_htgsp,A04_NATIVE_CALIBRATION_REFERENCE,2026-01-30,2026-01,3394.7998,274.8861,273.2686,264.3681,,mild_school,SCH_HtgSP_native_multiday,743e41ff12a931317599646b98c135b4198388f610f1cf630000d5efffce2e8c
a04_native_sch_htgsp,A04_NATIVE_CALIBRATION_REFERENCE,2026-01-31,2026-01,1691.4181,98.9502,98.9502,98.5987,,non_school,SCH_HtgSP_native_multiday,5e8a19e3042cd945b26cf9f4049e23eb18245ffc13ac98019b7d992708224705
observed_bas_incumbent_v2,OBSERVED_BAS_INCUMBENT_V2_HISTORICAL,2025-12-01,2025-12,3370.4422,202.442,190.0071,183.8738,True,mild_school,314bdaf563fe62b861587c94a69bc02271c9ef44af9f6029a2398a4e915769b5,051cba6eccd100984d725069c0d8bc03ef8cfe7cf4d6a55fe22340491a87b014
observed_bas_incumbent_v2,OBSERVED_BAS_INCUMBENT_V2_HISTORICAL,2025-12-02,2025-12,3341.7921,185.9318,180.236,178.5157,True,mild_school,314bdaf563fe62b861587c94a69bc02271c9ef44af9f6029a2398a4e915769b5,6f72723039de345e046b07cc14bc1fa499170f659df6ed8712a8714183d54058
observed_bas_incumbent_v2,OBSERVED_BAS_INCUMBENT_V2_HISTORICAL,2025-12-03,2025-12,3212.4638,168.3845,166.6566,164.5022,True,mild_school,314bdaf563fe62b861587c94a69bc02271c9ef44af9f6029a2398a4e915769b5,1becc93b8b105b8e9eea41b7736bb5c1053b32618078a4d03608a9af91d07741
observed_bas_incumbent_v2,OBSERVED_BAS_INCUMBENT_V2_HISTORICAL,2025-12-04,2025-12,3815.0253,224.0548,211.1459,203.7341,True,mild_school,314bdaf563fe62b861587c94a69bc02271c9ef44af9f6029a2398a4e915769b5,4b7911343d875674787621054e1a9d93b2b0cd21749d156a5968c596ffaca0fb
observed_bas_incumbent_v2,OBSERVED_BAS_INCUMBENT_V2_HISTORICAL,2025-12-05,2025-12,3358.3611,192.2708,184.5042,182.3262,True,mild_school,314bdaf563fe62b861587c94a69bc02271c9ef44af9f6029a2398a4e915769b5,0e616425b4ac75d816421a6e8b0d98740d61bf87d7a331143b190193ad78ce10
observed_bas_incumbent_v2,OBSERVED_BAS_INCUMBENT_V2_HISTORICAL,2025-12-06,2025-12,2441.3506,122.6186,122.5911,122.5339,True,non_school,af175a618453e4ada851f99457bed1d70f8492caaa55070cbf86215064626bc5,5317d772fe71357a7e731a6b1a79ac0483c5633dc0ae21ef417b50eab1a1dd7c
observed_bas_incumbent_v2,OBSERVED_BAS_INCUMBENT_V2_HISTORICAL,2025-12-07,2025-12,2926.5123,166.1475,166.0363,165.8064,True,non_school,af175a618453e4ada851f99457bed1d70f8492caaa55070cbf86215064626bc5,f25eeaa0cc9ededd29da16fe4aa459122b592675856aeb6c88e20a1d936829e2
observed_bas_incumbent_v2,OBSERVED_BAS_INCUMBENT_V2_HISTORICAL,2025-12-08,2025-12,3836.5684,227.9709,215.6177,204.594,True,mild_school,314bdaf563fe62b861587c94a69bc02271c9ef44af9f6029a2398a4e915769b5,bf3e9adc32ce82d8c40ec67d20de3d345834b3d79ab1c62dc41cdc58b8904829
observed_bas_incumbent_v2,OBSERVED_BAS_INCUMBENT_V2_HISTORICAL,2025-12-09,2025-12,3072.3825,172.4742,170.8316,168.9267,True,mild_school,314bdaf563fe62b861587c94a69bc02271c9ef44af9f6029a2398a4e915769b5,fc07b65412d9036419318906dd998d5900d7558b7b2431524b0b8190db938ae4
observed_bas_incumbent_v2,OBSERVED_BAS_INCUMBENT_V2_HISTORICAL,2025-12-10,2025-12,2962.961,167.2156,165.831,164.2538,True,mild_school,314bdaf563fe62b861587c94a69bc02271c9ef44af9f6029a2398a4e915769b5,3fff5d32ca74ce8666fcdf87121cfc4ccbe7766fd51b8ac93f417a20e33e6059
observed_bas_incumbent_v2,OBSERVED_BAS_INCUMBENT_V2_HISTORICAL,2025-12-11,2025-12,3297.7568,194.8859,185.3638,183.3055,True,mild_school,314bdaf563fe62b861587c94a69bc02271c9ef44af9f6029a2398a4e915769b5,f35d8bd1a1b28126ce4ba65fe05ddd2e4d22a9ceb578bbb187d9976cd5b92c93
observed_bas_incumbent_v2,OBSERVED_BAS_INCUMBENT_V2_HISTORICAL,2025-12-12,2025-12,3573.4895,213.7653,201.104,199.2774,True,mild_school,314bdaf563fe62b861587c94a69bc02271c9ef44af9f6029a2398a4e915769b5,4fdc233a858f134b682c2c93cbf085cf813ba7f61aacb92927f94cd2c0fa4843
observed_bas_incumbent_v2,OBSERVED_BAS_INCUMBENT_V2_HISTORICAL,2025-12-13,2025-12,3506.1298,181.2405,180.9482,180.3623,True,non_school,af175a618453e4ada851f99457bed1d70f8492caaa55070cbf86215064626bc5,9d898996ea68243243bc93e7f9a58a236535484a1b97eddf66cc0b6e9da77476
observed_bas_incumbent_v2,OBSERVED_BAS_INCUMBENT_V2_HISTORICAL,2025-12-14,2025-12,3698.3992,193.2927,193.0972,192.7039,True,non_school,af175a618453e4ada851f99457bed1d70f8492caaa55070cbf86215064626bc5,aff752a2375b526b43585d198a3aad574e55214f44f562bb0bd323a4e33c9472
observed_bas_incumbent_v2,OBSERVED_BAS_INCUMBENT_V2_HISTORICAL,2025-12-15,2025-12,3778.5428,210.1123,198.5795,195.2715,True,cold_school,314bdaf563fe62b861587c94a69bc02271c9ef44af9f6029a2398a4e915769b5,079667204fd43e57ac0272403ed3270793e7990a64b6889d67d88a9205107082
observed_bas_incumbent_v2,OBSERVED_BAS_INCUMBENT_V2_HISTORICAL,2025-12-16,2025-12,3134.0412,197.5213,187.0061,184.338,True,cold_school,314bdaf563fe62b861587c94a69bc02271c9ef44af9f6029a2398a4e915769b5,892d861418d3e8bc7a37913ee6429a779a5e3d7da0caa0dc9688976b33e0da81
observed_bas_incumbent_v2,OBSERVED_BAS_INCUMBENT_V2_HISTORICAL,2025-12-17,2025-12,2579.3708,157.9897,156.589,154.8134,True,cold_school,314bdaf563fe62b861587c94a69bc02271c9ef44af9f6029a2398a4e915769b5,989bf0753ae54bbd03c219ffc2cfd6775548688fa3042e8923a67e39824726f0
observed_bas_incumbent_v2,OBSERVED_BAS_INCUMBENT_V2_HISTORICAL,2025-12-18,2025-12,2663.024,147.6755,146.1294,144.2303,True,cold_school,314bdaf563fe62b861587c94a69bc02271c9ef44af9f6029a2398a4e915769b5,639c779e0aebf6e80e11f028f550455e9cb357ad799e55936b662336443c6bf4
observed_bas_incumbent_v2,OBSERVED_BAS_INCUMBENT_V2_HISTORICAL,2025-12-19,2025-12,3538.8171,204.7319,193.3819,191.6317,True,cold_school,314bdaf563fe62b861587c94a69bc02271c9ef44af9f6029a2398a4e915769b5,8f31d49261aad5d892f4e00f68c3e11ebea4f7b14660fb5a7d9f39afe011af3e
observed_bas_incumbent_v2,OBSERVED_BAS_INCUMBENT_V2_HISTORICAL,2025-12-20,2025-12,2338.7116,136.4804,135.7532,134.3009,True,non_school,af175a618453e4ada851f99457bed1d70f8492caaa55070cbf86215064626bc5,72adabe171efe92f4341c5d2beab65c3696cf9b806e0da6aea210ef277aff2c6
observed_bas_incumbent_v2,OBSERVED_BAS_INCUMBENT_V2_HISTORICAL,2025-12-21,2025-12,2754.8881,153.2976,153.1801,152.9389,True,non_school,af175a618453e4ada851f99457bed1d70f8492caaa55070cbf86215064626bc5,372810e466401b80353b82f729be01949f070a63e57d6bc83497ec1176dc75fb
observed_bas_incumbent_v2,OBSERVED_BAS_INCUMBENT_V2_HISTORICAL,2025-12-22,2025-12,2680.8623,139.6094,139.4636,138.8665,True,non_school,af175a618453e4ada851f99457bed1d70f8492caaa55070cbf86215064626bc5,ed6eb2a0a0a8f8ac31b51048761430ae1f84b4670afc7ccf1717900e96d23944
observed_bas_incumbent_v2,OBSERVED_BAS_INCUMBENT_V2_HISTORICAL,2025-12-23,2025-12,2505.8789,138.8533,138.6399,137.8324,True,non_school,af175a618453e4ada851f99457bed1d70f8492caaa55070cbf86215064626bc5,5d7cfea0462d88ee0374e9d7a338303fae949a6846e4857a23437047c8a121dd
observed_bas_incumbent_v2,OBSERVED_BAS_INCUMBENT_V2_HISTORICAL,2025-12-24,2025-12,2592.6345,141.065,140.8917,140.1955,True,non_school,af175a618453e4ada851f99457bed1d70f8492caaa55070cbf86215064626bc5,502931e054edb792d9befac269dcc544d54cad02b9cf824335b9e838a415f733
observed_bas_incumbent_v2,OBSERVED_BAS_INCUMBENT_V2_HISTORICAL,2025-12-25,2025-12,2471.4479,135.8392,135.7585,135.488,True,non_school,af175a618453e4ada851f99457bed1d70f8492caaa55070cbf86215064626bc5,47f18b00c67c0de6ac0383b662491240013d5ee372779234503185e55e96ce4c
observed_bas_incumbent_v2,OBSERVED_BAS_INCUMBENT_V2_HISTORICAL,2025-12-26,2025-12,2491.3835,131.6074,131.5345,130.9599,True,non_school,af175a618453e4ada851f99457bed1d70f8492caaa55070cbf86215064626bc5,3f1db86a91f42bfb0b625b14d85c3d7e7cf69de1b45273bbc593271b8122f405
observed_bas_incumbent_v2,OBSERVED_BAS_INCUMBENT_V2_HISTORICAL,2025-12-27,2025-12,2093.7941,101.6912,101.518,101.3249,True,non_school,af175a618453e4ada851f99457bed1d70f8492caaa55070cbf86215064626bc5,d8f7aa56bf4d373bb71a1dd3f03ec4724b2b56ec1e704962fe42c3ab16af0b26
observed_bas_incumbent_v2,OBSERVED_BAS_INCUMBENT_V2_HISTORICAL,2025-12-28,2025-12,2174.9723,127.032,126.1461,124.3914,True,non_school,af175a618453e4ada851f99457bed1d70f8492caaa55070cbf86215064626bc5,bccdb9c320864608dbad5f527c47d6bb378f68ecb63951e0efeb1fa8083baa78
observed_bas_incumbent_v2,OBSERVED_BAS_INCUMBENT_V2_HISTORICAL,2025-12-29,2025-12,3350.377,153.0931,152.7443,152.4026,True,non_school,af175a618453e4ada851f99457bed1d70f8492caaa55070cbf86215064626bc5,48d55f974e09edb67bf82ace00ac92195a0727154e62b3b938a1a54d143f4b48
observed_bas_incumbent_v2,OBSERVED_BAS_INCUMBENT_V2_HISTORICAL,2025-12-30,2025-12,3478.7016,181.3993,172.6725,170.2369,True,non_school,af175a618453e4ada851f99457bed1d70f8492caaa55070cbf86215064626bc5,55f5379bf4ac9a8aa188e6327de5b89cfa438d86d9dbd1a9ccae3f7777bddc0c
observed_bas_incumbent_v2,OBSERVED_BAS_INCUMBENT_V2_HISTORICAL,2025-12-31,2025-12,3087.4485,150.2632,149.9026,149.1781,True,non_school,af175a618453e4ada851f99457bed1d70f8492caaa55070cbf86215064626bc5,5237a726eec80d90b51127fabe9a0eb7bef515ca673215a6370cbe9390c9e84b
observed_bas_incumbent_v2,OBSERVED_BAS_INCUMBENT_V2_HISTORICAL,2026-01-01,2026-01,3625.0932,182.8801,174.6349,171.0503,True,non_school,af175a618453e4ada851f99457bed1d70f8492caaa55070cbf86215064626bc5,74f6be78fdcb005b68bb180e887b08cb417dddaba2c403eadf86dd2c80458700
observed_bas_incumbent_v2,OBSERVED_BAS_INCUMBENT_V2_HISTORICAL,2026-01-02,2026-01,3520.5727,179.6338,171.238,170.662,True,non_school,af175a618453e4ada851f99457bed1d70f8492caaa55070cbf86215064626bc5,33399e8534a571bc0d3701cced5548cefe381258ff94d44162cbd16c342c341e
observed_bas_incumbent_v2,OBSERVED_BAS_INCUMBENT_V2_HISTORICAL,2026-01-03,2026-01,2985.0169,146.9859,146.6334,145.9281,True,non_school,af175a618453e4ada851f99457bed1d70f8492caaa55070cbf86215064626bc5,7ae93be1187f4b0b075b2883e7c4d3d74ca8ecffc944682cf9c9498977648c9d
observed_bas_incumbent_v2,OBSERVED_BAS_INCUMBENT_V2_HISTORICAL,2026-01-04,2026-01,2685.147,155.2575,153.03,148.6245,True,non_school,af175a618453e4ada851f99457bed1d70f8492caaa55070cbf86215064626bc5,1d2a9cfb594f3d33b1d2cb4f19558418d4230411b4e369e970941b2aa9bd7806
observed_bas_incumbent_v2,OBSERVED_BAS_INCUMBENT_V2_HISTORICAL,2026-01-05,2026-01,2803.1157,171.1872,169.6615,167.6889,True,cold_school,314bdaf563fe62b861587c94a69bc02271c9ef44af9f6029a2398a4e915769b5,818e11fc6bb435fac971d08073ed7cf7ac036be3af442b48b15456b868bca781
observed_bas_incumbent_v2,OBSERVED_BAS_INCUMBENT_V2_HISTORICAL,2026-01-06,2026-01,2614.8329,158.2963,156.7692,154.9817,True,cold_school,314bdaf563fe62b861587c94a69bc02271c9ef44af9f6029a2398a4e915769b5,30a8de4e96e81728449448b8d51be21eb8895541e3ed322eb86d4706da1e218f
observed_bas_incumbent_v2,OBSERVED_BAS_INCUMBENT_V2_HISTORICAL,2026-01-07,2026-01,2670.1492,159.4916,158.0784,156.5116,True,cold_school,314bdaf563fe62b861587c94a69bc02271c9ef44af9f6029a2398a4e915769b5,a224cc579e1d94d267ec91f17c698b7203c8b0f0a371964b81bb36e5ba883e5b
observed_bas_incumbent_v2,OBSERVED_BAS_INCUMBENT_V2_HISTORICAL,2026-01-08,2026-01,2317.1002,153.6365,152.1558,150.3189,True,cold_school,314bdaf563fe62b861587c94a69bc02271c9ef44af9f6029a2398a4e915769b5,b59e3e2a7c8e5c6f37f81ad1721935a45d5d7ddff1a222dfe3b5e48142488903
observed_bas_incumbent_v2,OBSERVED_BAS_INCUMBENT_V2_HISTORICAL,2026-01-09,2026-01,2369.4347,151.2856,149.7307,147.8593,True,cold_school,314bdaf563fe62b861587c94a69bc02271c9ef44af9f6029a2398a4e915769b5,65ee337264e8bc82079b6d814cfcf4452cc2b20e2127b510bf6d640477980929
observed_bas_incumbent_v2,OBSERVED_BAS_INCUMBENT_V2_HISTORICAL,2026-01-10,2026-01,2192.1822,126.0969,125.8115,125.2369,True,non_school,af175a618453e4ada851f99457bed1d70f8492caaa55070cbf86215064626bc5,105eee75c2bcce2e0791aa0b59de07ef4455864572cf67f6f36837df140723fa
observed_bas_incumbent_v2,OBSERVED_BAS_INCUMBENT_V2_HISTORICAL,2026-01-11,2026-01,2522.0747,126.0776,126.008,125.9296,True,non_school,af175a618453e4ada851f99457bed1d70f8492caaa55070cbf86215064626bc5,8b438cdbc9db16b58f168efe492d93b3c04c1319361a72bf5ec21cb89943bb70
observed_bas_incumbent_v2,OBSERVED_BAS_INCUMBENT_V2_HISTORICAL,2026-01-12,2026-01,2785.1617,171.6343,170.0675,168.1993,True,cold_school,314bdaf563fe62b861587c94a69bc02271c9ef44af9f6029a2398a4e915769b5,ebcb5e2891163397d6a5cafeaf30c5e5e3a913e2af0005ae47daa4f65953f04b
observed_bas_incumbent_v2,OBSERVED_BAS_INCUMBENT_V2_HISTORICAL,2026-01-13,2026-01,2269.4913,149.8862,148.0642,145.8558,True,cold_school,314bdaf563fe62b861587c94a69bc02271c9ef44af9f6029a2398a4e915769b5,15045fec1927c4937b1f21c5434552f1669590c959dfe1c7f9ad7398485d9ad6
observed_bas_incumbent_v2,OBSERVED_BAS_INCUMBENT_V2_HISTORICAL,2026-01-14,2026-01,3058.9578,166.0431,165.1311,164.4905,True,cold_school,314bdaf563fe62b861587c94a69bc02271c9ef44af9f6029a2398a4e915769b5,679f0cc6876e34f2881f135a38dac05f9eef1493bd8b603ccc6308dd919dbd81
observed_bas_incumbent_v2,OBSERVED_BAS_INCUMBENT_V2_HISTORICAL,2026-01-15,2026-01,3204.3829,197.5842,188.0559,186.0056,True,cold_school,314bdaf563fe62b861587c94a69bc02271c9ef44af9f6029a2398a4e915769b5,125b117f5e2e3cc29d2398b1acc795adbb7cdb6c6e9f0bcd259581e60924061f
observed_bas_incumbent_v2,OBSERVED_BAS_INCUMBENT_V2_HISTORICAL,2026-01-16,2026-01,2961.2082,167.8673,166.3181,164.313,True,mild_school,314bdaf563fe62b861587c94a69bc02271c9ef44af9f6029a2398a4e915769b5,7fab43bdd541cc6dc30269dd1beb47c9c1d37f83d5c3ab7639624335f134e03c
observed_bas_incumbent_v2,OBSERVED_BAS_INCUMBENT_V2_HISTORICAL,2026-01-17,2026-01,2938.5514,143.7823,143.2316,142.1324,True,non_school,af175a618453e4ada851f99457bed1d70f8492caaa55070cbf86215064626bc5,316daa783189e900ba845eb0a6d5893d8a17add27ab653e0b798e5fe1a383692
observed_bas_incumbent_v2,OBSERVED_BAS_INCUMBENT_V2_HISTORICAL,2026-01-18,2026-01,3234.677,165.7054,164.5523,162.2607,True,non_school,af175a618453e4ada851f99457bed1d70f8492caaa55070cbf86215064626bc5,a05c8e2889c31672f2eea38025af1a7b1ea734e4228ebc63859e8db8ce84db3c
observed_bas_incumbent_v2,OBSERVED_BAS_INCUMBENT_V2_HISTORICAL,2026-01-19,2026-01,4034.8561,207.2942,198.3114,193.312,True,non_school,af175a618453e4ada851f99457bed1d70f8492caaa55070cbf86215064626bc5,43c4399a025813b0bb12721d23b88aa05f939bf147321e46d076c921d379c61e
observed_bas_incumbent_v2,OBSERVED_BAS_INCUMBENT_V2_HISTORICAL,2026-01-20,2026-01,4096.7634,241.5115,228.9024,216.9234,True,mild_school,314bdaf563fe62b861587c94a69bc02271c9ef44af9f6029a2398a4e915769b5,5817f1b92f48d7bee8b2b03a95abf317b9786f9390942c49a578be589e1b7408
observed_bas_incumbent_v2,OBSERVED_BAS_INCUMBENT_V2_HISTORICAL,2026-01-21,2026-01,3420.9197,191.647,185.147,183.4567,True,mild_school,314bdaf563fe62b861587c94a69bc02271c9ef44af9f6029a2398a4e915769b5,c77e0bf89bf6d06e6ec4ed0f0d8cb7a9b1e70b1f5180a6ac21d1f029c87f7c9d
observed_bas_incumbent_v2,OBSERVED_BAS_INCUMBENT_V2_HISTORICAL,2026-01-22,2026-01,3645.0939,203.8913,193.8838,191.9592,True,mild_school,314bdaf563fe62b861587c94a69bc02271c9ef44af9f6029a2398a4e915769b5,8f1d27df0d696cdc8708b1a8f239ec3bbf40a9a52f569858ecebb02b33a16f97
observed_bas_incumbent_v2,OBSERVED_BAS_INCUMBENT_V2_HISTORICAL,2026-01-23,2026-01,4736.4398,257.2284,244.9719,231.813,True,mild_school,314bdaf563fe62b861587c94a69bc02271c9ef44af9f6029a2398a4e915769b5,f721c5d09c5203cba2bc5620942431c4a7aa70a5dcfb9be53afc2ee1feea31b0
observed_bas_incumbent_v2,OBSERVED_BAS_INCUMBENT_V2_HISTORICAL,2026-01-24,2026-01,4062.6184,211.4878,211.2234,210.8911,True,non_school,af175a618453e4ada851f99457bed1d70f8492caaa55070cbf86215064626bc5,4e10fafd9284bc1c7e3ae72e5e6e0bc10a882d3a39c794c35d1dea81354382b6
observed_bas_incumbent_v2,OBSERVED_BAS_INCUMBENT_V2_HISTORICAL,2026-01-25,2026-01,3751.4414,188.0498,187.885,187.5558,True,non_school,af175a618453e4ada851f99457bed1d70f8492caaa55070cbf86215064626bc5,71eb6d8cec2bf5b1a522b74f1c5b5345b84a80982f583b445abe71f73f971ba7
observed_bas_incumbent_v2,OBSERVED_BAS_INCUMBENT_V2_HISTORICAL,2026-01-26,2026-01,4245.5843,243.8597,231.2755,219.2359,True,mild_school,314bdaf563fe62b861587c94a69bc02271c9ef44af9f6029a2398a4e915769b5,3383beb3940ae97995d6fc619ed834661ad762f1dbbb28bda57bd41b43d8977c
observed_bas_incumbent_v2,OBSERVED_BAS_INCUMBENT_V2_HISTORICAL,2026-01-27,2026-01,3837.7971,205.8715,195.4378,193.5505,True,mild_school,314bdaf563fe62b861587c94a69bc02271c9ef44af9f6029a2398a4e915769b5,b199c1f3d0004b8865a045eebc96727f363423a88f2110bc4fbd7b6d5b199a87
observed_bas_incumbent_v2,OBSERVED_BAS_INCUMBENT_V2_HISTORICAL,2026-01-28,2026-01,4010.5403,228.8963,216.3856,206.622,True,mild_school,314bdaf563fe62b861587c94a69bc02271c9ef44af9f6029a2398a4e915769b5,38b03def12a8772269e3ee7108938f94536c27799c27b6dd366bed3d8361045b
observed_bas_incumbent_v2,OBSERVED_BAS_INCUMBENT_V2_HISTORICAL,2026-01-29,2026-01,4001.6964,233.918,221.3287,209.9915,True,mild_school,314bdaf563fe62b861587c94a69bc02271c9ef44af9f6029a2398a4e915769b5,78c20964957963dcc243995b3b8b10781f0355e2f622c279e0d58a1744cd1c00
observed_bas_incumbent_v2,OBSERVED_BAS_INCUMBENT_V2_HISTORICAL,2026-01-30,2026-01,3883.8623,216.7268,205.0785,201.1806,True,mild_school,314bdaf563fe62b861587c94a69bc02271c9ef44af9f6029a2398a4e915769b5,effbce9af96d8bf4029c0a128dae34e54342fc20860578ac78b29b9695e97049
observed_bas_incumbent_v2,OBSERVED_BAS_INCUMBENT_V2_HISTORICAL,2026-01-31,2026-01,3017.2256,157.3953,157.266,157.0048,True,non_school,af175a618453e4ada851f99457bed1d70f8492caaa55070cbf86215064626bc5,ce0b21b87cee08ed6e3cc2f9fa27a419e8548f5a2ea0a966f7e90aff6173a977
continuous_68_heat_sensitivity,CONTINUOUS_DUALSP_68_74_SENSITIVITY_UNVERIFIED,2025-12-01,2025-12,3624.5668,196.5056,187.7754,183.2009,True,mild_school,3d46ae506792b5998887b304658ad7dee99a02f76180672834dcdc2c9162e49f,21427efb7a8c0c03fca64a704326fcf4a2a08688df3b0577192c570272b16f85
continuous_68_heat_sensitivity,CONTINUOUS_DUALSP_68_74_SENSITIVITY_UNVERIFIED,2025-12-02,2025-12,3521.8815,175.563,168.5771,168.0635,True,mild_school,3d46ae506792b5998887b304658ad7dee99a02f76180672834dcdc2c9162e49f,cf0eb66790818e0752aded093aa6fa9fb2e86fdb74fc65ac61939fbd745811f5
continuous_68_heat_sensitivity,CONTINUOUS_DUALSP_68_74_SENSITIVITY_UNVERIFIED,2025-12-03,2025-12,3378.9632,162.7912,162.2959,161.3026,True,mild_school,3d46ae506792b5998887b304658ad7dee99a02f76180672834dcdc2c9162e49f,25d27741e3d4f8360efd7a7496e3c2bb2572d98a976857ae10bc262f20643677
continuous_68_heat_sensitivity,CONTINUOUS_DUALSP_68_74_SENSITIVITY_UNVERIFIED,2025-12-04,2025-12,3984.622,213.1508,204.0612,198.8105,True,mild_school,3d46ae506792b5998887b304658ad7dee99a02f76180672834dcdc2c9162e49f,10f922c911ad8a943ea886b7b6f46bf3d6dce0c975fd92bb8051631db2b6e12c
continuous_68_heat_sensitivity,CONTINUOUS_DUALSP_68_74_SENSITIVITY_UNVERIFIED,2025-12-05,2025-12,3522.6669,180.8608,173.5226,171.9099,True,mild_school,3d46ae506792b5998887b304658ad7dee99a02f76180672834dcdc2c9162e49f,8f4f1a1f7f510a36a25f93ab9977a67f086e8a6d452e5dbb0e52b9bcd6f93d51
continuous_68_heat_sensitivity,CONTINUOUS_DUALSP_68_74_SENSITIVITY_UNVERIFIED,2025-12-06,2025-12,2757.4204,135.9713,135.952,135.9111,True,non_school,3d46ae506792b5998887b304658ad7dee99a02f76180672834dcdc2c9162e49f,26b289a5bc5793a4cbc84799fb71fa0bec9534a920153d1a5afd26a2972f63d3
continuous_68_heat_sensitivity,CONTINUOUS_DUALSP_68_74_SENSITIVITY_UNVERIFIED,2025-12-07,2025-12,3210.3242,179.6994,179.5879,179.3569,True,non_school,3d46ae506792b5998887b304658ad7dee99a02f76180672834dcdc2c9162e49f,b0edccc0b6299873a3b3b627ffb45f97ed3a34cf4302fbf9db5425efa0c1ba1f
continuous_68_heat_sensitivity,CONTINUOUS_DUALSP_68_74_SENSITIVITY_UNVERIFIED,2025-12-08,2025-12,3954.9841,213.925,205.4251,201.3517,True,mild_school,3d46ae506792b5998887b304658ad7dee99a02f76180672834dcdc2c9162e49f,efec8103fd9f0c7d16a8a4d773175bc85b5e311501a3d3d7482780352126d874
continuous_68_heat_sensitivity,CONTINUOUS_DUALSP_68_74_SENSITIVITY_UNVERIFIED,2025-12-09,2025-12,3223.3726,158.7318,157.6803,157.0226,True,mild_school,3d46ae506792b5998887b304658ad7dee99a02f76180672834dcdc2c9162e49f,dbbef97600b7060760295cc2be9ced03eeb08d2ab64f40e19fd9182f39fa6058
continuous_68_heat_sensitivity,CONTINUOUS_DUALSP_68_74_SENSITIVITY_UNVERIFIED,2025-12-10,2025-12,3120.4831,153.3946,153.3298,152.9619,True,mild_school,3d46ae506792b5998887b304658ad7dee99a02f76180672834dcdc2c9162e49f,da5122883e411084c5f910c299c0259182ab4f62a6ad5e8a819a452832c0e31b
continuous_68_heat_sensitivity,CONTINUOUS_DUALSP_68_74_SENSITIVITY_UNVERIFIED,2025-12-11,2025-12,3463.3502,183.7816,174.8592,172.058,True,mild_school,3d46ae506792b5998887b304658ad7dee99a02f76180672834dcdc2c9162e49f,f44eaee68baabea3d3ab7e4c292dded310e2c5bd451edbbf56c28df977b82e81
continuous_68_heat_sensitivity,CONTINUOUS_DUALSP_68_74_SENSITIVITY_UNVERIFIED,2025-12-12,2025-12,3740.6129,202.6998,193.8435,189.0341,True,mild_school,3d46ae506792b5998887b304658ad7dee99a02f76180672834dcdc2c9162e49f,4e3a9bd845439ff2e08dc14eb257270463ad2bde045680547e95d0eb3a781c8e
continuous_68_heat_sensitivity,CONTINUOUS_DUALSP_68_74_SENSITIVITY_UNVERIFIED,2025-12-13,2025-12,3848.4679,195.7165,195.4264,194.845,True,non_school,3d46ae506792b5998887b304658ad7dee99a02f76180672834dcdc2c9162e49f,77137ded790ded9b5fbf364fbae0ea8840d17c75e2327793531b5b5e909b36e3
continuous_68_heat_sensitivity,CONTINUOUS_DUALSP_68_74_SENSITIVITY_UNVERIFIED,2025-12-14,2025-12,3997.5344,207.6786,207.4836,207.0926,True,non_school,3d46ae506792b5998887b304658ad7dee99a02f76180672834dcdc2c9162e49f,302eb3778f9be6f145c2a12a4b8dc5ae4bcc4142b0f20b44eb5aafc3939a45d0
continuous_68_heat_sensitivity,CONTINUOUS_DUALSP_68_74_SENSITIVITY_UNVERIFIED,2025-12-15,2025-12,3894.5737,195.6148,187.9562,185.5089,True,cold_school,3d46ae506792b5998887b304658ad7dee99a02f76180672834dcdc2c9162e49f,48dbdaf4e23d3b12080b76adae59046f633476837289b91e28d1ec68548c6695
continuous_68_heat_sensitivity,CONTINUOUS_DUALSP_68_74_SENSITIVITY_UNVERIFIED,2025-12-16,2025-12,3285.7079,185.6563,177.3108,173.4739,True,cold_school,3d46ae506792b5998887b304658ad7dee99a02f76180672834dcdc2c9162e49f,0acfb0a2bc654e056ba82a92b4300a346b4556a26a326a5e9632adb17415edf3
continuous_68_heat_sensitivity,CONTINUOUS_DUALSP_68_74_SENSITIVITY_UNVERIFIED,2025-12-17,2025-12,2733.6568,144.293,144.2318,143.668,True,cold_school,3d46ae506792b5998887b304658ad7dee99a02f76180672834dcdc2c9162e49f,aec4ebeb1fadcad926aaeddfb77fdfc9fc1130d8db3b42fca1894cecb35ea364
continuous_68_heat_sensitivity,CONTINUOUS_DUALSP_68_74_SENSITIVITY_UNVERIFIED,2025-12-18,2025-12,2820.3764,152.2325,151.7649,150.817,True,cold_school,3d46ae506792b5998887b304658ad7dee99a02f76180672834dcdc2c9162e49f,aa412bfd13a7206ac8f7dc91ef715d5b7159f838a4e885fbb3e338bebb51370e
continuous_68_heat_sensitivity,CONTINUOUS_DUALSP_68_74_SENSITIVITY_UNVERIFIED,2025-12-19,2025-12,3703.1189,193.8105,184.8331,180.4551,True,cold_school,3d46ae506792b5998887b304658ad7dee99a02f76180672834dcdc2c9162e49f,a2caa14af85efcdc6f0c1d423253de71522627b5c332cce299c1de40f02b2490
continuous_68_heat_sensitivity,CONTINUOUS_DUALSP_68_74_SENSITIVITY_UNVERIFIED,2025-12-20,2025-12,2654.4566,150.2095,149.4745,148.0067,True,non_school,3d46ae506792b5998887b304658ad7dee99a02f76180672834dcdc2c9162e49f,2c0ad3d1756033a103fba2bf61b72daf4dcb68fc0c22ed05c525a2ef6e3b65c6
continuous_68_heat_sensitivity,CONTINUOUS_DUALSP_68_74_SENSITIVITY_UNVERIFIED,2025-12-21,2025-12,3035.2681,166.99,166.8771,166.6447,True,non_school,3d46ae506792b5998887b304658ad7dee99a02f76180672834dcdc2c9162e49f,5ec9f5c3605fea995a46ff6a040911a0c78b8d65f77659490437b9d1368d8622
continuous_68_heat_sensitivity,CONTINUOUS_DUALSP_68_74_SENSITIVITY_UNVERIFIED,2025-12-22,2025-12,2942.879,148.5598,148.4127,147.8334,True,non_school,3d46ae506792b5998887b304658ad7dee99a02f76180672834dcdc2c9162e49f,82ad3a1148304d94741b53ca9f10ab233882b034d601a03d921e9fba48128cb9
continuous_68_heat_sensitivity,CONTINUOUS_DUALSP_68_74_SENSITIVITY_UNVERIFIED,2025-12-23,2025-12,2757.778,147.6564,147.438,146.6423,True,non_school,3d46ae506792b5998887b304658ad7dee99a02f76180672834dcdc2c9162e49f,a066f3e70d9f9f3be72f528d676c50776808e4c6fac2369071dc4244d5f59d5a
continuous_68_heat_sensitivity,CONTINUOUS_DUALSP_68_74_SENSITIVITY_UNVERIFIED,2025-12-24,2025-12,2851.8929,150.062,149.8857,149.2044,True,non_school,3d46ae506792b5998887b304658ad7dee99a02f76180672834dcdc2c9162e49f,e088e99868ded27f0f59c8b19a16c1be9b8f7a45480dc1d71f64e5415c8a5572
continuous_68_heat_sensitivity,CONTINUOUS_DUALSP_68_74_SENSITIVITY_UNVERIFIED,2025-12-25,2025-12,2728.3131,144.6473,144.5666,144.3231,True,non_school,3d46ae506792b5998887b304658ad7dee99a02f76180672834dcdc2c9162e49f,38e14d179fbd7f902c7c82f93b84edbba8a930e92e5927e246e760bfbf135297
continuous_68_heat_sensitivity,CONTINUOUS_DUALSP_68_74_SENSITIVITY_UNVERIFIED,2025-12-26,2025-12,2746.1936,140.1924,140.1219,139.5744,True,non_school,3d46ae506792b5998887b304658ad7dee99a02f76180672834dcdc2c9162e49f,6ab70374be2323867d49153ebb963247ae33d2e81aa95276ab7dbf575185e660
continuous_68_heat_sensitivity,CONTINUOUS_DUALSP_68_74_SENSITIVITY_UNVERIFIED,2025-12-27,2025-12,2349.8667,113.7381,113.561,113.364,True,non_school,3d46ae506792b5998887b304658ad7dee99a02f76180672834dcdc2c9162e49f,b88d1bd8198dfadebb705835aaf86ad2f840ff8356333e746bad1fa0f57180f8
continuous_68_heat_sensitivity,CONTINUOUS_DUALSP_68_74_SENSITIVITY_UNVERIFIED,2025-12-28,2025-12,2431.1015,139.5509,138.6453,136.8512,True,non_school,3d46ae506792b5998887b304658ad7dee99a02f76180672834dcdc2c9162e49f,32a10967f0082d8f5ae4aa10012e15e530249ab9f94f025b23bc373df81bfc65
continuous_68_heat_sensitivity,CONTINUOUS_DUALSP_68_74_SENSITIVITY_UNVERIFIED,2025-12-29,2025-12,3625.6343,165.6284,161.9235,161.6108,True,non_school,3d46ae506792b5998887b304658ad7dee99a02f76180672834dcdc2c9162e49f,0816f642a34f37ef196615981cfc3a007819baa0fe06b6c05e1438f928f8246f
continuous_68_heat_sensitivity,CONTINUOUS_DUALSP_68_74_SENSITIVITY_UNVERIFIED,2025-12-30,2025-12,3756.152,194.5375,185.8271,181.2898,True,non_school,3d46ae506792b5998887b304658ad7dee99a02f76180672834dcdc2c9162e49f,c5d672a27db9c031ce5099d5e8e3223f9eb63f862fb88aa836fdc9a16eff769c
continuous_68_heat_sensitivity,CONTINUOUS_DUALSP_68_74_SENSITIVITY_UNVERIFIED,2025-12-31,2025-12,3355.5862,163.2966,162.9287,162.1894,True,non_school,3d46ae506792b5998887b304658ad7dee99a02f76180672834dcdc2c9162e49f,26e900b2e52ca5c6b06c59c95e9987493de878d92c980b121941f2b5c122d90c
continuous_68_heat_sensitivity,CONTINUOUS_DUALSP_68_74_SENSITIVITY_UNVERIFIED,2026-01-01,2026-01,3906.0422,195.9885,187.7684,184.2081,True,non_school,3d46ae506792b5998887b304658ad7dee99a02f76180672834dcdc2c9162e49f,67ae41cc3b8a143f48620751e5888c191ece27b838635d0f29fb66c634622bf3
continuous_68_heat_sensitivity,CONTINUOUS_DUALSP_68_74_SENSITIVITY_UNVERIFIED,2026-01-02,2026-01,3796.0987,192.6237,183.7712,180.2035,True,non_school,3d46ae506792b5998887b304658ad7dee99a02f76180672834dcdc2c9162e49f,43d9f703b036e608386a33b06b4256cc17c2ff383cba19fb066af283c3386ae6
continuous_68_heat_sensitivity,CONTINUOUS_DUALSP_68_74_SENSITIVITY_UNVERIFIED,2026-01-03,2026-01,3259.5297,159.8922,159.5346,158.8188,True,non_school,3d46ae506792b5998887b304658ad7dee99a02f76180672834dcdc2c9162e49f,9254fc9539776b22689e37ec279b64d30c7a7cdb7624810c71ae14d391dfb9b4
continuous_68_heat_sensitivity,CONTINUOUS_DUALSP_68_74_SENSITIVITY_UNVERIFIED,2026-01-04,2026-01,2951.5314,168.2957,166.0241,161.5311,True,non_school,3d46ae506792b5998887b304658ad7dee99a02f76180672834dcdc2c9162e49f,91d8e42b54b179e6921d50b29109d9ba838d0424a7de37a23a92d3c2eadb4e63
continuous_68_heat_sensitivity,CONTINUOUS_DUALSP_68_74_SENSITIVITY_UNVERIFIED,2026-01-05,2026-01,2902.6892,154.0081,153.8563,153.1843,True,cold_school,3d46ae506792b5998887b304658ad7dee99a02f76180672834dcdc2c9162e49f,99521268998a06fdc14b74045fe5e715a3a4fa55b4d632ad5cbb5b1579874715
continuous_68_heat_sensitivity,CONTINUOUS_DUALSP_68_74_SENSITIVITY_UNVERIFIED,2026-01-06,2026-01,2759.6716,143.9758,143.7891,143.2219,True,cold_school,3d46ae506792b5998887b304658ad7dee99a02f76180672834dcdc2c9162e49f,17e8e2087eb789fbd7d0fc6b2d23465ff84608e2e38c88d77a5506f8997e68e7
continuous_68_heat_sensitivity,CONTINUOUS_DUALSP_68_74_SENSITIVITY_UNVERIFIED,2026-01-07,2026-01,2823.6453,145.7676,145.6883,145.3246,True,cold_school,3d46ae506792b5998887b304658ad7dee99a02f76180672834dcdc2c9162e49f,04d31c2de827254bd525a30c33f390a1e3def6160df5add220645b4c312d03de
continuous_68_heat_sensitivity,CONTINUOUS_DUALSP_68_74_SENSITIVITY_UNVERIFIED,2026-01-08,2026-01,2468.7591,139.9776,139.8375,139.2014,True,cold_school,3d46ae506792b5998887b304658ad7dee99a02f76180672834dcdc2c9162e49f,14e82c39959e441385341b9c307b62c86d737e36ba2afdb63431eb557f1b6102
continuous_68_heat_sensitivity,CONTINUOUS_DUALSP_68_74_SENSITIVITY_UNVERIFIED,2026-01-09,2026-01,2522.7099,137.8822,137.6478,136.9539,True,cold_school,3d46ae506792b5998887b304658ad7dee99a02f76180672834dcdc2c9162e49f,5eb1055a4b09e57100ff19c75b797d9cffdc296da908bbb5456f3c18075b8a6f
continuous_68_heat_sensitivity,CONTINUOUS_DUALSP_68_74_SENSITIVITY_UNVERIFIED,2026-01-10,2026-01,2506.3001,139.6663,139.3828,138.8119,True,non_school,3d46ae506792b5998887b304658ad7dee99a02f76180672834dcdc2c9162e49f,c58599dfb1dc395da8f5aa6a4a421c6171c77eab6b17ef66742f03367c39dbd3
continuous_68_heat_sensitivity,CONTINUOUS_DUALSP_68_74_SENSITIVITY_UNVERIFIED,2026-01-11,2026-01,2800.1578,139.5272,139.4501,139.3709,True,non_school,3d46ae506792b5998887b304658ad7dee99a02f76180672834dcdc2c9162e49f,c14e803a262c47aa2ebf8672de21afc1c1ccd6c60fe9a0fe34ee98754812169b
continuous_68_heat_sensitivity,CONTINUOUS_DUALSP_68_74_SENSITIVITY_UNVERIFIED,2026-01-12,2026-01,2888.3388,154.5472,154.3633,153.8019,True,cold_school,3d46ae506792b5998887b304658ad7dee99a02f76180672834dcdc2c9162e49f,aa1165d92682d2b737a84e7e5c598a4297565d75af168fd5f6f6a16d4418ca20
continuous_68_heat_sensitivity,CONTINUOUS_DUALSP_68_74_SENSITIVITY_UNVERIFIED,2026-01-13,2026-01,2415.2836,135.7357,135.2546,134.258,True,cold_school,3d46ae506792b5998887b304658ad7dee99a02f76180672834dcdc2c9162e49f,053333abbcf88c66b5676409770b86c7b0977827a516f22590b8f044fe0cadb5
continuous_68_heat_sensitivity,CONTINUOUS_DUALSP_68_74_SENSITIVITY_UNVERIFIED,2026-01-14,2026-01,3219.2336,155.7472,155.6401,155.4049,True,cold_school,3d46ae506792b5998887b304658ad7dee99a02f76180672834dcdc2c9162e49f,d3570b8f18764116398b0273dd475c3546b509c2f1f18d1483ecaf735372f061
continuous_68_heat_sensitivity,CONTINUOUS_DUALSP_68_74_SENSITIVITY_UNVERIFIED,2026-01-15,2026-01,3369.2179,186.4702,176.9829,174.7283,True,cold_school,3d46ae506792b5998887b304658ad7dee99a02f76180672834dcdc2c9162e49f,485a6305463a879e1015a4c926d22c437ad2fd54b42ec56c1e73604863982fe1
continuous_68_heat_sensitivity,CONTINUOUS_DUALSP_68_74_SENSITIVITY_UNVERIFIED,2026-01-16,2026-01,3120.1438,154.0223,153.7991,153.011,True,mild_school,3d46ae506792b5998887b304658ad7dee99a02f76180672834dcdc2c9162e49f,b680d9c6ce632d17f7282a3e86769c1836b186b135a14a271b7cf9cdd1facf3c
continuous_68_heat_sensitivity,CONTINUOUS_DUALSP_68_74_SENSITIVITY_UNVERIFIED,2026-01-17,2026-01,3269.6852,159.657,159.1235,158.0597,True,non_school,3d46ae506792b5998887b304658ad7dee99a02f76180672834dcdc2c9162e49f,2fe6bd949a46b2273f2dff1c503b587b85d92463421e87b16fe8f301aca5e7b1
continuous_68_heat_sensitivity,CONTINUOUS_DUALSP_68_74_SENSITIVITY_UNVERIFIED,2026-01-18,2026-01,3523.8289,179.5141,178.3437,176.018,True,non_school,3d46ae506792b5998887b304658ad7dee99a02f76180672834dcdc2c9162e49f,5ee1c5ba6733f6fd7281e27a83d3e14351e3587d3c16f3d2513208e6f2c59cf5
continuous_68_heat_sensitivity,CONTINUOUS_DUALSP_68_74_SENSITIVITY_UNVERIFIED,2026-01-19,2026-01,4324.4151,220.9742,212.0013,206.9966,True,non_school,3d46ae506792b5998887b304658ad7dee99a02f76180672834dcdc2c9162e49f,853b5c4e14f1568c463e9bd58de0c9188444354d44a2c7b305ea189e5a23e625
continuous_68_heat_sensitivity,CONTINUOUS_DUALSP_68_74_SENSITIVITY_UNVERIFIED,2026-01-20,2026-01,4212.7296,227.5163,218.7698,214.2371,True,mild_school,3d46ae506792b5998887b304658ad7dee99a02f76180672834dcdc2c9162e49f,205347ee7aa1afdbda9991954b4c12c6287cd48595a37eccdeea57eb75220616
continuous_68_heat_sensitivity,CONTINUOUS_DUALSP_68_74_SENSITIVITY_UNVERIFIED,2026-01-21,2026-01,3575.8615,179.6161,171.9238,171.4161,True,mild_school,3d46ae506792b5998887b304658ad7dee99a02f76180672834dcdc2c9162e49f,968aad865469d409191b172102ce6d9010cef2c6bc2b93fa7b09596c1926749c
continuous_68_heat_sensitivity,CONTINUOUS_DUALSP_68_74_SENSITIVITY_UNVERIFIED,2026-01-22,2026-01,3810.7738,192.6788,191.0287,189.3808,True,mild_school,3d46ae506792b5998887b304658ad7dee99a02f76180672834dcdc2c9162e49f,f0f86948ba248a26bd851d48de7a5988e11ef60c228dbb96fe3acc99d972aafe
continuous_68_heat_sensitivity,CONTINUOUS_DUALSP_68_74_SENSITIVITY_UNVERIFIED,2026-01-23,2026-01,4915.8022,248.1617,239.382,234.8249,True,mild_school,3d46ae506792b5998887b304658ad7dee99a02f76180672834dcdc2c9162e49f,48d490ae0cf8b31e15fd6ee28ca37c02cd814050a5aeff96d5e36b6b38ee1514
continuous_68_heat_sensitivity,CONTINUOUS_DUALSP_68_74_SENSITIVITY_UNVERIFIED,2026-01-24,2026-01,4410.7961,227.4769,227.2812,226.9999,True,non_school,3d46ae506792b5998887b304658ad7dee99a02f76180672834dcdc2c9162e49f,d10eeecc5be8e2ed20a89502266268d220386f8c91f0c5df8ff5e106bfdabec3
continuous_68_heat_sensitivity,CONTINUOUS_DUALSP_68_74_SENSITIVITY_UNVERIFIED,2026-01-25,2026-01,4049.8586,202.2362,202.0722,201.7447,True,non_school,3d46ae506792b5998887b304658ad7dee99a02f76180672834dcdc2c9162e49f,b5d6839bf799ae522c65341db5516a427ae19bfb3f3fbb8a3c89d751f9ba2891
continuous_68_heat_sensitivity,CONTINUOUS_DUALSP_68_74_SENSITIVITY_UNVERIFIED,2026-01-26,2026-01,4363.8313,229.9319,221.1888,216.6759,True,mild_school,3d46ae506792b5998887b304658ad7dee99a02f76180672834dcdc2c9162e49f,82b76c7dfa7a4a2a0761416a3fb32ad7edf36ff6a0524ed4a869305d9b957313
continuous_68_heat_sensitivity,CONTINUOUS_DUALSP_68_74_SENSITIVITY_UNVERIFIED,2026-01-27,2026-01,3995.995,194.1227,185.2079,184.3015,True,mild_school,3d46ae506792b5998887b304658ad7dee99a02f76180672834dcdc2c9162e49f,15d99799125714a90ad0edc4a550fcf86bf50c5da11d246f12d7c1b6474d4c97
continuous_68_heat_sensitivity,CONTINUOUS_DUALSP_68_74_SENSITIVITY_UNVERIFIED,2026-01-28,2026-01,4178.5189,217.7549,209.094,204.7087,True,mild_school,3d46ae506792b5998887b304658ad7dee99a02f76180672834dcdc2c9162e49f,31d505018cb37cb95f88a883abda526b8650200a1d3e1f7ecdde2e138e2043e7
continuous_68_heat_sensitivity,CONTINUOUS_DUALSP_68_74_SENSITIVITY_UNVERIFIED,2026-01-29,2026-01,4171.7429,222.9244,214.1863,209.6581,True,mild_school,3d46ae506792b5998887b304658ad7dee99a02f76180672834dcdc2c9162e49f,91352543eed0da424a6d710cee2285bb3c553348162b969fe778ec0ff5d5dc0b
continuous_68_heat_sensitivity,CONTINUOUS_DUALSP_68_74_SENSITIVITY_UNVERIFIED,2026-01-30,2026-01,4051.9678,205.484,197.6957,195.0167,True,mild_school,3d46ae506792b5998887b304658ad7dee99a02f76180672834dcdc2c9162e49f,97332272e8f889cf5907ee386603167219ff5bce4f2b88dad6e50696bfd9b7d3
continuous_68_heat_sensitivity,CONTINUOUS_DUALSP_68_74_SENSITIVITY_UNVERIFIED,2026-01-31,2026-01,3346.5721,173.7862,173.6839,173.4774,True,non_school,3d46ae506792b5998887b304658ad7dee99a02f76180672834dcdc2c9162e49f,48848e13352ce8df0b980256761bc943adda1f870d43e6f6124a4b0c4e4cb874
frozen_ppo_flat_seed0,POLICY_CANDIDATE_FROZEN_PPO_FLAT,2025-12-01,2025-12,3230.1863,220.8853,215.488,212.681,True,mild_school,d70ab8376797097abefcbb3730c13650ca8f58d8af2bb43f0c3cd80fef2e9824,366493b207286acc539fe40de154a2319f21ca439b2ecdc5b7bc5a2b60661b85
frozen_ppo_flat_seed0,POLICY_CANDIDATE_FROZEN_PPO_FLAT,2025-12-02,2025-12,3241.3278,217.9251,212.6178,210.1081,True,mild_school,a795e25b3a641c8d218515fd8d48eab61e6894d7312e10e9589332fd9096b6cd,66a694a935574bc1d790e4113316d843de31dcaba6c59750132591c850672f79
frozen_ppo_flat_seed0,POLICY_CANDIDATE_FROZEN_PPO_FLAT,2025-12-03,2025-12,3120.6626,205.1996,199.5723,196.6245,True,mild_school,6b0da5aa31bd740f92861b734e50f2d9cfa8c784ed5c2c532ff9de98c4da7f57,cb4451f9f62bf310436740928be007006422f21a93def46ec179fbc897797a33
frozen_ppo_flat_seed0,POLICY_CANDIDATE_FROZEN_PPO_FLAT,2025-12-04,2025-12,3661.0911,245.168,239.5802,236.3081,True,mild_school,a857fca07e7168753bbc7ce8f0aee3dda35224b0189dfb61e0d3572dab4bd1e8,171141fbe5418e5fb1a7a65fd7264a459f67613abe0dc7e9efbb4b67d861c01c
frozen_ppo_flat_seed0,POLICY_CANDIDATE_FROZEN_PPO_FLAT,2025-12-05,2025-12,3285.4291,224.5305,218.9634,215.9029,True,mild_school,b35a2af003c61d018f29df8211de5d853391183f9174f077ebd429cf00f2857a,96da028babfd0214c5579c5478fe11f22f62e9f6863d5815ae4f65e169d43953
frozen_ppo_flat_seed0,POLICY_CANDIDATE_FROZEN_PPO_FLAT,2025-12-06,2025-12,2125.939,109.6843,109.6452,109.5646,True,non_school,98c2ab17f16c1ad014a094fe2b36fdf86a4c1f7000adf7484e9a7f0894037639,ce521e5ec211c95f6d692b66276b125df162eec5d093b8abc75bdf01ec7754b4
frozen_ppo_flat_seed0,POLICY_CANDIDATE_FROZEN_PPO_FLAT,2025-12-07,2025-12,2660.0203,153.5481,153.4365,153.206,True,non_school,e1b4f37399c186a1a3bf9a70cf9c188dc8589ceb0abef63272170845b10f8648,b658fc366e8dca035005adbadf2a66572d9b576d491ccec8a1985abd3859fccf
frozen_ppo_flat_seed0,POLICY_CANDIDATE_FROZEN_PPO_FLAT,2025-12-08,2025-12,3818.4721,253.2298,245.3983,242.016,True,mild_school,84c63475765a1cfdf996060f7c89e03e9103103d90551225de64ece99da75837,3a419ae68c46db8c4c1dbec5771cd98587a320cfbf1fe48bee84e341ea3bc492
frozen_ppo_flat_seed0,POLICY_CANDIDATE_FROZEN_PPO_FLAT,2025-12-09,2025-12,2998.9593,210.4369,204.9086,202.1595,True,mild_school,c6035f2963bfbcd1c1dff05a5be4159c4ef22de264de1f144df9f65e56ea5d4f,d88a9197d5aa6cd191b7ae671da6708f1fa88c523853d18c40037446188ad651
frozen_ppo_flat_seed0,POLICY_CANDIDATE_FROZEN_PPO_FLAT,2025-12-10,2025-12,2878.5169,203.9743,198.732,196.3775,True,mild_school,47db43d48fb2f0c9a0c7a6d5d1235c080d7b2fb027942c8c4182d65f694b406c,b1df1d6b4e24324c6a89700b9198ec60e89c5499042d3f224fc9acb386d36594
frozen_ppo_flat_seed0,POLICY_CANDIDATE_FROZEN_PPO_FLAT,2025-12-11,2025-12,3153.561,223.9397,218.3937,215.494,True,mild_school,1e92d8971cb2b68204afdf93590bb5c0a10c6b29e2fbd010be788567f2edefd3,df801e5455faa2d18aec853e19ca98ec5037a215d6df00df4bc898be9ac63603
frozen_ppo_flat_seed0,POLICY_CANDIDATE_FROZEN_PPO_FLAT,2025-12-12,2025-12,3495.8121,240.4146,235.4142,232.799,True,mild_school,69c9ee296247eb951772b5df7712e1753af9aaa2894bba73e9c81c6d22b1abab,30a07e402677bd5c86033ba363c9f38dcd2c7bd1b03650d95161702260755d70
frozen_ppo_flat_seed0,POLICY_CANDIDATE_FROZEN_PPO_FLAT,2025-12-13,2025-12,3166.9556,167.4477,167.1498,166.5522,True,non_school,2ca81728c124d73f9f77143b4ff48d1142b00713c865f9c5968b62b8f47cd173,1c4760f2c3b2c12c1c6494d4356a44cdb14a038eed2aea636a9fdff2621752dc
frozen_ppo_flat_seed0,POLICY_CANDIDATE_FROZEN_PPO_FLAT,2025-12-14,2025-12,3418.3463,179.7534,179.5547,179.1548,True,non_school,7b2a6a769e1a837bcd1fe924e6e0b8437663baa6ad5d59edd46ce9b6ff6428ea,6a92a807717c223834fabee4097c7fb1262e78f7dfbb1706431c123564dab086
frozen_ppo_flat_seed0,POLICY_CANDIDATE_FROZEN_PPO_FLAT,2025-12-15,2025-12,3763.6314,242.301,236.5222,233.1998,True,cold_school,914cdcf7dc88d8725f30a709eb80a0ad856cfdf2397b64751fddde37b00c09fd,fa7f660619fbfc876441db219519020e506055f400f57a056cf69ab64bc080f3
frozen_ppo_flat_seed0,POLICY_CANDIDATE_FROZEN_PPO_FLAT,2025-12-16,2025-12,3067.5467,227.3094,221.5332,217.9591,True,cold_school,6b15844c2f7307981b8e12e7fdf2459aee273d848806fd7d1e949f415bdfbf90,7848ed1161d87abe30604623ff5ed8aefba46353daf930e7a539edb24b06520f
frozen_ppo_flat_seed0,POLICY_CANDIDATE_FROZEN_PPO_FLAT,2025-12-17,2025-12,2451.7264,185.5586,180.7832,178.5361,True,cold_school,8888f670b6c54b373515c416dd938069838a7b24d215fa8afbf742dbc348f0b6,95682462baa408258f2c4f9a6c8e5f849464cbacefd5aa6a2ad34dee4d4c8e81
frozen_ppo_flat_seed0,POLICY_CANDIDATE_FROZEN_PPO_FLAT,2025-12-18,2025-12,2493.686,175.1133,170.2568,167.9201,True,cold_school,5137e24c241cba414259d2a435bd538f869395951ed4b02aac05fee340c80839,3743dde3ae824bd365dec8e6d698b2f84f5069bb5ff71fd194ba9e2f36b683ef
frozen_ppo_flat_seed0,POLICY_CANDIDATE_FROZEN_PPO_FLAT,2025-12-19,2025-12,3473.8528,233.8001,228.5345,225.8793,True,cold_school,ff17c39cf54b3fa6317427d44616cbfbffddc59b2c8e9c87d1473574f81b0aae,1e509bd39d89fce9f09675ef8004988e90bafade8b05a2ae9b23c99b809aa7b7
frozen_ppo_flat_seed0,POLICY_CANDIDATE_FROZEN_PPO_FLAT,2025-12-20,2025-12,2023.3602,123.1918,122.4692,121.0263,True,non_school,30583dc247a23b0952d19c289becc802a0192642b25d09aa0a68cd52155020c1,401156fbb47d3743b238036591caf3c389d33def493f90ac9967f0dd2e059bca
frozen_ppo_flat_seed0,POLICY_CANDIDATE_FROZEN_PPO_FLAT,2025-12-21,2025-12,2492.282,140.3762,140.2524,139.9988,True,non_school,c06a2f2a2f49a9dd8c4ffd43952d6b63045a838b7eaf57ab931c888a1d18668f,bc8e0c404e79b1229c9d71d896246c5934028f0bbd0e52efa04afd5f4aaa2142
frozen_ppo_flat_seed0,POLICY_CANDIDATE_FROZEN_PPO_FLAT,2025-12-22,2025-12,2430.6798,131.0028,130.863,130.2592,True,non_school,43681fd946cc6a54c488b449ee81513399023ecdb69c6d67a2a3d6414c388ebd,c807063bef3200f4362b9eac751f3f69fec01317d0447139b728766689dbabaa
frozen_ppo_flat_seed0,POLICY_CANDIDATE_FROZEN_PPO_FLAT,2025-12-23,2025-12,2275.2451,130.5912,130.3851,129.574,True,non_school,43681fd946cc6a54c488b449ee81513399023ecdb69c6d67a2a3d6414c388ebd,8463b57dd635eddd83349b3ef603729950ac189436a758b5a3e05d0ee4cab4ee
frozen_ppo_flat_seed0,POLICY_CANDIDATE_FROZEN_PPO_FLAT,2025-12-24,2025-12,2348.0248,132.5517,132.3841,131.6817,True,non_school,43681fd946cc6a54c488b449ee81513399023ecdb69c6d67a2a3d6414c388ebd,394ab5bf6cfc7f49d29ba0556305671324e61f9d21df75eb3a61a5a4e0029185
frozen_ppo_flat_seed0,POLICY_CANDIDATE_FROZEN_PPO_FLAT,2025-12-25,2025-12,2233.3317,127.6942,127.615,127.3244,True,non_school,b1b51f632e69bb13ec98099394db5d66b12b098b85a58128127a6271ce9d9049,028dc864576907f38bdc39d71e2bb410882a9a41a6e17632165abf1c7cc9945f
frozen_ppo_flat_seed0,POLICY_CANDIDATE_FROZEN_PPO_FLAT,2025-12-26,2025-12,2254.8958,123.6688,123.5951,123.0,True,non_school,ca06018f89df95849d2b2f46c3f2563980c0e43c39592fb72f3c3c626958a2f1,b305ef77acd3ccf5dc8db523198d49ad98350b991f38885b0af59bfcd703d22c
frozen_ppo_flat_seed0,POLICY_CANDIDATE_FROZEN_PPO_FLAT,2025-12-27,2025-12,1853.2887,90.3411,90.1714,89.9821,True,non_school,42beb10adb458d2cd8963a657af67247cc14c5d04b808d4866b6ba2e2cbbc7ac,4612467328302f19d16be2aa98d80d8778959c8001c492bbcb6ce4858982a018
frozen_ppo_flat_seed0,POLICY_CANDIDATE_FROZEN_PPO_FLAT,2025-12-28,2025-12,1940.1866,115.4581,114.5913,112.8749,True,non_school,f091d7e67ae07faeabfd48c63864e9fe670b834bf81013622ec80a216ef601b4,9fe402d5a60f9b240615c029428cd5089944d08756b62ffe551948e97b730ab5
frozen_ppo_flat_seed0,POLICY_CANDIDATE_FROZEN_PPO_FLAT,2025-12-29,2025-12,3100.94,144.7975,144.5329,144.1672,True,non_school,bf4ae919e6a7049690f91da50a4924e40acfcd42a8cec43dbae5f925dda01315,fc032612e6848d9dadb15755bcdd49164c3f39d2ddf438f5c31bc530639da893
frozen_ppo_flat_seed0,POLICY_CANDIDATE_FROZEN_PPO_FLAT,2025-12-30,2025-12,3224.6937,169.3081,162.3702,161.4899,True,non_school,616e988ac9c9c8811e15f1f8569ca70f5e157429a413ec117a3ddd89ed234f6b,d6b48bbf36880e130fef07fcaf7ea0e15e1fb7e4badd19caf91642cc26616128
frozen_ppo_flat_seed0,POLICY_CANDIDATE_FROZEN_PPO_FLAT,2025-12-31,2025-12,2839.6965,138.1605,137.807,137.0966,True,non_school,5ba2aaa98a5bcee1b516c532607adcab90d5b4576ff267824b50445482ab49a1,3c8d2de1e8aa382fa48d86b62b965c1b5eac15402431b4a2f72ed502e4c3d0cf
frozen_ppo_flat_seed0,POLICY_CANDIDATE_FROZEN_PPO_FLAT,2026-01-01,2026-01,3369.0479,170.8896,162.8861,162.2544,True,non_school,7cdb9fed096072fa82f66efae26b7487b4149faef073f07714147feba0c1e846,4dc81f3cecc53e1ec7c1155ad3985e4e294b0a7489d6c8091d390ecb30a330f8
frozen_ppo_flat_seed0,POLICY_CANDIDATE_FROZEN_PPO_FLAT,2026-01-02,2026-01,3269.1275,167.7104,162.5965,162.004,True,non_school,7b2a6a769e1a837bcd1fe924e6e0b8437663baa6ad5d59edd46ce9b6ff6428ea,b54d380a6eafbd6edb670321683ba217fa5c6e5c57355cd7f60a04f3f02d1e1f
frozen_ppo_flat_seed0,POLICY_CANDIDATE_FROZEN_PPO_FLAT,2026-01-03,2026-01,2732.9958,135.1109,134.7634,134.0681,True,non_school,c4aeaab574f8ca4770ba0963d93853497a1396608e4f5b662edce9b5384e9c6f,f7e5eda5f9606f1cb2df1245a530eb4387f2365e4e42b9f292828bf8b9d13f08
frozen_ppo_flat_seed0,POLICY_CANDIDATE_FROZEN_PPO_FLAT,2026-01-04,2026-01,2439.0959,143.1585,140.9728,136.6502,True,non_school,47ef3f3341f1c28d4190c833db7b8a07728d72e7a16e399bc651fbfe5219691b,20d37d292a73e15b09f58b2937ff1804b89d2d660b6038cc9bd266ee6e15eaa1
frozen_ppo_flat_seed0,POLICY_CANDIDATE_FROZEN_PPO_FLAT,2026-01-05,2026-01,2803.4376,213.9509,208.4582,205.4953,True,cold_school,d3b8203a1dcee054ecbda6791fd11dcf55ac5a36e4e03f8fc03974f4c442f9fa,11ddcdfecfbca22c5b8c02eb67212020af0c43a4de938f006d12c6c9a55a677e
frozen_ppo_flat_seed0,POLICY_CANDIDATE_FROZEN_PPO_FLAT,2026-01-06,2026-01,2517.5399,189.934,184.8496,182.4575,True,cold_school,7107932a062e072b0eada4513331e747345924b6196de09b49e58c7c0df6601a,6c9d99887c746654ea9d3d5dd2d87b86f1cd4704d37d6e0729c43b30ca286853
frozen_ppo_flat_seed0,POLICY_CANDIDATE_FROZEN_PPO_FLAT,2026-01-07,2026-01,2576.6143,191.9662,186.8916,184.7075,True,cold_school,28fb971f476b8c6bb85353f64a25231e91b7a582509522419e127814546b7453,2890d151e88c55c2cf0643f08c13e9460eaa1a429a516fa1d453c6069e71a1ec
frozen_ppo_flat_seed0,POLICY_CANDIDATE_FROZEN_PPO_FLAT,2026-01-08,2026-01,2068.4833,170.4217,165.3924,163.2684,True,cold_school,6ba57d14c33411ebc166dc002a4c43b9dfa459fe5864441ec3722d02fb932aaf,328ba6bd3d63213c6060ffc0f4690ed1998c4433c6065a6e5ff924b3e4435f02
frozen_ppo_flat_seed0,POLICY_CANDIDATE_FROZEN_PPO_FLAT,2026-01-09,2026-01,2239.9123,174.69,169.6272,167.3454,True,cold_school,a7a89d6a3abf2a3ffd3fd1c53f9da684c4730d42e271876838a9cce4e81f7040,ca344b531a2f7848f0abc98ef8731cdd7f24078bffa15682ac99ecd545f6e757
frozen_ppo_flat_seed0,POLICY_CANDIDATE_FROZEN_PPO_FLAT,2026-01-10,2026-01,1903.915,113.3227,113.0363,112.4598,True,non_school,bf47348618616dc15af8094c875cec19a39507f215e8b30ae24d3f0c5e2dddfb,5ebbdded671163f56f3a1934902970cb6d0fa065da7969638375df0bfa82bd35
frozen_ppo_flat_seed0,POLICY_CANDIDATE_FROZEN_PPO_FLAT,2026-01-11,2026-01,2265.6781,113.6704,113.6055,113.5284,True,non_school,c80cd6feb27430f0717132c6179bb4d720f884ad1b24f8dc6b3caefa3f2b7c01,43c8b50bdeab1f246695d45909dd7356d7623d7c339a05720dd6b5ddbf3851c0
frozen_ppo_flat_seed0,POLICY_CANDIDATE_FROZEN_PPO_FLAT,2026-01-12,2026-01,2791.6395,214.3843,208.8181,205.9694,True,cold_school,d3b8203a1dcee054ecbda6791fd11dcf55ac5a36e4e03f8fc03974f4c442f9fa,3d2e55e3ef35b9bca9e7e4d9aece3b0e3ad171ffb91a01859c5d535b264280b8
frozen_ppo_flat_seed0,POLICY_CANDIDATE_FROZEN_PPO_FLAT,2026-01-13,2026-01,2077.9317,166.1728,161.2212,158.8086,True,cold_school,f9afdaa607714849bce357c9d6ab1b7f2e147b6b972ecbe40344fdedce4642ee,ab82519dbe971687dbeef992a38c24fc34404a2ec6633972c6c5a361a114f4cc
frozen_ppo_flat_seed0,POLICY_CANDIDATE_FROZEN_PPO_FLAT,2026-01-14,2026-01,3001.4639,204.026,199.2287,197.8174,True,cold_school,d25011d2ec430726cbabd0782ba31a1f76d044b53a17a6079b5253af8243b9f4,b6847abd0726e9db113f48997d257ed169aee939017f651ae0470e2f8750b307
frozen_ppo_flat_seed0,POLICY_CANDIDATE_FROZEN_PPO_FLAT,2026-01-15,2026-01,3067.5045,226.9692,221.5735,218.6715,True,cold_school,cec06d03e27e584b60877a1fd115fdb4b5075aa0113305f747012aa8ba118111,88740ee55c01ea3183bfca4bbb7d55dfb522cb33434c8de87cf978808a091fd8
frozen_ppo_flat_seed0,POLICY_CANDIDATE_FROZEN_PPO_FLAT,2026-01-16,2026-01,2896.1934,205.6091,200.1938,197.3586,True,mild_school,860e2df320c42a547298058c099171622119418bce0d1d034797672069ca4acd,9f3e13dcab93ba493dfa1063626d342876f3a50112a25a45d18b09eac2cb63c5
frozen_ppo_flat_seed0,POLICY_CANDIDATE_FROZEN_PPO_FLAT,2026-01-17,2026-01,2606.7122,127.6899,127.4011,126.9698,True,non_school,5250712fe12fabda7fb1255e9c98bc99648e7853147b6816b2ad1863e57a842f,ec7a158aa9e812a7c3085505e9ad9f92eb3bcadcfc08383d467f58cf20eb45df
frozen_ppo_flat_seed0,POLICY_CANDIDATE_FROZEN_PPO_FLAT,2026-01-18,2026-01,2963.1212,152.6655,151.5258,149.2606,True,non_school,3def7626d309d22ebd129303a43709cbdb3152cd47a3b9f626a2974805faded3,53a7d6ea06a543452c220280ee9029bfcb5dd18d51a8f15f74c6840774771c49
frozen_ppo_flat_seed0,POLICY_CANDIDATE_FROZEN_PPO_FLAT,2026-01-19,2026-01,3768.5956,194.6388,185.6461,180.6505,True,non_school,8bfbdf6bfd35d8c14e5dffb5f1bc37333bfb7107a94f329fe67c32a4adf8f440,b7a1e5306fd43101c4c601dfccfa15ca1b5bd4ab83687f6b3b5a8ddf114b197f
frozen_ppo_flat_seed0,POLICY_CANDIDATE_FROZEN_PPO_FLAT,2026-01-20,2026-01,4082.2188,263.7852,256.9478,253.9891,True,mild_school,9ddcccf2a543b560cf4966d5b30e32d90368c4726ee0b58bfb4dab075cd58a24,daa077c01525b8461288ffe419649694a86e98db1a70ee9492c5403a6f5799c1
frozen_ppo_flat_seed0,POLICY_CANDIDATE_FROZEN_PPO_FLAT,2026-01-21,2026-01,3348.3281,225.047,219.6007,217.0213,True,mild_school,e8235812a9960e6b13a980c4cc88ddb26ef496de6a2c82e378ff5d05a8364b2b,454a7349e695a7c4205e7a0ffdd6c84930aac538fe7498faf168ee0ae5af0d5c
frozen_ppo_flat_seed0,POLICY_CANDIDATE_FROZEN_PPO_FLAT,2026-01-22,2026-01,3492.9285,232.544,227.3335,224.5529,True,mild_school,6778a4ebcc142b3cd9e388d65ba307b6eaca98aec940ff28b632fdf3073fc111,808c196348dae18a4db81f375390425150991fb7fa50a599f4bd7c10b165e83c
frozen_ppo_flat_seed0,POLICY_CANDIDATE_FROZEN_PPO_FLAT,2026-01-23,2026-01,4640.8673,272.9578,264.721,262.3127,True,mild_school,ff94dd4124b7bab7595061249f3239c0ee96b5bf07b6ac7e5f728aafc0c439ed,ca6851362cf654eca8e0ddc0d93d30d71664191f86f91f23dbeb76f43c3a450a
frozen_ppo_flat_seed0,POLICY_CANDIDATE_FROZEN_PPO_FLAT,2026-01-24,2026-01,3718.5401,194.3482,194.0512,193.7228,True,non_school,400f5facf522efd99c3ce72c0ea8dea445129187f4bb1b158e92ed237b8035da,8db99229f177f3b501c7745dfae7e0fd80296b475186d2e0d7865587f494fc98
frozen_ppo_flat_seed0,POLICY_CANDIDATE_FROZEN_PPO_FLAT,2026-01-25,2026-01,3473.051,174.7535,174.5861,174.2513,True,non_school,6e398a53baab70daf247b840d6cafc5269bd96fbf26368ac16744047d6305258,3cfa0e10367f9c27bc3f39166d56be6c383ada1cb7f41154a5b38d30f18b7401
frozen_ppo_flat_seed0,POLICY_CANDIDATE_FROZEN_PPO_FLAT,2026-01-26,2026-01,4220.087,265.3983,259.4466,256.5648,True,mild_school,9a4197326a6a54158b436715ff4458febe59b57900ebf01c86b79a9faa6baaf7,ea1ffe123dd54cd7e8f99b2af1b564185dea0812fb7a2e7c646a6ad0b5fb62ef
frozen_ppo_flat_seed0,POLICY_CANDIDATE_FROZEN_PPO_FLAT,2026-01-27,2026-01,3755.6657,235.4085,230.0451,227.2444,True,mild_school,3214a452cca3041b47abda3c26d53b656806777e151c9f55c7fb840fd295430a,211b24eb00e37389f7228030898cc1196860dbc0ed5d23b5f6ff9583af1bfbf8
frozen_ppo_flat_seed0,POLICY_CANDIDATE_FROZEN_PPO_FLAT,2026-01-28,2026-01,3915.1713,250.2358,242.9409,239.6599,True,mild_school,1ebfb34ea36e9108231a1c9c30c5c620f5ea208b1974d23bb6d016f1f5c8aae6,537af0a2becb9ab24002c8f0289e0a6e722e86c1f729bdd47a37359940ebf1e2
frozen_ppo_flat_seed0,POLICY_CANDIDATE_FROZEN_PPO_FLAT,2026-01-29,2026-01,3854.1924,254.3586,246.1687,242.8713,True,mild_school,5f0d73089df9b93d2074d02a4b4a6f17d34651a5aa102bd0730310821e84ace2,6d321897c5f90812006fe46641d7f2c931183253c28da268e2f319174b8d2d5e
frozen_ppo_flat_seed0,POLICY_CANDIDATE_FROZEN_PPO_FLAT,2026-01-30,2026-01,3802.0676,243.2521,237.9589,234.9451,True,mild_school,d565501b8c13567244cc713d8fb8a9be0b30e1b6533fe97c7f052ec456722315,bd83046b42b7aa70c8da2e284318a1ef3fb1614b0e10583a127c2aa12e57914f
frozen_ppo_flat_seed0,POLICY_CANDIDATE_FROZEN_PPO_FLAT,2026-01-31,2026-01,2690.7745,143.9049,143.6593,143.1626,True,non_school,115ba5dcb8e4c2a420385832f8b9af86a1254f6542ebc8a3cf57f3cb17a10921,88014a3b9de0a349fc66737504e18dd2cc7c543d8cda1118f17722a98ea1e1ec
frozen_dqn_tou_seed1,POLICY_CANDIDATE_FROZEN_DQN_TOU,2025-12-01,2025-12,3511.0338,206.2207,197.0063,195.0356,True,mild_school,3ea9c5953ae5aa39f256f4593ed6330927f164ff72d1b19dd9cf092b4ed47b3b,ce17e6edaafe337db362e43d866153441c465377f8a7026b7a01b9c7a1ce48c2
frozen_dqn_tou_seed1,POLICY_CANDIDATE_FROZEN_DQN_TOU,2025-12-02,2025-12,3162.2059,202.5209,196.6827,194.4667,True,mild_school,d0ce5f11594e14c44f739f047d09fb6cae391ed6d3073c9df857f80c01d54357,1570d48f3f5b10a0a37aedc14b4acd6b78b6bd3b910c689ec2bd0d6420aedefb
frozen_dqn_tou_seed1,POLICY_CANDIDATE_FROZEN_DQN_TOU,2025-12-03,2025-12,3105.0878,193.6807,187.4907,184.7286,True,mild_school,d0ce5f11594e14c44f739f047d09fb6cae391ed6d3073c9df857f80c01d54357,7c8bfd48b3e059a041781e926b63d6b3edcf0c26e1779f90a85eb9e78e24d4a1
frozen_dqn_tou_seed1,POLICY_CANDIDATE_FROZEN_DQN_TOU,2025-12-04,2025-12,3967.0797,230.2293,219.9244,217.5679,True,mild_school,15fe61b28f4a99f611adbaec6e62adc7beaa3a07ded055a14771099622a3c1e6,4a51f4d43dbe5e53f5f9ff8d03fedea09f0b29980d3dd9756c3d117628c76927
frozen_dqn_tou_seed1,POLICY_CANDIDATE_FROZEN_DQN_TOU,2025-12-05,2025-12,3475.5868,197.9038,194.2971,192.2778,True,mild_school,3ea9c5953ae5aa39f256f4593ed6330927f164ff72d1b19dd9cf092b4ed47b3b,b3d57cdce39c465e78ca62c3720517a8b15653ba206419c2f474fb6d32a9e596
frozen_dqn_tou_seed1,POLICY_CANDIDATE_FROZEN_DQN_TOU,2025-12-06,2025-12,2113.7084,111.0096,110.9615,110.8626,True,non_school,d9aed19fbfc1754b17d2c9f30dd122dfc4f717f55a0c908e2db4f8d904a08de8,19a28019cd534c3178d09c202859e7e5c8339effea33757e483b1d388141e30a
frozen_dqn_tou_seed1,POLICY_CANDIDATE_FROZEN_DQN_TOU,2025-12-07,2025-12,3098.8311,171.0271,170.9299,170.7284,True,non_school,928f2199969837fccd62a88782fa48adc6854b5780ee740671d50e4acafcd138,858948c74f6a422ae15f012707f34b520f04c9e9703e14231f77f48520609a18
frozen_dqn_tou_seed1,POLICY_CANDIDATE_FROZEN_DQN_TOU,2025-12-08,2025-12,3963.916,230.7848,220.0844,214.8037,True,mild_school,3ea9c5953ae5aa39f256f4593ed6330927f164ff72d1b19dd9cf092b4ed47b3b,c4e9d974e06b2ec961786d1f079ba538b10b99b1919d1b349c7c171577789620
frozen_dqn_tou_seed1,POLICY_CANDIDATE_FROZEN_DQN_TOU,2025-12-09,2025-12,2890.7908,193.1867,187.1628,184.7665,True,mild_school,d0ce5f11594e14c44f739f047d09fb6cae391ed6d3073c9df857f80c01d54357,2b4a104729a8b7707f0da07f5616fdbb0c69bd3ecd3e4431a86a16195c9394fc
frozen_dqn_tou_seed1,POLICY_CANDIDATE_FROZEN_DQN_TOU,2025-12-10,2025-12,2858.6348,192.1031,186.3232,184.169,True,mild_school,d0ce5f11594e14c44f739f047d09fb6cae391ed6d3073c9df857f80c01d54357,e90292865b1b20b47377177cc596e02379b4a228441b6baa42c504de780dfb5e
frozen_dqn_tou_seed1,POLICY_CANDIDATE_FROZEN_DQN_TOU,2025-12-11,2025-12,3450.2695,202.5394,198.9004,196.9007,True,mild_school,15fe61b28f4a99f611adbaec6e62adc7beaa3a07ded055a14771099622a3c1e6,9017c7aef5b0fc4ad335dc348f175ca30b2aee7577de216f4156bce84ee1d28e
frozen_dqn_tou_seed1,POLICY_CANDIDATE_FROZEN_DQN_TOU,2025-12-12,2025-12,3692.7496,216.1738,210.9239,209.3434,True,mild_school,3ea9c5953ae5aa39f256f4593ed6330927f164ff72d1b19dd9cf092b4ed47b3b,fa0de3f274c3d946421a3e1251535f4e8e89dec469583eeef96ca92effc6d71b
frozen_dqn_tou_seed1,POLICY_CANDIDATE_FROZEN_DQN_TOU,2025-12-13,2025-12,3568.9962,184.5048,184.21,183.6189,True,non_school,928f2199969837fccd62a88782fa48adc6854b5780ee740671d50e4acafcd138,77159c36cd38ab5a6f899c5159b0c6a3fce535b225bff26331426225c47082c2
frozen_dqn_tou_seed1,POLICY_CANDIDATE_FROZEN_DQN_TOU,2025-12-14,2025-12,3250.0852,184.667,170.9128,170.3665,True,non_school,0da236aea7aff4268f49d18c6b0a3e84670dfed7c98663b21989dc7feddc838d,1ac551dc1073f021047722dfff4959727904ea773416ee895cd3c9b2ad278b7e
frozen_dqn_tou_seed1,POLICY_CANDIDATE_FROZEN_DQN_TOU,2025-12-15,2025-12,4036.1665,219.8952,215.1298,212.7841,True,cold_school,3ea9c5953ae5aa39f256f4593ed6330927f164ff72d1b19dd9cf092b4ed47b3b,b3a58a4cee1a36f65e83aa00c794886fb4d2b8dd09d9fdbb4138f5846e8cb649
frozen_dqn_tou_seed1,POLICY_CANDIDATE_FROZEN_DQN_TOU,2025-12-16,2025-12,3249.2537,200.6454,196.8463,194.3252,True,cold_school,3ea9c5953ae5aa39f256f4593ed6330927f164ff72d1b19dd9cf092b4ed47b3b,09783be59fb59b2bd61629db9ca1a56c0b98447b8857a5da2295daa2a3f2f1d5
frozen_dqn_tou_seed1,POLICY_CANDIDATE_FROZEN_DQN_TOU,2025-12-17,2025-12,2401.1363,177.8717,172.0407,169.879,True,cold_school,d0ce5f11594e14c44f739f047d09fb6cae391ed6d3073c9df857f80c01d54357,f8b367cd6bafd6d9b0d2f67673a79466b79a4625c220e7c783f645a35dab6cf6
frozen_dqn_tou_seed1,POLICY_CANDIDATE_FROZEN_DQN_TOU,2025-12-18,2025-12,2505.7443,171.7363,165.7629,163.3751,True,cold_school,8c48947b518a2ced0145b58a6f34bbd7c61abadb04d4e7ca36124d4d83039300,be798caa562205758e26f4f93d5b0e3b4a5a01732707dae0bb7132f40e447dc2
frozen_dqn_tou_seed1,POLICY_CANDIDATE_FROZEN_DQN_TOU,2025-12-19,2025-12,3730.4374,211.5352,207.73,206.0096,True,cold_school,3ea9c5953ae5aa39f256f4593ed6330927f164ff72d1b19dd9cf092b4ed47b3b,cdb9217135aeb560b808334c7e4826155999d7c8b5f1d02ab64b5d9c9db13fa4
frozen_dqn_tou_seed1,POLICY_CANDIDATE_FROZEN_DQN_TOU,2025-12-20,2025-12,2020.8348,129.357,124.187,122.7213,True,non_school,d9aed19fbfc1754b17d2c9f30dd122dfc4f717f55a0c908e2db4f8d904a08de8,0ab5853854326b4c4f0e42ff1178e0c763b9de4ddec83e93da31b776b2c4e6fd
frozen_dqn_tou_seed1,POLICY_CANDIDATE_FROZEN_DQN_TOU,2025-12-21,2025-12,2929.5225,165.4241,162.2782,162.1508,True,non_school,928f2199969837fccd62a88782fa48adc6854b5780ee740671d50e4acafcd138,22deae5331c7edce82bb05606e286e1009c5dc900b5dbfa752143c5725aaa4bc
frozen_dqn_tou_seed1,POLICY_CANDIDATE_FROZEN_DQN_TOU,2025-12-22,2025-12,2372.5688,127.144,127.0601,126.5626,True,non_school,d9aed19fbfc1754b17d2c9f30dd122dfc4f717f55a0c908e2db4f8d904a08de8,647e2ac435ec039f50140a0b8e03e1c6489d98b256e1ecfcf1314b745cf42d5e
frozen_dqn_tou_seed1,POLICY_CANDIDATE_FROZEN_DQN_TOU,2025-12-23,2025-12,2307.7719,131.3639,131.1677,130.3791,True,non_school,d9aed19fbfc1754b17d2c9f30dd122dfc4f717f55a0c908e2db4f8d904a08de8,b4757cffc547bb2ec7a10158a9a18dfe4b751d0c3b370172a08043a71d59f75b
frozen_dqn_tou_seed1,POLICY_CANDIDATE_FROZEN_DQN_TOU,2025-12-24,2025-12,2399.7642,134.2721,134.1053,133.408,True,non_school,d9aed19fbfc1754b17d2c9f30dd122dfc4f717f55a0c908e2db4f8d904a08de8,d91aab038a07fdfb7c1839cf08b623df5acab4b11825fe226473f99b2c2f8669
frozen_dqn_tou_seed1,POLICY_CANDIDATE_FROZEN_DQN_TOU,2025-12-25,2025-12,2285.1381,129.4386,129.3597,129.0747,True,non_school,d9aed19fbfc1754b17d2c9f30dd122dfc4f717f55a0c908e2db4f8d904a08de8,6323c70311eae0319361b8082c9abbe54d21a619fecfc85b4e3fa66b2ff8c87b
frozen_dqn_tou_seed1,POLICY_CANDIDATE_FROZEN_DQN_TOU,2025-12-26,2025-12,2307.3001,125.4213,125.3478,124.757,True,non_school,d9aed19fbfc1754b17d2c9f30dd122dfc4f717f55a0c908e2db4f8d904a08de8,5259f7a73edf2eddd23d5e72fe1019c7df95cc2c17b902ae7f2870a982ce1cdf
frozen_dqn_tou_seed1,POLICY_CANDIDATE_FROZEN_DQN_TOU,2025-12-27,2025-12,1908.0897,92.9321,92.7618,92.5717,True,non_school,d9aed19fbfc1754b17d2c9f30dd122dfc4f717f55a0c908e2db4f8d904a08de8,4be939216abeed18a19ac1622a6cbd00fd22b52d641e5503ccc8a4630f265ab4
frozen_dqn_tou_seed1,POLICY_CANDIDATE_FROZEN_DQN_TOU,2025-12-28,2025-12,1989.3194,117.9308,117.0597,115.3347,True,non_school,d9aed19fbfc1754b17d2c9f30dd122dfc4f717f55a0c908e2db4f8d904a08de8,168d11b61478b375ac79f27bc7945f8c5e744507845eef3fa42d8f7118af18ca
frozen_dqn_tou_seed1,POLICY_CANDIDATE_FROZEN_DQN_TOU,2025-12-29,2025-12,3150.979,146.3994,146.1351,145.7756,True,non_school,d9aed19fbfc1754b17d2c9f30dd122dfc4f717f55a0c908e2db4f8d904a08de8,bed5258659e8ed1442c07a996258cd97bc1302b80d22a1b714c5db605f0b237d
frozen_dqn_tou_seed1,POLICY_CANDIDATE_FROZEN_DQN_TOU,2025-12-30,2025-12,3689.2961,191.9616,183.3012,179.7473,True,non_school,928f2199969837fccd62a88782fa48adc6854b5780ee740671d50e4acafcd138,80252aa6739ff245e925247c7e60a9ccb74f78aedbda79e70b86822d0df49885
frozen_dqn_tou_seed1,POLICY_CANDIDATE_FROZEN_DQN_TOU,2025-12-31,2025-12,2773.6214,138.9912,138.6201,137.874,True,non_school,d9aed19fbfc1754b17d2c9f30dd122dfc4f717f55a0c908e2db4f8d904a08de8,90fba8a2df99bc775cf98a39b608a426017f6b845233ac02e3a11b2c51ede366
frozen_dqn_tou_seed1,POLICY_CANDIDATE_FROZEN_DQN_TOU,2026-01-01,2026-01,3815.4043,192.3373,184.1486,180.6856,True,non_school,928f2199969837fccd62a88782fa48adc6854b5780ee740671d50e4acafcd138,55963c1f2b9f10caba2bfcb3bfa9d8cf3a8376cc9a80c04f6fee227d7f725c66
frozen_dqn_tou_seed1,POLICY_CANDIDATE_FROZEN_DQN_TOU,2026-01-02,2026-01,3606.6836,183.8122,174.9582,173.958,True,non_school,928f2199969837fccd62a88782fa48adc6854b5780ee740671d50e4acafcd138,b5948967a9f68178b70493578b67549380b4e3d29f3793e2e7c1e0440b13c00b
frozen_dqn_tou_seed1,POLICY_CANDIDATE_FROZEN_DQN_TOU,2026-01-03,2026-01,3055.7594,150.3325,149.9803,149.2756,True,non_school,928f2199969837fccd62a88782fa48adc6854b5780ee740671d50e4acafcd138,ad067b433e39a32cd1d67917b4d563cacd54ad383b4a33dfbfadcf9b491671aa
frozen_dqn_tou_seed1,POLICY_CANDIDATE_FROZEN_DQN_TOU,2026-01-04,2026-01,2751.2816,158.5013,156.2631,151.8364,True,non_school,928f2199969837fccd62a88782fa48adc6854b5780ee740671d50e4acafcd138,0cd42d378bde4493306137d420747ee96f25b95522460cd753e19dda85a10673
frozen_dqn_tou_seed1,POLICY_CANDIDATE_FROZEN_DQN_TOU,2026-01-05,2026-01,2638.7624,192.4606,186.5413,184.0631,True,cold_school,d0ce5f11594e14c44f739f047d09fb6cae391ed6d3073c9df857f80c01d54357,a789ca92bd97cd23ee72f6682eacd5a78d5aff3abb39f3156bd7126dd29dd5cb
frozen_dqn_tou_seed1,POLICY_CANDIDATE_FROZEN_DQN_TOU,2026-01-06,2026-01,2513.3431,183.0427,177.0789,174.7362,True,cold_school,d0ce5f11594e14c44f739f047d09fb6cae391ed6d3073c9df857f80c01d54357,caf94c04bbf6db078810906bd74c4ef4532adf54f0048b03be3d4ee050c5b047
frozen_dqn_tou_seed1,POLICY_CANDIDATE_FROZEN_DQN_TOU,2026-01-07,2026-01,2586.4635,184.8548,178.967,176.8446,True,cold_school,d0ce5f11594e14c44f739f047d09fb6cae391ed6d3073c9df857f80c01d54357,b303cfd8276038d4e7b7890fd97b13f42cf45f575db44ada3f9c2d1f3ac0431d
frozen_dqn_tou_seed1,POLICY_CANDIDATE_FROZEN_DQN_TOU,2026-01-08,2026-01,2185.7777,179.1266,173.1674,170.7818,True,cold_school,8c48947b518a2ced0145b58a6f34bbd7c61abadb04d4e7ca36124d4d83039300,d4188344db068cd200be4bc33c25f86d6ce31186d6744959267c6755856a88f7
frozen_dqn_tou_seed1,POLICY_CANDIDATE_FROZEN_DQN_TOU,2026-01-09,2026-01,2295.5047,177.4542,171.4266,169.0142,True,cold_school,d0ce5f11594e14c44f739f047d09fb6cae391ed6d3073c9df857f80c01d54357,4dd51c8531237977dec609bea8e1c34d0b277b4bb4514f3b5bcf296d5c90ae3b
frozen_dqn_tou_seed1,POLICY_CANDIDATE_FROZEN_DQN_TOU,2026-01-10,2026-01,1950.9878,115.8765,115.5878,115.0065,True,non_school,d9aed19fbfc1754b17d2c9f30dd122dfc4f717f55a0c908e2db4f8d904a08de8,dfeaeaaf90601d99a8bf79870efca3de0904a8c6247e1cc7f770e4ceb89af761
frozen_dqn_tou_seed1,POLICY_CANDIDATE_FROZEN_DQN_TOU,2026-01-11,2026-01,2315.9417,115.9782,115.9163,115.8384,True,non_school,d9aed19fbfc1754b17d2c9f30dd122dfc4f717f55a0c908e2db4f8d904a08de8,006ec4b92b6e818c9ffd747c52a087a8e62aba3d8453ffc07c979df0a322a349
frozen_dqn_tou_seed1,POLICY_CANDIDATE_FROZEN_DQN_TOU,2026-01-12,2026-01,2759.5457,201.6344,195.5458,192.9141,True,cold_school,d0ce5f11594e14c44f739f047d09fb6cae391ed6d3073c9df857f80c01d54357,1dbffc554e0b0b505d849c0478f99836dfbc1bede4b6ca94fbf5839afc4ce38a
frozen_dqn_tou_seed1,POLICY_CANDIDATE_FROZEN_DQN_TOU,2026-01-13,2026-01,2192.306,175.9995,169.7045,166.9248,True,cold_school,d0ce5f11594e14c44f739f047d09fb6cae391ed6d3073c9df857f80c01d54357,8f836a003c820694a43dbefacfec56cf5d844f290f7c015c547edacd1e65d105
frozen_dqn_tou_seed1,POLICY_CANDIDATE_FROZEN_DQN_TOU,2026-01-14,2026-01,2966.426,191.1653,185.8315,184.6553,True,cold_school,d0ce5f11594e14c44f739f047d09fb6cae391ed6d3073c9df857f80c01d54357,b508a64f08fa99be39d87def534052b06d3ca57d481bb8b39aec9b0e147a0d6c
frozen_dqn_tou_seed1,POLICY_CANDIDATE_FROZEN_DQN_TOU,2026-01-15,2026-01,3358.1478,205.2422,201.7534,199.759,True,cold_school,15fe61b28f4a99f611adbaec6e62adc7beaa3a07ded055a14771099622a3c1e6,4015f4af0764f489feb4697858a1e19dd80af69ba99efbf6a56240643f0cf52e
frozen_dqn_tou_seed1,POLICY_CANDIDATE_FROZEN_DQN_TOU,2026-01-16,2026-01,2800.7851,189.5024,183.5946,181.0854,True,mild_school,d0ce5f11594e14c44f739f047d09fb6cae391ed6d3073c9df857f80c01d54357,7f78b1c6319628f064ad485d655c8e4bc351d8a1ba54f76372ef640a33ffde90
frozen_dqn_tou_seed1,POLICY_CANDIDATE_FROZEN_DQN_TOU,2026-01-17,2026-01,3070.107,151.3246,149.8686,148.8315,True,non_school,928f2199969837fccd62a88782fa48adc6854b5780ee740671d50e4acafcd138,71539c1df905e8ee454906c2ec9128dfdc303d1d242c64d65fe9a70e5e212f7d
frozen_dqn_tou_seed1,POLICY_CANDIDATE_FROZEN_DQN_TOU,2026-01-18,2026-01,3314.3218,169.5544,168.4016,166.1111,True,non_school,928f2199969837fccd62a88782fa48adc6854b5780ee740671d50e4acafcd138,d147143fc8695c8384e932c208a03b7a7adcbf4e4d7dbd73fcf103cfce43f728
frozen_dqn_tou_seed1,POLICY_CANDIDATE_FROZEN_DQN_TOU,2026-01-19,2026-01,3590.831,185.5525,176.4943,171.3515,True,non_school,0da236aea7aff4268f49d18c6b0a3e84670dfed7c98663b21989dc7feddc838d,0216265a5dd818b917176790a5f70ce96e0f495741c0a1a471dbbdbc1c75e286
frozen_dqn_tou_seed1,POLICY_CANDIDATE_FROZEN_DQN_TOU,2026-01-20,2026-01,3972.1286,253.6248,243.296,240.3233,True,mild_school,962e39f27e0f361f015c42ad0394bc14b5932380c628bb0021adbe9faaa6e73a,3e807e5d123ad83b879555cb903b8077a2f1faf1f2b9f8febd50ad87ede0e18a
frozen_dqn_tou_seed1,POLICY_CANDIDATE_FROZEN_DQN_TOU,2026-01-21,2026-01,3651.8511,204.7192,201.166,199.4688,True,mild_school,3ea9c5953ae5aa39f256f4593ed6330927f164ff72d1b19dd9cf092b4ed47b3b,a6bd9255987d96dc15746fbf46bb849a178c1d12762e249d7398e38b335917b1
frozen_dqn_tou_seed1,POLICY_CANDIDATE_FROZEN_DQN_TOU,2026-01-22,2026-01,3728.6433,206.8607,203.5913,201.8234,True,mild_school,15fe61b28f4a99f611adbaec6e62adc7beaa3a07ded055a14771099622a3c1e6,65e25e32f5cd442fb009274cce85acbcf81238510c90cd91eb3bc954618e3a87
frozen_dqn_tou_seed1,POLICY_CANDIDATE_FROZEN_DQN_TOU,2026-01-23,2026-01,4454.1602,261.1953,249.8743,243.9887,True,mild_school,962e39f27e0f361f015c42ad0394bc14b5932380c628bb0021adbe9faaa6e73a,b03e34b641ef0f42d0dc9c5912fb54a70753823444b8c8ae735f70382f644ee9
frozen_dqn_tou_seed1,POLICY_CANDIDATE_FROZEN_DQN_TOU,2026-01-24,2026-01,3703.8243,193.6416,193.3445,193.0164,True,non_school,0da236aea7aff4268f49d18c6b0a3e84670dfed7c98663b21989dc7feddc838d,feb47697e6feed519ec4af2699af7490cf8e50c17a96f447ed88bb4a85478e19
frozen_dqn_tou_seed1,POLICY_CANDIDATE_FROZEN_DQN_TOU,2026-01-25,2026-01,3459.1928,174.0966,173.9292,173.5946,True,non_school,0da236aea7aff4268f49d18c6b0a3e84670dfed7c98663b21989dc7feddc838d,b2b281ccca5ca190b3ee981c385da67b5a7d526797cdf8f4f5973f6ee9b35fd6
frozen_dqn_tou_seed1,POLICY_CANDIDATE_FROZEN_DQN_TOU,2026-01-26,2026-01,4137.2182,256.8661,247.5211,244.5843,True,mild_school,962e39f27e0f361f015c42ad0394bc14b5932380c628bb0021adbe9faaa6e73a,3acff92d28518da5c0c7d6e508c933387c4afed6137a16c0bad8eb42189dbb7e
frozen_dqn_tou_seed1,POLICY_CANDIDATE_FROZEN_DQN_TOU,2026-01-27,2026-01,4072.1326,215.3426,211.8571,209.9348,True,mild_school,3ea9c5953ae5aa39f256f4593ed6330927f164ff72d1b19dd9cf092b4ed47b3b,f4a7f92773f09f7209a3ff08ca6170dcbc3ec8f22636784e617e2a76a9f841b3
frozen_dqn_tou_seed1,POLICY_CANDIDATE_FROZEN_DQN_TOU,2026-01-28,2026-01,3753.857,234.3856,225.3894,222.6641,True,mild_school,962e39f27e0f361f015c42ad0394bc14b5932380c628bb0021adbe9faaa6e73a,f6f97c0fe264dfe1463823f47ece5745e484d8c2a735a8c0459fa04ef1320172
frozen_dqn_tou_seed1,POLICY_CANDIDATE_FROZEN_DQN_TOU,2026-01-29,2026-01,3779.7749,244.1328,233.7761,230.9045,True,mild_school,0c3408eb13854aa10da671e3714e95b9a72b338fbfd42dd90a41edf0babd0679,be2f6f02c5e90b8d22aa993579aa68fca26482404a0cd3437c9a4576d56c4abd
frozen_dqn_tou_seed1,POLICY_CANDIDATE_FROZEN_DQN_TOU,2026-01-30,2026-01,3735.9868,230.8835,226.3835,223.7592,True,mild_school,962e39f27e0f361f015c42ad0394bc14b5932380c628bb0021adbe9faaa6e73a,3eb680240dd6411883053681721b445f889f7201a9123143abc5e8b9c700da51
frozen_dqn_tou_seed1,POLICY_CANDIDATE_FROZEN_DQN_TOU,2026-01-31,2026-01,3198.7069,183.5213,175.072,172.1719,True,non_school,928f2199969837fccd62a88782fa48adc6854b5780ee740671d50e4acafcd138,dc75f36c7da1e29d58822d25f923c4521751ad2b730b7162b3cf9b9de4e1e18c
grid_flat_discrete_42,POLICY_CANDIDATE_GRID_FLAT_DISCRETE_42,2025-12-01,2025-12,3143.8178,208.8557,202.8857,200.4833,True,mild_school,962e39f27e0f361f015c42ad0394bc14b5932380c628bb0021adbe9faaa6e73a,cb9eed0a9bd08f5ff6a77f5ac7834e9bac2ae04c0a71b5644d71ac89cc454c80
grid_flat_discrete_42,POLICY_CANDIDATE_GRID_FLAT_DISCRETE_42,2025-12-02,2025-12,3183.2689,205.8359,201.3363,199.1997,True,mild_school,962e39f27e0f361f015c42ad0394bc14b5932380c628bb0021adbe9faaa6e73a,daf33c649af534a26d496d6a7950813a2e8b06260939e419b27ba2448213a0ad
grid_flat_discrete_42,POLICY_CANDIDATE_GRID_FLAT_DISCRETE_42,2025-12-03,2025-12,3061.792,193.4742,188.6598,186.0856,True,mild_school,962e39f27e0f361f015c42ad0394bc14b5932380c628bb0021adbe9faaa6e73a,c8d99a88810cb8f61d629f743d87bf27c7a1a0ecc9868e5db87e5645d9fcec7e
grid_flat_discrete_42,POLICY_CANDIDATE_GRID_FLAT_DISCRETE_42,2025-12-04,2025-12,3617.0922,235.3652,228.4489,225.5556,True,mild_school,0c3408eb13854aa10da671e3714e95b9a72b338fbfd42dd90a41edf0babd0679,cf6b970c09f767773ad822cf7751264e859eb6d8a8bf126b25ecabc538045369
grid_flat_discrete_42,POLICY_CANDIDATE_GRID_FLAT_DISCRETE_42,2025-12-05,2025-12,3223.7338,212.476,207.7109,205.0346,True,mild_school,962e39f27e0f361f015c42ad0394bc14b5932380c628bb0021adbe9faaa6e73a,f0cf79f1cf2fb9f6fa0afbf3de6fdf587f536c640f45e94e96ab8a72474a3803
grid_flat_discrete_42,POLICY_CANDIDATE_GRID_FLAT_DISCRETE_42,2025-12-06,2025-12,2136.5833,109.5642,109.5284,109.4545,True,non_school,0da236aea7aff4268f49d18c6b0a3e84670dfed7c98663b21989dc7feddc838d,a332dae7194244e30d0180022cb823b406891053f7d62d9c69b2c06e67ed8a88
grid_flat_discrete_42,POLICY_CANDIDATE_GRID_FLAT_DISCRETE_42,2025-12-07,2025-12,2650.8735,152.9768,152.8658,152.6366,True,non_school,0da236aea7aff4268f49d18c6b0a3e84670dfed7c98663b21989dc7feddc838d,701452d811b96645d11ac877928224091fa296d313a86fd76147c13f85e9d0bc
grid_flat_discrete_42,POLICY_CANDIDATE_GRID_FLAT_DISCRETE_42,2025-12-08,2025-12,3743.329,242.7361,232.7199,229.777,True,mild_school,962e39f27e0f361f015c42ad0394bc14b5932380c628bb0021adbe9faaa6e73a,8d7b8a3950f85d21e41ec8b924516a965257760b35e05def752dac27bdb5915f
grid_flat_discrete_42,POLICY_CANDIDATE_GRID_FLAT_DISCRETE_42,2025-12-09,2025-12,2938.1818,198.4527,193.7426,191.3767,True,mild_school,962e39f27e0f361f015c42ad0394bc14b5932380c628bb0021adbe9faaa6e73a,adeeb187672fb6205ad81195aaf87ecd92b25343552a87368541c04b619b74ca
grid_flat_discrete_42,POLICY_CANDIDATE_GRID_FLAT_DISCRETE_42,2025-12-10,2025-12,2821.7985,192.2991,187.8688,185.8812,True,mild_school,962e39f27e0f361f015c42ad0394bc14b5932380c628bb0021adbe9faaa6e73a,3e531f1054ad14d4219b0a9e42de04bc3002592eb2b54e078d339cdf10e3f3cb
grid_flat_discrete_42,POLICY_CANDIDATE_GRID_FLAT_DISCRETE_42,2025-12-11,2025-12,3103.9197,212.1891,207.4401,204.9123,True,mild_school,0c3408eb13854aa10da671e3714e95b9a72b338fbfd42dd90a41edf0babd0679,d18607912fe66695616e24a441ea7d2a5f4511f6419049d40ea57a1dd15d53ae
grid_flat_discrete_42,POLICY_CANDIDATE_GRID_FLAT_DISCRETE_42,2025-12-12,2025-12,3440.1523,228.3433,224.1285,221.8898,True,mild_school,962e39f27e0f361f015c42ad0394bc14b5932380c628bb0021adbe9faaa6e73a,99a61b394b0b5a824f42d7006d53d3e816e3c3af76c0c222bbde136e02c51ab3
grid_flat_discrete_42,POLICY_CANDIDATE_GRID_FLAT_DISCRETE_42,2025-12-13,2025-12,3174.733,167.1403,166.8457,166.2552,True,non_school,0da236aea7aff4268f49d18c6b0a3e84670dfed7c98663b21989dc7feddc838d,23910a9bc3162dfa5724c207270956a415c845d3939dcfbf8603d8884ac7b8a7
grid_flat_discrete_42,POLICY_CANDIDATE_GRID_FLAT_DISCRETE_42,2025-12-14,2025-12,3408.3827,179.2954,179.0989,178.7034,True,non_school,0da236aea7aff4268f49d18c6b0a3e84670dfed7c98663b21989dc7feddc838d,3911ee194bb1f5282d9264b26777b4cf316485b7ed819360b04c18e7e9fbef1e
grid_flat_discrete_42,POLICY_CANDIDATE_GRID_FLAT_DISCRETE_42,2025-12-15,2025-12,3687.8222,228.8906,223.9166,221.0188,True,cold_school,962e39f27e0f361f015c42ad0394bc14b5932380c628bb0021adbe9faaa6e73a,bc68783f26b4bed0c51ce354bbe7cdbe7d65dd2af1dad40370de42c42ec19c3d
grid_flat_discrete_42,POLICY_CANDIDATE_GRID_FLAT_DISCRETE_42,2025-12-16,2025-12,3008.8771,215.1365,210.1817,207.0044,True,cold_school,962e39f27e0f361f015c42ad0394bc14b5932380c628bb0021adbe9faaa6e73a,c042a8edb33df9a3621a3b875b7739d699fcdeaa0b1ffbb204dc5400110a9ec4
grid_flat_discrete_42,POLICY_CANDIDATE_GRID_FLAT_DISCRETE_42,2025-12-17,2025-12,2444.3377,182.7122,178.1944,176.0326,True,cold_school,962e39f27e0f361f015c42ad0394bc14b5932380c628bb0021adbe9faaa6e73a,ffe305ed83afbbcfae08a4bcfe8c3f8536a9aa7e20de23aeab965cd690e1aa26
grid_flat_discrete_42,POLICY_CANDIDATE_GRID_FLAT_DISCRETE_42,2025-12-18,2025-12,2467.5617,171.8288,167.2069,164.9656,True,cold_school,0c3408eb13854aa10da671e3714e95b9a72b338fbfd42dd90a41edf0babd0679,6e58f1a87cad7889a9491d74a7578574012172e38b0f21898d3efcd1898fc4ff
grid_flat_discrete_42,POLICY_CANDIDATE_GRID_FLAT_DISCRETE_42,2025-12-19,2025-12,3403.064,220.8319,216.3585,214.1057,True,cold_school,962e39f27e0f361f015c42ad0394bc14b5932380c628bb0021adbe9faaa6e73a,861a98a34b524aabd0f6b37c94b11b1426795abbdb728e717ecbe68b78ba83f3
grid_flat_discrete_42,POLICY_CANDIDATE_GRID_FLAT_DISCRETE_42,2025-12-20,2025-12,2034.0629,123.0827,122.3637,120.9282,True,non_school,0da236aea7aff4268f49d18c6b0a3e84670dfed7c98663b21989dc7feddc838d,e8d6433b040124cc1664d08f1e6229e9f0e11aded89e72c4adfca7c9fce363bb
grid_flat_discrete_42,POLICY_CANDIDATE_GRID_FLAT_DISCRETE_42,2025-12-21,2025-12,2483.1258,139.9477,139.8252,139.5744,True,non_school,0da236aea7aff4268f49d18c6b0a3e84670dfed7c98663b21989dc7feddc838d,285fdff39a3bcff454afb0b30d861770c490a8f99d411b5f2d3096e8c775c16b
grid_flat_discrete_42,POLICY_CANDIDATE_GRID_FLAT_DISCRETE_42,2025-12-22,2025-12,2429.6743,131.0481,130.9061,130.298,True,non_school,0da236aea7aff4268f49d18c6b0a3e84670dfed7c98663b21989dc7feddc838d,73eace0441851f4fa85f72cdc24e01471952144edf3dbd7e1adf1f7c59e2d407
grid_flat_discrete_42,POLICY_CANDIDATE_GRID_FLAT_DISCRETE_42,2025-12-23,2025-12,2271.0714,130.4561,130.2497,129.4379,True,non_school,0da236aea7aff4268f49d18c6b0a3e84670dfed7c98663b21989dc7feddc838d,48584c18e6efc375a40cd05d895fc041437575bf83b94d853c3459e063b70b28
grid_flat_discrete_42,POLICY_CANDIDATE_GRID_FLAT_DISCRETE_42,2025-12-24,2025-12,2342.7905,132.3738,132.2063,131.5037,True,non_school,0da236aea7aff4268f49d18c6b0a3e84670dfed7c98663b21989dc7feddc838d,667bdca2e1f8493a5479a3e74ddeb703e01af9c0cd723e8989a5e3ff35e2503c
grid_flat_discrete_42,POLICY_CANDIDATE_GRID_FLAT_DISCRETE_42,2025-12-25,2025-12,2225.5418,127.4149,127.3363,127.0461,True,non_school,0da236aea7aff4268f49d18c6b0a3e84670dfed7c98663b21989dc7feddc838d,e897406c0a18121f3f91c5ff5f8686cb5faa47d8da0713946b6d0f06595042b1
grid_flat_discrete_42,POLICY_CANDIDATE_GRID_FLAT_DISCRETE_42,2025-12-26,2025-12,2247.5927,123.421,123.3474,122.7522,True,non_school,0da236aea7aff4268f49d18c6b0a3e84670dfed7c98663b21989dc7feddc838d,1ac1bd0532f3778dad0a12634ecdc10c77fa7e86391b3ce38ab2487aad70d57c
grid_flat_discrete_42,POLICY_CANDIDATE_GRID_FLAT_DISCRETE_42,2025-12-27,2025-12,1847.4615,90.0683,89.8989,89.7097,True,non_school,0da236aea7aff4268f49d18c6b0a3e84670dfed7c98663b21989dc7feddc838d,962a43749270761b153491055a5d12f06f5a0e1f30b12d549df947355afa5131
grid_flat_discrete_42,POLICY_CANDIDATE_GRID_FLAT_DISCRETE_42,2025-12-28,2025-12,1928.6616,114.9515,114.0853,112.3702,True,non_school,0da236aea7aff4268f49d18c6b0a3e84670dfed7c98663b21989dc7feddc838d,fc0dcab9e11db5319efeb0e176d78a87064765c3f0570240b2c3b3d34a7310ad
grid_flat_discrete_42,POLICY_CANDIDATE_GRID_FLAT_DISCRETE_42,2025-12-29,2025-12,3085.8371,144.2469,143.9835,143.6189,True,non_school,0da236aea7aff4268f49d18c6b0a3e84670dfed7c98663b21989dc7feddc838d,74acf4a4375e3143dea14e555d21aed050501a28fa61a06795f80b7079ad71f1
grid_flat_discrete_42,POLICY_CANDIDATE_GRID_FLAT_DISCRETE_42,2025-12-30,2025-12,3211.9438,168.7023,161.9264,161.0458,True,non_school,0da236aea7aff4268f49d18c6b0a3e84670dfed7c98663b21989dc7feddc838d,a3e9435146807e12f63fd7a34513560b34daf66889a9072fa6621a40b60323d5
grid_flat_discrete_42,POLICY_CANDIDATE_GRID_FLAT_DISCRETE_42,2025-12-31,2025-12,2830.3954,137.6687,137.3157,136.6062,True,non_school,0da236aea7aff4268f49d18c6b0a3e84670dfed7c98663b21989dc7feddc838d,447a82a75d9141e19f8328ca93816d4bf5f56a1c2d7d13f957e1a797bcb6359d
grid_flat_discrete_42,POLICY_CANDIDATE_GRID_FLAT_DISCRETE_42,2026-01-01,2026-01,3354.5877,170.2088,162.3725,161.7412,True,non_school,0da236aea7aff4268f49d18c6b0a3e84670dfed7c98663b21989dc7feddc838d,0c88352a50717a97a39d8e1f75af15ded63058b1734e7d940bd6db77db80adb7
grid_flat_discrete_42,POLICY_CANDIDATE_GRID_FLAT_DISCRETE_42,2026-01-02,2026-01,3255.9396,167.0865,162.1381,161.5449,True,non_school,0da236aea7aff4268f49d18c6b0a3e84670dfed7c98663b21989dc7feddc838d,e8c69155526e04c5bfabbfcc1c76e6fe526195e44537f52b40b32cfc16c5b3df
grid_flat_discrete_42,POLICY_CANDIDATE_GRID_FLAT_DISCRETE_42,2026-01-03,2026-01,2720.3931,134.5182,134.171,133.4763,True,non_school,0da236aea7aff4268f49d18c6b0a3e84670dfed7c98663b21989dc7feddc838d,774a3954b76bbff8f2e568ab9be89eafe15a5146e8a7b8ff8135d2cbf6a916a1
grid_flat_discrete_42,POLICY_CANDIDATE_GRID_FLAT_DISCRETE_42,2026-01-04,2026-01,2428.8973,142.6597,140.4764,136.1584,True,non_school,0da236aea7aff4268f49d18c6b0a3e84670dfed7c98663b21989dc7feddc838d,caf21f17451af15a4f351aa3db5aad30bc488e3b0818fbd0d9db3d37a860f0c6
grid_flat_discrete_42,POLICY_CANDIDATE_GRID_FLAT_DISCRETE_42,2026-01-05,2026-01,2731.9306,200.4346,195.8022,193.2758,True,cold_school,962e39f27e0f361f015c42ad0394bc14b5932380c628bb0021adbe9faaa6e73a,7ec4298f4c4004ec96a31703b68743e1b7736e77c0476af42c8cc3c14bc7794c
grid_flat_discrete_42,POLICY_CANDIDATE_GRID_FLAT_DISCRETE_42,2026-01-06,2026-01,2492.8289,183.7062,179.0977,176.9036,True,cold_school,962e39f27e0f361f015c42ad0394bc14b5932380c628bb0021adbe9faaa6e73a,21e7b6e88ed39a21a288c6a997bd2882e64b0bf66a707c2ed00fb37c7b1bba9e
grid_flat_discrete_42,POLICY_CANDIDATE_GRID_FLAT_DISCRETE_42,2026-01-07,2026-01,2532.6555,184.0888,179.5798,177.6411,True,cold_school,962e39f27e0f361f015c42ad0394bc14b5932380c628bb0021adbe9faaa6e73a,a1da9cd0d8f91a22f99970fad5476b19c80a5ff0a4db1e18af218bd6836b6973
grid_flat_discrete_42,POLICY_CANDIDATE_GRID_FLAT_DISCRETE_42,2026-01-08,2026-01,2134.2347,178.1102,173.5299,171.3313,True,cold_school,0c3408eb13854aa10da671e3714e95b9a72b338fbfd42dd90a41edf0babd0679,0f852d67ae517000d9b6b0d994bc9a2ca74518a930618e7a904374c7cca7dd42
grid_flat_discrete_42,POLICY_CANDIDATE_GRID_FLAT_DISCRETE_42,2026-01-09,2026-01,2248.4689,176.4731,171.8166,169.5851,True,cold_school,962e39f27e0f361f015c42ad0394bc14b5932380c628bb0021adbe9faaa6e73a,5a07f18bb9ef1e88a992b8f749e3c6e510030059d0fb6445d81241a16cb97d9b
grid_flat_discrete_42,POLICY_CANDIDATE_GRID_FLAT_DISCRETE_42,2026-01-10,2026-01,1884.8744,112.7297,112.4417,111.862,True,non_school,0da236aea7aff4268f49d18c6b0a3e84670dfed7c98663b21989dc7feddc838d,134272886a795db8784ffa7d127a67b3b1b77e23fc6555b3dfdc82cfadad462f
grid_flat_discrete_42,POLICY_CANDIDATE_GRID_FLAT_DISCRETE_42,2026-01-11,2026-01,2250.7991,112.8442,112.7832,112.7056,True,non_school,0da236aea7aff4268f49d18c6b0a3e84670dfed7c98663b21989dc7feddc838d,ebcd74f93b2812e0daff606147be0bd5230acfcff32c81d48bdd9beb1653f2f4
grid_flat_discrete_42,POLICY_CANDIDATE_GRID_FLAT_DISCRETE_42,2026-01-12,2026-01,2712.8064,200.7435,196.0423,193.6309,True,cold_school,962e39f27e0f361f015c42ad0394bc14b5932380c628bb0021adbe9faaa6e73a,b74e77722cae8321e46b8df63fd6fae37cec431ed2ad6999ef46043c9a4c833f
grid_flat_discrete_42,POLICY_CANDIDATE_GRID_FLAT_DISCRETE_42,2026-01-13,2026-01,2148.1847,174.9253,170.0035,167.4171,True,cold_school,962e39f27e0f361f015c42ad0394bc14b5932380c628bb0021adbe9faaa6e73a,8c51e9bed9787ae0ccbdb46b2e2392d42cc8439ef4b1886e3667f001e7ce7f0e
grid_flat_discrete_42,POLICY_CANDIDATE_GRID_FLAT_DISCRETE_42,2026-01-14,2026-01,2906.0987,189.9247,185.9558,184.9679,True,cold_school,962e39f27e0f361f015c42ad0394bc14b5932380c628bb0021adbe9faaa6e73a,c7a217e294f52d8769ad4c9e300bd2fbec099bd9fb9b1e783695788c14d0c95d
grid_flat_discrete_42,POLICY_CANDIDATE_GRID_FLAT_DISCRETE_42,2026-01-15,2026-01,3011.4372,214.6906,210.0938,207.5781,True,cold_school,0c3408eb13854aa10da671e3714e95b9a72b338fbfd42dd90a41edf0babd0679,6f19429a6829b669af8e44808505cad2a754dd28d75140126147dd351ed183c0
grid_flat_discrete_42,POLICY_CANDIDATE_GRID_FLAT_DISCRETE_42,2026-01-16,2026-01,2837.5039,193.6309,189.0338,186.5819,True,mild_school,962e39f27e0f361f015c42ad0394bc14b5932380c628bb0021adbe9faaa6e73a,8f8e1e7857b72245f36affdf412ebbe1331749c352d0ba854d7ba6f60e092463
grid_flat_discrete_42,POLICY_CANDIDATE_GRID_FLAT_DISCRETE_42,2026-01-17,2026-01,2614.5665,128.1933,127.6278,126.7169,True,non_school,0da236aea7aff4268f49d18c6b0a3e84670dfed7c98663b21989dc7feddc838d,0d5a363a37ad0bf18c66b12fad2a6a61bc1c55d5c8ef424803e581377050b2b6
grid_flat_discrete_42,POLICY_CANDIDATE_GRID_FLAT_DISCRETE_42,2026-01-18,2026-01,2953.7293,152.2389,151.1024,148.8435,True,non_school,0da236aea7aff4268f49d18c6b0a3e84670dfed7c98663b21989dc7feddc838d,512c4d9f00c276dbae44d2f7cebdd698eed906047d10d0182e82fea9ff3569ca
grid_flat_discrete_42,POLICY_CANDIDATE_GRID_FLAT_DISCRETE_42,2026-01-19,2026-01,3755.6722,194.032,185.039,180.0443,True,non_school,0da236aea7aff4268f49d18c6b0a3e84670dfed7c98663b21989dc7feddc838d,4feb584b6bc57a6dadb145508f668b547714c3f1fa2b63005fab00f4ac09ae1d
grid_flat_discrete_42,POLICY_CANDIDATE_GRID_FLAT_DISCRETE_42,2026-01-20,2026-01,4001.4114,254.948,245.1081,242.0805,True,mild_school,962e39f27e0f361f015c42ad0394bc14b5932380c628bb0021adbe9faaa6e73a,620d507b9dbae6824ca7c99631a8bb5364b319edba843d5d36e7b29945dc1a06
grid_flat_discrete_42,POLICY_CANDIDATE_GRID_FLAT_DISCRETE_42,2026-01-21,2026-01,3291.0406,213.0095,208.3578,206.1594,True,mild_school,962e39f27e0f361f015c42ad0394bc14b5932380c628bb0021adbe9faaa6e73a,2b75637527b359ff18b1c6ae8e49a00c65e27880bce8fdf3e897771ae2172998
grid_flat_discrete_42,POLICY_CANDIDATE_GRID_FLAT_DISCRETE_42,2026-01-22,2026-01,3449.264,220.7033,216.2822,213.8734,True,mild_school,0c3408eb13854aa10da671e3714e95b9a72b338fbfd42dd90a41edf0babd0679,df9f161bb33d9141a32854efed203d7e9090401b1847934655d87bc6a0c9608f
grid_flat_discrete_42,POLICY_CANDIDATE_GRID_FLAT_DISCRETE_42,2026-01-23,2026-01,4577.0283,265.9219,254.7532,250.9403,True,mild_school,962e39f27e0f361f015c42ad0394bc14b5932380c628bb0021adbe9faaa6e73a,2a9a12e4d527a6305b8cba889193bb904af1a80fa03c4e80d646e982de6bb266
grid_flat_discrete_42,POLICY_CANDIDATE_GRID_FLAT_DISCRETE_42,2026-01-24,2026-01,3724.2281,194.797,194.5101,194.1824,True,non_school,0da236aea7aff4268f49d18c6b0a3e84670dfed7c98663b21989dc7feddc838d,ebec0fcce65aa3a704662a26a2071246fe6ff4c9027d8a9bcfd069a2f6594b93
grid_flat_discrete_42,POLICY_CANDIDATE_GRID_FLAT_DISCRETE_42,2026-01-25,2026-01,3462.7655,174.2865,174.121,173.7901,True,non_school,0da236aea7aff4268f49d18c6b0a3e84670dfed7c98663b21989dc7feddc838d,fe7c8e2ffc35f0368a1c97b158fcdb536e03b14960b8f36de1d50361754cc062
grid_flat_discrete_42,POLICY_CANDIDATE_GRID_FLAT_DISCRETE_42,2026-01-26,2026-01,4137.819,256.8915,247.5591,244.621,True,mild_school,962e39f27e0f361f015c42ad0394bc14b5932380c628bb0021adbe9faaa6e73a,a7606113a0d1449c5ec1f85a6a56c60af40a7fc09871a5480b245a005a0590d6
grid_flat_discrete_42,POLICY_CANDIDATE_GRID_FLAT_DISCRETE_42,2026-01-27,2026-01,3691.5479,223.2579,218.685,216.2689,True,mild_school,962e39f27e0f361f015c42ad0394bc14b5932380c628bb0021adbe9faaa6e73a,714ec44e06a1001069e6182134375f830d30dc9fdd42fa9e514da57c3a95f3be
grid_flat_discrete_42,POLICY_CANDIDATE_GRID_FLAT_DISCRETE_42,2026-01-28,2026-01,3859.5035,240.4749,231.6886,228.7903,True,mild_school,962e39f27e0f361f015c42ad0394bc14b5932380c628bb0021adbe9faaa6e73a,4d4e15bad764144fe6ba74315c414d82fec3034e749ed0b3f15ec89fb0fe3ebe
grid_flat_discrete_42,POLICY_CANDIDATE_GRID_FLAT_DISCRETE_42,2026-01-29,2026-01,3797.3495,245.1806,234.9002,231.9979,True,mild_school,0c3408eb13854aa10da671e3714e95b9a72b338fbfd42dd90a41edf0babd0679,84eb1a84b43a39a1b737d6fb74f81f48e130704d2cd7bc016080ede3033f32a7
grid_flat_discrete_42,POLICY_CANDIDATE_GRID_FLAT_DISCRETE_42,2026-01-30,2026-01,3739.3017,231.0942,226.5923,223.9622,True,mild_school,962e39f27e0f361f015c42ad0394bc14b5932380c628bb0021adbe9faaa6e73a,f9509feaf18d345a2e0299000791f7011855087ce28405d93ca909675e91e3af
grid_flat_discrete_42,POLICY_CANDIDATE_GRID_FLAT_DISCRETE_42,2026-01-31,2026-01,2697.9857,143.6287,143.3864,142.8962,True,non_school,0da236aea7aff4268f49d18c6b0a3e84670dfed7c98663b21989dc7feddc838d,4fe4d92b39248c6eb15ee4d19ec3f24bf2765b13790f9579bb6ea1f200f13043
grid_tou_discrete_43,POLICY_CANDIDATE_GRID_TOU_DISCRETE_43,2025-12-01,2025-12,3186.4304,208.8557,202.8857,200.4833,True,mild_school,afc241ec809e27602121baf1d33bf198bef7be3ae25405e8002fceafbab43eb5,b647abd1b187d09f8d4e96febd8915612282c9d3b140d8f0547d21b25a0626db
grid_tou_discrete_43,POLICY_CANDIDATE_GRID_TOU_DISCRETE_43,2025-12-02,2025-12,3210.7755,205.1284,200.6354,198.5183,True,mild_school,afc241ec809e27602121baf1d33bf198bef7be3ae25405e8002fceafbab43eb5,b5d1630bcae4aa2723bc06afb4ee4ff883ed0db0c12ad682e5c4e6876c8942de
grid_tou_discrete_43,POLICY_CANDIDATE_GRID_TOU_DISCRETE_43,2025-12-03,2025-12,3091.3029,192.5396,187.7341,185.1857,True,mild_school,afc241ec809e27602121baf1d33bf198bef7be3ae25405e8002fceafbab43eb5,fad1dbff0d8aa4eed292cd4b281750e8d94146cc7bc8d18291b2843129e54f6c
grid_tou_discrete_43,POLICY_CANDIDATE_GRID_TOU_DISCRETE_43,2025-12-04,2025-12,3638.049,234.5017,227.5572,224.6887,True,mild_school,bcb044fe42d522eb71fae0bee960a055a5462886520e42041f2cb9e3785a765a,73d4ab1e38a606a544bdd7449c8a47a384af552fb6f8499f2a75fb13da4eace1
grid_tou_discrete_43,POLICY_CANDIDATE_GRID_TOU_DISCRETE_43,2025-12-05,2025-12,3254.6002,211.6363,206.8789,204.2253,True,mild_school,afc241ec809e27602121baf1d33bf198bef7be3ae25405e8002fceafbab43eb5,286bfce7c666e0d239e0452cc259c40ffb91c5e381a986947b7149fd7926f671
grid_tou_discrete_43,POLICY_CANDIDATE_GRID_TOU_DISCRETE_43,2025-12-06,2025-12,2123.3168,109.3126,109.2747,109.1967,True,non_school,0da236aea7aff4268f49d18c6b0a3e84670dfed7c98663b21989dc7feddc838d,e16ea291ca9f65f32a1e0d53239e0b12b48166b22f67935cc15e9fd9e5182a23
grid_tou_discrete_43,POLICY_CANDIDATE_GRID_TOU_DISCRETE_43,2025-12-07,2025-12,2647.9838,152.9294,152.818,152.588,True,non_school,0da236aea7aff4268f49d18c6b0a3e84670dfed7c98663b21989dc7feddc838d,ee8b1d60c5c62e3e628beaccb1b68b0374a739ce6bc674c930191573449706b3
grid_tou_discrete_43,POLICY_CANDIDATE_GRID_TOU_DISCRETE_43,2025-12-08,2025-12,3781.6287,242.7046,232.6861,229.7442,True,mild_school,afc241ec809e27602121baf1d33bf198bef7be3ae25405e8002fceafbab43eb5,34913a7e7a59f7debbc6ed9e7b86952e65716e353a765511894804b6ec978eae
grid_tou_discrete_43,POLICY_CANDIDATE_GRID_TOU_DISCRETE_43,2025-12-09,2025-12,2970.1472,197.6724,192.9698,190.6253,True,mild_school,afc241ec809e27602121baf1d33bf198bef7be3ae25405e8002fceafbab43eb5,2e57a224bc03b151497cd7e15b9347481bdfadd87f9ab1d7cda98842b6411d03
grid_tou_discrete_43,POLICY_CANDIDATE_GRID_TOU_DISCRETE_43,2025-12-10,2025-12,2850.8903,191.3596,186.9387,184.9775,True,mild_school,afc241ec809e27602121baf1d33bf198bef7be3ae25405e8002fceafbab43eb5,2d43de9d9d4a1ff99069d6f4bbc6f369b39f81af018c2d5feaf4bdcdff4c0fa6
grid_tou_discrete_43,POLICY_CANDIDATE_GRID_TOU_DISCRETE_43,2025-12-11,2025-12,3125.1894,211.2889,206.5484,204.0459,True,mild_school,bcb044fe42d522eb71fae0bee960a055a5462886520e42041f2cb9e3785a765a,4f35265efae8f8f50c55aa06ee07dc4c21ae7084da3e55c5ca9bfc87b98e9e1c
grid_tou_discrete_43,POLICY_CANDIDATE_GRID_TOU_DISCRETE_43,2025-12-12,2025-12,3465.1623,227.4781,223.2716,221.0565,True,mild_school,afc241ec809e27602121baf1d33bf198bef7be3ae25405e8002fceafbab43eb5,245455ee0cfa0dd3ed2ccddf8a0b3ca876827951168befb487e07dc45012d2aa
grid_tou_discrete_43,POLICY_CANDIDATE_GRID_TOU_DISCRETE_43,2025-12-13,2025-12,3160.3509,166.9105,166.6139,166.019,True,non_school,0da236aea7aff4268f49d18c6b0a3e84670dfed7c98663b21989dc7feddc838d,a0d7611a8f3a53b64a42fa0247b89c5886a01cde230e25ea8fc8f892437466ae
grid_tou_discrete_43,POLICY_CANDIDATE_GRID_TOU_DISCRETE_43,2025-12-14,2025-12,3405.8174,179.1596,178.9616,178.5635,True,non_school,0da236aea7aff4268f49d18c6b0a3e84670dfed7c98663b21989dc7feddc838d,c43df7d0811d4c0f94d9445e8a232077b09f2cee39a711467cfe705facad9252
grid_tou_discrete_43,POLICY_CANDIDATE_GRID_TOU_DISCRETE_43,2025-12-15,2025-12,3726.0725,228.8627,223.889,220.9919,True,cold_school,afc241ec809e27602121baf1d33bf198bef7be3ae25405e8002fceafbab43eb5,c4edcf1459dcf5b217cdd7897e10c81b2ff38e603e5d0703da1df1dba344a000
grid_tou_discrete_43,POLICY_CANDIDATE_GRID_TOU_DISCRETE_43,2025-12-16,2025-12,3033.4814,214.3495,209.4019,206.2458,True,cold_school,afc241ec809e27602121baf1d33bf198bef7be3ae25405e8002fceafbab43eb5,369e539400890d90db950be51db31c23435fd93c092cc6a915e46792f1ea7ee1
grid_tou_discrete_43,POLICY_CANDIDATE_GRID_TOU_DISCRETE_43,2025-12-17,2025-12,2473.9169,181.8422,177.3335,175.1972,True,cold_school,afc241ec809e27602121baf1d33bf198bef7be3ae25405e8002fceafbab43eb5,9536a5c7e9ea06e239090dbef7f61c2afd523bd27858c37e2a2e71df7d225746
grid_tou_discrete_43,POLICY_CANDIDATE_GRID_TOU_DISCRETE_43,2025-12-18,2025-12,2496.0464,171.0347,166.421,164.2026,True,cold_school,bcb044fe42d522eb71fae0bee960a055a5462886520e42041f2cb9e3785a765a,77a772734e2e575420520e52bea9d709f5a247cc840822d0b395989d5c6e4a6f
grid_tou_discrete_43,POLICY_CANDIDATE_GRID_TOU_DISCRETE_43,2025-12-19,2025-12,3426.1197,219.9117,215.447,213.2197,True,cold_school,afc241ec809e27602121baf1d33bf198bef7be3ae25405e8002fceafbab43eb5,150ad33ca2ce3e9a2155cf51e9769e8152480c7eb5d34cb90e31c92ea8826280
grid_tou_discrete_43,POLICY_CANDIDATE_GRID_TOU_DISCRETE_43,2025-12-20,2025-12,2020.6117,122.8431,122.1221,120.6824,True,non_school,0da236aea7aff4268f49d18c6b0a3e84670dfed7c98663b21989dc7feddc838d,268e3f4c39811a88dcf869af30c1ab54cb9e6ba23e1b9754116367c3537a9dfc
grid_tou_discrete_43,POLICY_CANDIDATE_GRID_TOU_DISCRETE_43,2025-12-21,2025-12,2480.3609,139.7988,139.6751,139.4216,True,non_school,0da236aea7aff4268f49d18c6b0a3e84670dfed7c98663b21989dc7feddc838d,d369a49c39f4a14eba740217f0b0d42c5e7f1b7ed8323f6ee35f2c5b54fb5a62
grid_tou_discrete_43,POLICY_CANDIDATE_GRID_TOU_DISCRETE_43,2025-12-22,2025-12,2429.1311,131.0195,130.8777,130.2702,True,non_school,0da236aea7aff4268f49d18c6b0a3e84670dfed7c98663b21989dc7feddc838d,5e2c6f2b4449437eec0e873904d70326d1f686c61e4b6ab172cabb4a2349f3b7
grid_tou_discrete_43,POLICY_CANDIDATE_GRID_TOU_DISCRETE_43,2025-12-23,2025-12,2270.9769,130.4507,130.2444,129.4326,True,non_school,0da236aea7aff4268f49d18c6b0a3e84670dfed7c98663b21989dc7feddc838d,03708c4d342c3e2ed7f7f77a2dc114816432e3d14b7ada8bc9efe053226d9b38
grid_tou_discrete_43,POLICY_CANDIDATE_GRID_TOU_DISCRETE_43,2025-12-24,2025-12,2342.7678,132.3726,132.2051,131.5025,True,non_school,0da236aea7aff4268f49d18c6b0a3e84670dfed7c98663b21989dc7feddc838d,4376672b1c86d1dfe304c205cdbb491b735da9b2e75423596d85331c3b564c22
grid_tou_discrete_43,POLICY_CANDIDATE_GRID_TOU_DISCRETE_43,2025-12-25,2025-12,2225.5372,127.4147,127.336,127.0459,True,non_school,0da236aea7aff4268f49d18c6b0a3e84670dfed7c98663b21989dc7feddc838d,5fea395ddbcc41f845ba6c71e76baed0dfd228767797d202bff093ea4da4bf51
grid_tou_discrete_43,POLICY_CANDIDATE_GRID_TOU_DISCRETE_43,2025-12-26,2025-12,2247.5917,123.4209,123.3474,122.7521,True,non_school,0da236aea7aff4268f49d18c6b0a3e84670dfed7c98663b21989dc7feddc838d,f6e0410136f2259797bd2c42b01b38c0c7a0e0260657eae009454c6dfacb05f2
grid_tou_discrete_43,POLICY_CANDIDATE_GRID_TOU_DISCRETE_43,2025-12-27,2025-12,1847.4613,90.0683,89.8989,89.7097,True,non_school,0da236aea7aff4268f49d18c6b0a3e84670dfed7c98663b21989dc7feddc838d,ccbfeaf6c3edd073c5489f7ff22a14cd6040885da86299403de8e9ecc5202f35
grid_tou_discrete_43,POLICY_CANDIDATE_GRID_TOU_DISCRETE_43,2025-12-28,2025-12,1928.6616,114.9515,114.0853,112.3702,True,non_school,0da236aea7aff4268f49d18c6b0a3e84670dfed7c98663b21989dc7feddc838d,077ae408625982c7963c82470cf7027f55b922c84782f81109313bf39c9f76c9
grid_tou_discrete_43,POLICY_CANDIDATE_GRID_TOU_DISCRETE_43,2025-12-29,2025-12,3085.8371,144.2469,143.9835,143.6189,True,non_school,0da236aea7aff4268f49d18c6b0a3e84670dfed7c98663b21989dc7feddc838d,006b459719178a6188fc93c43223b486ba0b12e77241f1496694d9bd71666dac
grid_tou_discrete_43,POLICY_CANDIDATE_GRID_TOU_DISCRETE_43,2025-12-30,2025-12,3211.9438,168.7023,161.9264,161.0458,True,non_school,0da236aea7aff4268f49d18c6b0a3e84670dfed7c98663b21989dc7feddc838d,46c24cd8bb3780352573804023aa617bb238ed2fbf79aff4bf7e7b95e93be2bc
grid_tou_discrete_43,POLICY_CANDIDATE_GRID_TOU_DISCRETE_43,2025-12-31,2025-12,2830.3954,137.6687,137.3157,136.6062,True,non_school,0da236aea7aff4268f49d18c6b0a3e84670dfed7c98663b21989dc7feddc838d,447a82a75d9141e19f8328ca93816d4bf5f56a1c2d7d13f957e1a797bcb6359d
grid_tou_discrete_43,POLICY_CANDIDATE_GRID_TOU_DISCRETE_43,2026-01-01,2026-01,3354.5877,170.2088,162.3725,161.7412,True,non_school,0da236aea7aff4268f49d18c6b0a3e84670dfed7c98663b21989dc7feddc838d,0c88352a50717a97a39d8e1f75af15ded63058b1734e7d940bd6db77db80adb7
grid_tou_discrete_43,POLICY_CANDIDATE_GRID_TOU_DISCRETE_43,2026-01-02,2026-01,3255.9396,167.0865,162.1381,161.5449,True,non_school,0da236aea7aff4268f49d18c6b0a3e84670dfed7c98663b21989dc7feddc838d,e8c69155526e04c5bfabbfcc1c76e6fe526195e44537f52b40b32cfc16c5b3df
grid_tou_discrete_43,POLICY_CANDIDATE_GRID_TOU_DISCRETE_43,2026-01-03,2026-01,2720.3931,134.5182,134.171,133.4763,True,non_school,0da236aea7aff4268f49d18c6b0a3e84670dfed7c98663b21989dc7feddc838d,774a3954b76bbff8f2e568ab9be89eafe15a5146e8a7b8ff8135d2cbf6a916a1
grid_tou_discrete_43,POLICY_CANDIDATE_GRID_TOU_DISCRETE_43,2026-01-04,2026-01,2428.8973,142.6597,140.4764,136.1584,True,non_school,0da236aea7aff4268f49d18c6b0a3e84670dfed7c98663b21989dc7feddc838d,caf21f17451af15a4f351aa3db5aad30bc488e3b0818fbd0d9db3d37a860f0c6
grid_tou_discrete_43,POLICY_CANDIDATE_GRID_TOU_DISCRETE_43,2026-01-05,2026-01,2769.2801,200.4346,195.8022,193.2758,True,cold_school,afc241ec809e27602121baf1d33bf198bef7be3ae25405e8002fceafbab43eb5,efa2a7cd6487c7fe3664d931c659679944a062983bea385c15c6306098a49546
grid_tou_discrete_43,POLICY_CANDIDATE_GRID_TOU_DISCRETE_43,2026-01-06,2026-01,2523.4104,182.9848,178.3834,176.2096,True,cold_school,afc241ec809e27602121baf1d33bf198bef7be3ae25405e8002fceafbab43eb5,d2e4b97f6fc216ef1b23ff7f62746b93b330c7fbbd614e404ca21cb5bae14fe0
grid_tou_discrete_43,POLICY_CANDIDATE_GRID_TOU_DISCRETE_43,2026-01-07,2026-01,2565.3333,183.2469,178.7469,176.8321,True,cold_school,afc241ec809e27602121baf1d33bf198bef7be3ae25405e8002fceafbab43eb5,11f6b21b4ed2597bf1dcc7437b793a0a76ccd63885a00b1dc86745c2f4c020c0
grid_tou_discrete_43,POLICY_CANDIDATE_GRID_TOU_DISCRETE_43,2026-01-08,2026-01,2162.1419,177.2234,172.652,170.4788,True,cold_school,bcb044fe42d522eb71fae0bee960a055a5462886520e42041f2cb9e3785a765a,aea2abcf3b117f5131c9c6ad382f64ec984f6adb89790b6901a520b7f2fff1b2
grid_tou_discrete_43,POLICY_CANDIDATE_GRID_TOU_DISCRETE_43,2026-01-09,2026-01,2272.1701,175.5323,170.8854,168.6809,True,cold_school,afc241ec809e27602121baf1d33bf198bef7be3ae25405e8002fceafbab43eb5,2686eb623e3ffdc43bf2980a11a11825569151b68cca4447f3f2ecd921d8e777
grid_tou_discrete_43,POLICY_CANDIDATE_GRID_TOU_DISCRETE_43,2026-01-10,2026-01,1874.0695,112.5201,112.2305,111.6475,True,non_school,0da236aea7aff4268f49d18c6b0a3e84670dfed7c98663b21989dc7feddc838d,353ce566ba68b5e2264e3d12bd8c658c3521d2fa7bc2123dc7c0b9fdf28649a5
grid_tou_discrete_43,POLICY_CANDIDATE_GRID_TOU_DISCRETE_43,2026-01-11,2026-01,2248.3233,112.6593,112.5999,112.5222,True,non_school,0da236aea7aff4268f49d18c6b0a3e84670dfed7c98663b21989dc7feddc838d,5844582443d07e7ccf7cc59275ab9a00118fb5c5862198d9838d8984bc080970
grid_tou_discrete_43,POLICY_CANDIDATE_GRID_TOU_DISCRETE_43,2026-01-12,2026-01,2747.5831,200.7142,196.0132,193.6026,True,cold_school,afc241ec809e27602121baf1d33bf198bef7be3ae25405e8002fceafbab43eb5,3b3d2b66b43e9b5ee8aef969c4bb12de9c9de6e554d4b5f72be9f476f7dc7024
grid_tou_discrete_43,POLICY_CANDIDATE_GRID_TOU_DISCRETE_43,2026-01-13,2026-01,2168.8607,174.2381,169.3231,166.7564,True,cold_school,afc241ec809e27602121baf1d33bf198bef7be3ae25405e8002fceafbab43eb5,c1927f9b99689f3579956766d758abc26e32eb7fbedea75d9d52c809cb30e7da
grid_tou_discrete_43,POLICY_CANDIDATE_GRID_TOU_DISCRETE_43,2026-01-14,2026-01,2940.0077,189.2382,185.2765,184.3088,True,cold_school,afc241ec809e27602121baf1d33bf198bef7be3ae25405e8002fceafbab43eb5,143e84542e5889920ddf2dc6601486e8f2199fe3d7cdb6f61a954fedb1bb6721
grid_tou_discrete_43,POLICY_CANDIDATE_GRID_TOU_DISCRETE_43,2026-01-15,2026-01,3033.0135,213.842,209.2533,206.7609,True,cold_school,bcb044fe42d522eb71fae0bee960a055a5462886520e42041f2cb9e3785a765a,d2c1ae02fdc48319aefd656e1af354b0c62f1c3cce78595587a0ee2905a81df8
grid_tou_discrete_43,POLICY_CANDIDATE_GRID_TOU_DISCRETE_43,2026-01-16,2026-01,2860.5841,192.7668,188.1781,185.75,True,mild_school,afc241ec809e27602121baf1d33bf198bef7be3ae25405e8002fceafbab43eb5,4902d53ebd506230b696a1e7204fc40d2c4dfdb73b3f942e43b2d2e80e8494ec
grid_tou_discrete_43,POLICY_CANDIDATE_GRID_TOU_DISCRETE_43,2026-01-17,2026-01,2601.4636,127.4965,126.9253,126.4923,True,non_school,0da236aea7aff4268f49d18c6b0a3e84670dfed7c98663b21989dc7feddc838d,b6f9badf332a10780c5fc25dcfeb2190cddb514e2cb6d2bdaee1359015019588
grid_tou_discrete_43,POLICY_CANDIDATE_GRID_TOU_DISCRETE_43,2026-01-18,2026-01,2951.2745,152.1093,150.9714,148.7098,True,non_school,0da236aea7aff4268f49d18c6b0a3e84670dfed7c98663b21989dc7feddc838d,a7f5fe35c89bd88c450efec26ea75197fd54adb52e843db5c496622888ac3be6
grid_tou_discrete_43,POLICY_CANDIDATE_GRID_TOU_DISCRETE_43,2026-01-19,2026-01,3755.2539,194.0099,185.0167,180.0216,True,non_school,0da236aea7aff4268f49d18c6b0a3e84670dfed7c98663b21989dc7feddc838d,a9fae62c7d2df08b6837d8d7cf01a2ec79e75395cfd2f82f15ca4b37c59f5d36
grid_tou_discrete_43,POLICY_CANDIDATE_GRID_TOU_DISCRETE_43,2026-01-20,2026-01,4037.527,254.9449,245.1035,242.076,True,mild_school,afc241ec809e27602121baf1d33bf198bef7be3ae25405e8002fceafbab43eb5,41c01bb7e7e513d3d072468dbf833744ef0e7c410336e1d782f988c7ffd3dce6
grid_tou_discrete_43,POLICY_CANDIDATE_GRID_TOU_DISCRETE_43,2026-01-21,2026-01,3317.2502,212.2242,207.5797,205.4031,True,mild_school,afc241ec809e27602121baf1d33bf198bef7be3ae25405e8002fceafbab43eb5,d2563ecd7b082ba108c0697cbe75a5b85cd2653ecf159abeae472761a786a8c7
grid_tou_discrete_43,POLICY_CANDIDATE_GRID_TOU_DISCRETE_43,2026-01-22,2026-01,3464.5062,219.7986,215.3863,213.0023,True,mild_school,bcb044fe42d522eb71fae0bee960a055a5462886520e42041f2cb9e3785a765a,15a93498137a0eecad535f65c6f89b5b1d0019adc9875d4a1928da804aa9028c
grid_tou_discrete_43,POLICY_CANDIDATE_GRID_TOU_DISCRETE_43,2026-01-23,2026-01,4608.8611,265.4566,254.283,250.1119,True,mild_school,afc241ec809e27602121baf1d33bf198bef7be3ae25405e8002fceafbab43eb5,b2555e226a4c4396fad6edb8f4bc40c3efdf91551360c9168c0ebd7ae1faef92
grid_tou_discrete_43,POLICY_CANDIDATE_GRID_TOU_DISCRETE_43,2026-01-24,2026-01,3710.5077,194.0193,193.7255,193.3975,True,non_school,0da236aea7aff4268f49d18c6b0a3e84670dfed7c98663b21989dc7feddc838d,03f590f62acf4a6ef2e6afa591cd595080afc15916f6c37f37ff920dccea6405
grid_tou_discrete_43,POLICY_CANDIDATE_GRID_TOU_DISCRETE_43,2026-01-25,2026-01,3460.3785,174.1595,173.9927,173.6594,True,non_school,0da236aea7aff4268f49d18c6b0a3e84670dfed7c98663b21989dc7feddc838d,e961263d068e5aac8d128bb7b54fe132cbcd0256e587a8fc09d6e2542cad694d
grid_tou_discrete_43,POLICY_CANDIDATE_GRID_TOU_DISCRETE_43,2026-01-26,2026-01,4182.7093,256.8743,247.5338,244.5966,True,mild_school,afc241ec809e27602121baf1d33bf198bef7be3ae25405e8002fceafbab43eb5,87f9972a82dc4369442b81f68f226b3209355ed379fef56252d331aeb375e1b9
grid_tou_discrete_43,POLICY_CANDIDATE_GRID_TOU_DISCRETE_43,2026-01-27,2026-01,3723.2008,222.4856,217.92,215.5254,True,mild_school,afc241ec809e27602121baf1d33bf198bef7be3ae25405e8002fceafbab43eb5,f5f47e7cdd59b85b35b53d91abf827b3f4e30ea5dba22b5c48dc9e76465bfb2e
grid_tou_discrete_43,POLICY_CANDIDATE_GRID_TOU_DISCRETE_43,2026-01-28,2026-01,3884.0212,239.6612,230.8469,227.9716,True,mild_school,afc241ec809e27602121baf1d33bf198bef7be3ae25405e8002fceafbab43eb5,910eefd4ada188c4666b74a4f0aa8488887675cf4e322037ec61f915e0e158e3
grid_tou_discrete_43,POLICY_CANDIDATE_GRID_TOU_DISCRETE_43,2026-01-29,2026-01,3819.5015,244.3937,234.0569,231.1776,True,mild_school,bcb044fe42d522eb71fae0bee960a055a5462886520e42041f2cb9e3785a765a,7e2cdbd5eeb4e1dcef5f892210d750d84922e891bbc51a070bacdf7592c9cf62
grid_tou_discrete_43,POLICY_CANDIDATE_GRID_TOU_DISCRETE_43,2026-01-30,2026-01,3769.6117,230.2634,225.7694,223.1623,True,mild_school,afc241ec809e27602121baf1d33bf198bef7be3ae25405e8002fceafbab43eb5,65118db5e252de28b59b6f193801b77bd2b9ce99d532415b3c76541a6983e715
grid_tou_discrete_43,POLICY_CANDIDATE_GRID_TOU_DISCRETE_43,2026-01-31,2026-01,2685.1104,143.4023,143.1581,142.664,True,non_school,0da236aea7aff4268f49d18c6b0a3e84670dfed7c98663b21989dc7feddc838d,b1a89240a96fd8f69cd5b421159047e5ade6c54be495dd83eeccf9d8613ca816
