timestamp,measured,simulated
2020-01-01T00:00:00Z,43.470790489,13.423755458382054
2020-01-01T01:00:00Z,41.748317594250004,13.423755458382054
2020-01-01T02:00:00Z,41.751842224,13.423755458382054
2020-01-01T03:00:00Z,41.473667232000004,13.423755458382054
2020-01-01T04:00:00Z,41.4658805945,34.13935925687456
2020-01-01T05:00:00Z,35.16082805800001,54.85496305536707
2020-01-01T06:00:00Z,35.58764255525,54.85496305536707
2020-01-01T07:00:00Z,35.3793898145,54.85496305536707
2020-01-01T08:00:00Z,34.0204595805,77.93058805536707
2020-01-01T09:00:00Z,34.96539608825,77.69600051947913
2020-01-01T10:00:00Z,34.20956311225,67.82950012083452
2020-01-01T11:00:00Z,35.6785664445,63.734062923078746
2020-01-01T12:00:00Z,34.3895982485,58.03803970528426
2020-01-01T13:00:00Z,34.589884950249996,39.6785370599154
2020-01-01T14:00:00Z,34.533162215000004,39.072772717399516
2020-01-01T15:00:00Z,33.895712556999996,37.85837827942607
2020-01-01T16:00:00Z,33.95358295675,37.85837827942607
2020-01-01T17:00:00Z,34.16865891925,37.85837827942607
2020-01-01T18:00:00Z,33.9310098965,20.246503279426076
2020-01-01T19:00:00Z,34.70327571975,20.246503279426076
2020-01-01T20:00:00Z,35.32169523775,20.246503279426076
2020-01-01T21:00:00Z,34.770012275750005,20.246503279426076
2020-01-01T22:00:00Z,36.1100714595,20.246503279426076
2020-01-01T23:00:00Z,34.42116536575,13.423755458382054
2020-01-02T00:00:00Z,34.9819662755,13.423755458382054
2020-01-02T01:00:00Z,34.511853349,13.423755458382054
2020-01-02T02:00:00Z,35.6456090925,13.423755458382054
2020-01-02T03:00:00Z,35.343789328,13.423755458382054
2020-01-02T04:00:00Z,34.86132319375,34.13935925687456
2020-01-02T05:00:00Z,34.923885889000005,54.85496305536707
2020-01-02T06:00:00Z,34.12525371625,54.85496305536707
2020-01-02T07:00:00Z,33.530583779,54.85496305536707
2020-01-02T08:00:00Z,33.1078715175,77.93058805536707
2020-01-02T09:00:00Z,34.87622991475,76.75304096354468
2020-01-02T10:00:00Z,33.6126010385,66.43419841194023
2020-01-02T11:00:00Z,32.76413496575,66.47756302476029
2020-01-02T12:00:00Z,31.855449767,64.74308018576812
2020-01-02T13:00:00Z,36.399612007,53.2686059156118
2020-01-02T14:00:00Z,40.27845296575,48.22419114567962
2020-01-02T15:00:00Z,43.12217234475,43.52418725868447
2020-01-02T16:00:00Z,45.3592627695,42.075789628691076
2020-01-02T17:00:00Z,53.29405403575,39.43916629304595
2020-01-02T18:00:00Z,58.63597272525,20.226187853295247
2020-01-02T19:00:00Z,58.981539559750004,20.246503279426076
2020-01-02T20:00:00Z,53.458145086500004,20.246503279426076
2020-01-02T21:00:00Z,54.1790391755,20.246503279426076
2020-01-02T22:00:00Z,58.73144863225,20.246503279426076
2020-01-02T23:00:00Z,57.531555343250005,13.423755458382054
2020-01-03T00:00:00Z,57.74333812975,13.423755458382054
2020-01-03T01:00:00Z,54.12695819425,13.423755458382054
2020-01-03T02:00:00Z,42.833218768500004,13.423755458382054
2020-01-03T03:00:00Z,38.926872436,13.423755458382054
2020-01-03T04:00:00Z,42.1935601635,34.13935925687456
2020-01-03T05:00:00Z,44.76539953025,54.85496305536707
2020-01-03T06:00:00Z,41.83928068325,54.85496305536707
2020-01-03T07:00:00Z,34.8803770285,54.85496305536707
2020-01-03T08:00:00Z,34.820026014250004,77.72465136368821
2020-01-03T09:00:00Z,36.125293957000004,68.61286888950853
2020-01-03T10:00:00Z,34.164854017500005,66.43419841194023
2020-01-03T11:00:00Z,34.546888770500004,64.5266425064005
2020-01-03T12:00:00Z,33.92569935675,52.94949611004598
2020-01-03T13:00:00Z,36.04697487025,43.25459318252996
2020-01-03T14:00:00Z,41.51519866825,41.45125120688394
2020-01-03T15:00:00Z,43.8362225795,41.207837681365966
2020-01-03T16:00:00Z,47.091902946750004,40.1321691584748
2020-01-03T17:00:00Z,49.683840988250005,37.85837827942607
2020-01-03T18:00:00Z,49.621338892,20.246503279426076
2020-01-03T19:00:00Z,57.17535714775,20.246503279426076
2020-01-03T20:00:00Z,57.28032705275,20.246503279426076
2020-01-03T21:00:00Z,56.5828821515,20.246503279426076
2020-01-03T22:00:00Z,50.6859544345,20.246503279426076
2020-01-03T23:00:00Z,48.636532513000006,13.423755458382054
2020-01-04T00:00:00Z,47.72199949,20.794005458382053
2020-01-04T01:00:00Z,43.6424130515,20.794005458382053
2020-01-04T02:00:00Z,39.0616463155,20.794005458382053
2020-01-04T03:00:00Z,36.00457182275,20.794005458382053
2020-01-04T04:00:00Z,34.476311928,20.794005458382053
2020-01-04T05:00:00Z,33.8706204955,20.794005458382053
2020-01-04T06:00:00Z,34.02570545625,20.794005458382053
2020-01-04T07:00:00Z,33.61358544275,20.794005458382053
2020-01-04T08:00:00Z,24.532437269,20.794005458382053
2020-01-04T09:00:00Z,19.733679071,20.794005458382053
2020-01-04T10:00:00Z,15.480883643,20.794005458382053
2020-01-04T11:00:00Z,21.521051445,20.794005458382053
2020-01-04T12:00:00Z,19.29534463875,20.794005458382053
2020-01-04T13:00:00Z,18.19096298025,20.794005458382053
2020-01-04T14:00:00Z,15.88351445825,20.794005458382053
2020-01-04T15:00:00Z,15.9488210135,20.794005458382053
2020-01-04T16:00:00Z,26.975086761500002,20.794005458382053
2020-01-04T17:00:00Z,22.93640175475,20.794005458382053
2020-01-04T18:00:00Z,20.3602178035,20.794005458382053
2020-01-04T19:00:00Z,17.9938438525,20.794005458382053
2020-01-04T20:00:00Z,23.35215694975,20.794005458382053
2020-01-04T21:00:00Z,23.53796350675,20.794005458382053
2020-01-04T22:00:00Z,24.169049332,20.794005458382053
2020-01-04T23:00:00Z,23.223879068500004,20.794005458382053
2020-01-05T00:00:00Z,27.02312449275,20.794005458382053
2020-01-05T01:00:00Z,24.99469712325,20.794005458382053
2020-01-05T02:00:00Z,20.30329388375,20.794005458382053
2020-01-05T03:00:00Z,25.57192226275,20.794005458382053
2020-01-05T04:00:00Z,22.59151195425,20.794005458382053
2020-01-05T05:00:00Z,23.5184907,20.794005458382053
2020-01-05T06:00:00Z,25.68919243825,20.794005458382053
2020-01-05T07:00:00Z,32.31103009925,20.794005458382053
2020-01-05T08:00:00Z,32.712452664249994,20.794005458382053
2020-01-05T09:00:00Z,32.981130765749995,20.794005458382053
2020-01-05T10:00:00Z,31.738652220250003,20.794005458382053
2020-01-05T11:00:00Z,30.81701523575,20.794005458382053
2020-01-05T12:00:00Z,32.79441424025,20.794005458382053
2020-01-05T13:00:00Z,33.05167420625,20.794005458382053
2020-01-05T14:00:00Z,33.3519135955,20.957580648019032
2020-01-05T15:00:00Z,32.224188474,21.100317167132424
2020-01-05T16:00:00Z,32.61215477175,20.794005458382053
2020-01-05T17:00:00Z,30.69774591925,20.794005458382053
2020-01-05T18:00:00Z,27.1182071315,20.794005458382053
2020-01-05T19:00:00Z,27.514190982,20.794005458382053
2020-01-05T20:00:00Z,27.34587597625,20.794005458382053
2020-01-05T21:00:00Z,27.29813430575,20.794005458382053
2020-01-05T22:00:00Z,29.96234578875,20.794005458382053
2020-01-05T23:00:00Z,33.012255618,20.794005458382053
2020-01-06T00:00:00Z,33.047076075999996,13.423755458382054
2020-01-06T01:00:00Z,34.2716021745,13.423755458382054
2020-01-06T02:00:00Z,34.05391025925,13.423755458382054
2020-01-06T03:00:00Z,33.360559863999995,13.423755458382054
2020-01-06T04:00:00Z,31.282639710250002,34.13935925687456
2020-01-06T05:00:00Z,29.93338182875,54.85496305536707
2020-01-06T06:00:00Z,30.921621031500003,54.85496305536707
2020-01-06T07:00:00Z,29.5729379585,54.85496305536707
2020-01-06T08:00:00Z,30.814689972500002,77.93058805536707
2020-01-06T09:00:00Z,33.55762909325,77.93058805536707
2020-01-06T10:00:00Z,31.476751681750002,77.93058805536707
2020-01-06T11:00:00Z,31.449623610499998,77.93058805536707
2020-01-06T12:00:00Z,32.359758663250005,80.86159269142874
2020-01-06T13:00:00Z,37.396152912999995,85.9373874161595
2020-01-06T14:00:00Z,43.71910794075,86.8396739996259
2020-01-06T15:00:00Z,49.16618014525,86.10004746054315
2020-01-06T16:00:00Z,55.8634977555,81.00026684578535
2020-01-06T17:00:00Z,70.18600149875,77.93058805536707
2020-01-06T18:00:00Z,73.175221615,60.31871305536707
2020-01-06T19:00:00Z,76.14149548875,60.31871305536707
2020-01-06T20:00:00Z,73.807477604,60.31871305536707
2020-01-06T21:00:00Z,71.02615418925,60.31871305536707
2020-01-06T22:00:00Z,66.1537785585,60.31871305536707
2020-01-06T23:00:00Z,61.64830610925,13.423755458382054
2020-01-07T00:00:00Z,56.41335347225,13.423755458382054
2020-01-07T01:00:00Z,48.678613817249996,13.423755458382054
2020-01-07T02:00:00Z,42.979690046500004,13.423755458382054
2020-01-07T03:00:00Z,38.38501971725,13.423755458382054
2020-01-07T04:00:00Z,37.51701030575,34.13935925687456
2020-01-07T05:00:00Z,35.07725089125,54.85496305536707
2020-01-07T06:00:00Z,33.19604905675,54.85496305536707
2020-01-07T07:00:00Z,32.6597834665,54.85496305536707
2020-01-07T08:00:00Z,33.15918793225,77.93058805536707
2020-01-07T09:00:00Z,32.390545963,77.93058805536707
2020-01-07T10:00:00Z,33.02093946725,77.93058805536707
2020-01-07T11:00:00Z,32.79045899,77.93058805536707
2020-01-07T12:00:00Z,32.59215297575,77.93058805536707
2020-01-07T13:00:00Z,37.98603490875,77.93058805536707
2020-01-07T14:00:00Z,45.20635564325,78.17470637910701
2020-01-07T15:00:00Z,52.3533458315,78.04665854688297
2020-01-07T16:00:00Z,62.189961226499996,77.93058805536707
2020-01-07T17:00:00Z,69.69955656625001,77.93058805536707
2020-01-07T18:00:00Z,69.490549053,60.31871305536707
2020-01-07T19:00:00Z,70.58203258649999,60.31871305536707
2020-01-07T20:00:00Z,72.44388041325,60.31871305536707
2020-01-07T21:00:00Z,70.97508350475,60.31871305536707
2020-01-07T22:00:00Z,67.886723424,60.31871305536707
2020-01-07T23:00:00Z,62.700219452249996,13.423755458382054
2020-01-08T00:00:00Z,57.06764128525,13.423755458382054
2020-01-08T01:00:00Z,46.68607222875,13.423755458382054
2020-01-08T02:00:00Z,40.672024624749994,13.423755458382054
2020-01-08T03:00:00Z,38.6268250025,13.423755458382054
2020-01-08T04:00:00Z,35.4048410555,34.13935925687456
2020-01-08T05:00:00Z,34.61563478625,54.85496305536707
2020-01-08T06:00:00Z,34.1106722925,54.85496305536707
2020-01-08T07:00:00Z,33.6622260715,54.85496305536707
2020-01-08T08:00:00Z,34.78474379775,77.93058805536707
2020-01-08T09:00:00Z,37.0093850595,77.93058805536707
2020-01-08T10:00:00Z,37.784501195749996,77.93058805536707
2020-01-08T11:00:00Z,36.62981962,77.93058805536707
2020-01-08T12:00:00Z,38.0336476315,77.93058805536707
2020-01-08T13:00:00Z,39.95807554575,77.93058805536707
2020-01-08T14:00:00Z,47.401434993500004,76.74407246428848
2020-01-08T15:00:00Z,49.485342931,73.40307143538048
2020-01-08T16:00:00Z,53.551279989,73.40307143538048
2020-01-08T17:00:00Z,61.4785641075,73.40307143538048
2020-01-08T18:00:00Z,74.237187905,55.81381415659309
2020-01-08T19:00:00Z,70.08542487125,55.825330252268074
2020-01-08T20:00:00Z,70.3292541065,55.8180596558914
2020-01-08T21:00:00Z,65.64973791325,55.80395163255716
2020-01-08T22:00:00Z,58.67211763075001,55.791863810431025
2020-01-08T23:00:00Z,60.63551594975,13.423755458382054
2020-01-09T00:00:00Z,53.060124972749996,13.423755458382054
2020-01-09T01:00:00Z,47.69696757175,13.423755458382054
2020-01-09T02:00:00Z,43.45738574975,13.423755458382054
2020-01-09T03:00:00Z,42.898922229,13.423755458382054
2020-01-09T04:00:00Z,39.53769593325,34.13935925687456
2020-01-09T05:00:00Z,36.47031909825,54.85496305536707
2020-01-09T06:00:00Z,32.377848988,54.85496305536707
2020-01-09T07:00:00Z,32.93938395075,54.85496305536707
2020-01-09T08:00:00Z,32.68507140475,77.93058805536707
2020-01-09T09:00:00Z,33.2538002165,77.93058805536707
2020-01-09T10:00:00Z,32.585694995749996,77.93058805536707
2020-01-09T11:00:00Z,30.40310143575,77.93058805536707
2020-01-09T12:00:00Z,26.209365351000002,77.93058805536707
2020-01-09T13:00:00Z,19.5300140495,77.93058805536707
2020-01-09T14:00:00Z,44.65620754525,77.7545964084776
2020-01-09T15:00:00Z,49.4653600765,74.01162702588411
2020-01-09T16:00:00Z,59.472328212,73.39515607006382
2020-01-09T17:00:00Z,63.339820270000004,73.40307143538048
2020-01-09T18:00:00Z,67.50122435825,55.8119520818032
2020-01-09T19:00:00Z,67.73322042675,55.85367127723278
2020-01-09T20:00:00Z,61.61286842,55.849806396112456
2020-01-09T21:00:00Z,62.55454085000001,55.82628958397878
2020-01-09T22:00:00Z,63.90024413475,55.823042029950535
2020-01-09T23:00:00Z,52.060773497,13.423755458382054
2020-01-10T00:00:00Z,48.611363841250004,13.423755458382054
2020-01-10T01:00:00Z,46.69214047325001,13.423755458382054
2020-01-10T02:00:00Z,40.941317029749996,13.423755458382054
2020-01-10T03:00:00Z,40.634277768000004,13.423755458382054
2020-01-10T04:00:00Z,37.40987704925,34.13935925687456
2020-01-10T05:00:00Z,34.55742269825,54.85496305536707
2020-01-10T06:00:00Z,34.6771212105,54.85496305536708
2020-01-10T07:00:00Z,35.1651953605,54.85496305536708
2020-01-10T08:00:00Z,35.376738258,77.93058805536707
2020-01-10T09:00:00Z,34.19230002275,77.93058805536707
2020-01-10T10:00:00Z,34.8899568955,77.93058805536707
2020-01-10T11:00:00Z,35.87685160225,77.93058805536707
2020-01-10T12:00:00Z,34.9695455575,77.93058805536707
2020-01-10T13:00:00Z,38.785395160250005,77.59587794147045
2020-01-10T14:00:00Z,44.52010353625,67.19227578047652
2020-01-10T15:00:00Z,47.073978348,62.78513963310924
2020-01-10T16:00:00Z,50.5059000265,61.906681791953645
2020-01-10T17:00:00Z,56.02493990925,61.906681791953645
2020-01-10T18:00:00Z,56.157781258,44.32873383891546
2020-01-10T19:00:00Z,61.106203423,44.36814530702311
2020-01-10T20:00:00Z,56.36351879875,44.3686347189027
2020-01-10T21:00:00Z,59.3041479475,44.354146000613824
2020-01-10T22:00:00Z,64.2726094275,44.330295607683
2020-01-10T23:00:00Z,61.90506492425,13.423755458382054
2020-01-11T00:00:00Z,58.31782758925,20.794005458382053
2020-01-11T01:00:00Z,51.6073022975,20.794005458382053
2020-01-11T02:00:00Z,44.04572725425,20.794005458382053
2020-01-11T03:00:00Z,44.405413051,20.794005458382053
2020-01-11T04:00:00Z,41.584106043,20.794005458382053
2020-01-11T05:00:00Z,38.2512335135,20.794005458382053
2020-01-11T06:00:00Z,34.67254911425,20.794005458382053
2020-01-11T07:00:00Z,33.7573450465,20.794005458382053
2020-01-11T08:00:00Z,20.38118969525,20.794005458382053
2020-01-11T09:00:00Z,18.144589473,20.794005458382053
2020-01-11T10:00:00Z,16.91103448325,20.794005458382053
2020-01-11T11:00:00Z,18.2334018605,20.794005458382053
2020-01-11T12:00:00Z,17.06629029125,20.794005458382053
2020-01-11T13:00:00Z,18.5282451275,20.794005458382053
2020-01-11T14:00:00Z,20.3228883755,20.794005458382053
2020-01-11T15:00:00Z,24.47990320925,20.794005458382053
2020-01-11T16:00:00Z,24.7848499665,20.794005458382053
2020-01-11T17:00:00Z,24.34619203625,20.794005458382053
2020-01-11T18:00:00Z,15.979056355,20.794005458382053
2020-01-11T19:00:00Z,15.12654114675,20.794005458382053
2020-01-11T20:00:00Z,13.503954766,20.794005458382053
2020-01-11T21:00:00Z,13.714750573749999,20.794005458382053
2020-01-11T22:00:00Z,13.419646841999999,20.794005458382053
2020-01-11T23:00:00Z,16.00483105875,20.794005458382053
2020-01-12T00:00:00Z,20.82297756025,20.794005458382053
2020-01-12T01:00:00Z,27.21006063675,20.794005458382053
2020-01-12T02:00:00Z,30.154855925249997,20.794005458382053
2020-01-12T03:00:00Z,28.121611689250003,20.794005458382053
2020-01-12T04:00:00Z,29.71136287225,20.794005458382053
2020-01-12T05:00:00Z,27.12034694025,20.794005458382053
2020-01-12T06:00:00Z,24.5573734715,20.794005458382053
2020-01-12T07:00:00Z,33.279212734750004,20.794005458382053
2020-01-12T08:00:00Z,33.36497618425,20.794005458382053
2020-01-12T09:00:00Z,34.107707321999996,20.794005458382053
2020-01-12T10:00:00Z,33.6552565605,20.794005458382053
2020-01-12T11:00:00Z,34.83865780275,20.794005458382053
2020-01-12T12:00:00Z,33.732591704,20.794005458382053
2020-01-12T13:00:00Z,31.63733840325,20.794005458382053
2020-01-12T14:00:00Z,32.93362446925,20.794005458382053
2020-01-12T15:00:00Z,31.5966635645,20.794005458382053
2020-01-12T16:00:00Z,33.6856905015,20.794005458382053
2020-01-12T17:00:00Z,31.248113053,20.794005458382053
2020-01-12T18:00:00Z,34.0342147465,20.794005458382053
2020-01-12T19:00:00Z,33.895516154250004,20.794005458382053
2020-01-12T20:00:00Z,32.54535252675,20.794005458382053
2020-01-12T21:00:00Z,30.420694189749998,20.794005458382053
2020-01-12T22:00:00Z,32.814678019,20.794005458382053
2020-01-12T23:00:00Z,33.802019980000004,20.794005458382053
2020-01-13T00:00:00Z,33.5004997165,13.423755458382054
2020-01-13T01:00:00Z,34.4935952735,13.423755458382054
2020-01-13T02:00:00Z,36.384966388,13.423755458382054
2020-01-13T03:00:00Z,34.9015149505,13.423755458382054
2020-01-13T04:00:00Z,34.387633750250004,34.13935925687456
2020-01-13T05:00:00Z,34.670132591249995,54.85496305536707
2020-01-13T06:00:00Z,32.044354558500004,54.85496305536707
2020-01-13T07:00:00Z,33.0094210035,54.85496305536707
2020-01-13T08:00:00Z,33.92370744675,77.93058805536707
2020-01-13T09:00:00Z,33.9550125245,77.93058805536707
2020-01-13T10:00:00Z,34.2387122325,77.93058805536707
2020-01-13T11:00:00Z,34.72440729675,77.93058805536707
2020-01-13T12:00:00Z,33.9729262045,77.93058805536707
2020-01-13T13:00:00Z,38.6932560395,77.93058805536707
2020-01-13T14:00:00Z,43.5199443195,77.93058805536707
2020-01-13T15:00:00Z,51.274889727499996,77.93058805536707
2020-01-13T16:00:00Z,64.57262739775,77.93058805536707
2020-01-13T17:00:00Z,71.19779012025,77.93058805536707
2020-01-13T18:00:00Z,69.59669295249999,60.31871305536707
2020-01-13T19:00:00Z,43.105361523,60.31871305536707
2020-01-13T20:00:00Z,41.03976254025,60.31871305536707
2020-01-13T21:00:00Z,47.58974502025,60.31871305536707
2020-01-13T22:00:00Z,41.7584840675,60.31871305536707
2020-01-13T23:00:00Z,46.073873411,13.423755458382054
2020-01-14T00:00:00Z,56.51972100425,13.423755458382054
2020-01-14T01:00:00Z,39.62469104975,13.423755458382054
2020-01-14T02:00:00Z,24.66647781875,13.423755458382054
2020-01-14T03:00:00Z,15.815638952,13.423755458382054
2020-01-14T04:00:00Z,14.922107724,34.13935925687456
2020-01-14T05:00:00Z,13.89113440425,54.85496305536707
2020-01-14T06:00:00Z,13.5151587065,54.85496305536707
2020-01-14T07:00:00Z,13.659947493,54.85496305536707
2020-01-14T08:00:00Z,15.15686390725,77.93058805536707
2020-01-14T09:00:00Z,14.35467035625,77.93058805536707
2020-01-14T10:00:00Z,16.274437876,77.93058805536707
2020-01-14T11:00:00Z,26.7896125515,77.93058805536707
2020-01-14T12:00:00Z,27.8011805675,77.93058805536707
2020-01-14T13:00:00Z,34.5524992415,77.93058805536707
2020-01-14T14:00:00Z,44.62802730525,77.93058805536707
2020-01-14T15:00:00Z,54.940623954,77.93058805536707
2020-01-14T16:00:00Z,61.16898223525,77.93058805536707
2020-01-14T17:00:00Z,63.7472806255,77.93058805536707
2020-01-14T18:00:00Z,60.745215932250005,60.31871305536707
2020-01-14T19:00:00Z,65.12036230575,60.318713055367084
2020-01-14T20:00:00Z,61.66851949475,60.318713055367084
2020-01-14T21:00:00Z,57.772363444999996,60.318713055367084
2020-01-14T22:00:00Z,51.81335440150001,60.31871305536707
2020-01-14T23:00:00Z,50.5910314795,13.423755458382054
2020-01-15T00:00:00Z,58.25788631625,13.423755458382054
2020-01-15T01:00:00Z,52.57927914625,13.423755458382054
2020-01-15T02:00:00Z,43.29954931675,13.423755458382054
2020-01-15T03:00:00Z,41.950061037750004,13.423755458382054
2020-01-15T04:00:00Z,45.865100074,34.13935925687456
2020-01-15T05:00:00Z,41.1847008235,54.85496305536707
2020-01-15T06:00:00Z,34.802152461,54.85496305536708
2020-01-15T07:00:00Z,32.92299850025,54.85496305536708
2020-01-15T08:00:00Z,32.55098993725,77.93058805536707
2020-01-15T09:00:00Z,33.76777573025,77.93058805536707
2020-01-15T10:00:00Z,32.56178522375,77.93058805536707
2020-01-15T11:00:00Z,30.473330739,77.93058805536707
2020-01-15T12:00:00Z,31.980921426250003,77.93058805536707
2020-01-15T13:00:00Z,34.094404564,77.93058805536707
2020-01-15T14:00:00Z,44.260755211,77.93058805536707
2020-01-15T15:00:00Z,46.591274008,77.93058805536707
2020-01-15T16:00:00Z,58.368177786000004,77.93058805536707
2020-01-15T17:00:00Z,62.85113118425,77.93058805536707
2020-01-15T18:00:00Z,66.3925491105,60.318713055367084
2020-01-15T19:00:00Z,66.62613568575,60.318713055367084
2020-01-15T20:00:00Z,65.29166753474999,60.318713055367084
2020-01-15T21:00:00Z,65.908743488,60.318713055367084
2020-01-15T22:00:00Z,64.036400602,60.318713055367084
2020-01-15T23:00:00Z,58.83840064025,13.423755458382054
2020-01-16T00:00:00Z,52.63080796675,13.423755458382054
2020-01-16T01:00:00Z,48.945621442000004,13.423755458382054
2020-01-16T02:00:00Z,42.045998796999996,13.423755458382054
2020-01-16T03:00:00Z,38.12181876125,13.423755458382054
2020-01-16T04:00:00Z,30.4745644025,34.13935925687456
2020-01-16T05:00:00Z,23.591532948,54.85496305536707
2020-01-16T06:00:00Z,22.0729783745,54.85496305536707
2020-01-16T07:00:00Z,17.3002448175,54.85496305536707
2020-01-16T08:00:00Z,14.24034884225,77.93058805536707
2020-01-16T09:00:00Z,14.50058355425,77.93058805536707
2020-01-16T10:00:00Z,12.8298547795,77.93058805536707
2020-01-16T11:00:00Z,14.31959221825,77.93058805536707
2020-01-16T12:00:00Z,15.435350853500001,77.93058805536707
2020-01-16T13:00:00Z,16.643460161500002,77.93058805536707
2020-01-16T14:00:00Z,25.1298489005,77.93058805536707
2020-01-16T15:00:00Z,27.585112746500002,77.93058805536707
2020-01-16T16:00:00Z,35.39164972925,77.93058805536707
2020-01-16T17:00:00Z,51.06694271875,77.93058805536707
2020-01-16T18:00:00Z,60.954691418,60.318713055367084
2020-01-16T19:00:00Z,52.02378880875,60.31871305536707
2020-01-16T20:00:00Z,49.13477937475,60.31871305536707
2020-01-16T21:00:00Z,58.8147233535,60.318713055367084
2020-01-16T22:00:00Z,65.53809309249999,60.318713055367084
2020-01-16T23:00:00Z,64.57573832225,13.423755458382054
2020-01-17T00:00:00Z,59.5477022705,13.423755458382054
2020-01-17T01:00:00Z,48.858296143500006,13.423755458382054
2020-01-17T02:00:00Z,47.5150445945,13.423755458382054
2020-01-17T03:00:00Z,43.7151446515,13.423755458382054
2020-01-17T04:00:00Z,36.84934052525,34.13935925687456
2020-01-17T05:00:00Z,37.28337197575,54.85496305536707
2020-01-17T06:00:00Z,37.51926432575,54.85496305536708
2020-01-17T07:00:00Z,34.68543380125,54.85496305536708
2020-01-17T08:00:00Z,33.005132503249996,77.93058805536707
2020-01-17T09:00:00Z,33.45704827825,77.93058805536707
2020-01-17T10:00:00Z,35.7033471685,77.93058805536707
2020-01-17T11:00:00Z,34.74602376525,77.93058805536707
2020-01-17T12:00:00Z,34.9253893655,77.93058805536707
2020-01-17T13:00:00Z,36.481191716,77.93058805536707
2020-01-17T14:00:00Z,42.934700304,77.93058805536707
2020-01-17T15:00:00Z,47.0437980995,77.93058805536707
2020-01-17T16:00:00Z,57.3705531845,77.93058805536707
2020-01-17T17:00:00Z,62.0068784875,77.93058805536707
2020-01-17T18:00:00Z,64.03389081025,60.31871305536707
2020-01-17T19:00:00Z,64.67243485750001,60.31871305536707
2020-01-17T20:00:00Z,63.455844433,60.318713055367084
2020-01-17T21:00:00Z,64.95606305325,60.318713055367084
2020-01-17T22:00:00Z,61.49696376375,60.318713055367084
2020-01-17T23:00:00Z,54.074374440250004,13.423755458382054
2020-01-18T00:00:00Z,50.47269783625,20.794005458382053
2020-01-18T01:00:00Z,41.46665506375,20.794005458382053
2020-01-18T02:00:00Z,33.296809798750004,20.794005458382053
2020-01-18T03:00:00Z,17.35555385075,20.794005458382053
2020-01-18T04:00:00Z,13.688469174749999,20.794005458382053
2020-01-18T05:00:00Z,13.9008538475,20.794005458382053
2020-01-18T06:00:00Z,31.19846409675,20.794005458382053
2020-01-18T07:00:00Z,32.53539967225,20.794005458382053
2020-01-18T08:00:00Z,30.5571917945,20.794005458382053
2020-01-18T09:00:00Z,26.80244503275,20.794005458382053
2020-01-18T10:00:00Z,27.330728901500002,20.794005458382053
2020-01-18T11:00:00Z,30.65240408275,20.794005458382053
2020-01-18T12:00:00Z,30.77061438375,20.794005458382053
2020-01-18T13:00:00Z,23.1120879255,20.794005458382053
2020-01-18T14:00:00Z,16.7526647745,20.794005458382053
2020-01-18T15:00:00Z,19.06926439425,20.794005458382053
2020-01-18T16:00:00Z,31.044150435,20.794005458382053
2020-01-18T17:00:00Z,29.14915283375,20.794005458382053
2020-01-18T18:00:00Z,29.743394538,20.794005458382053
2020-01-18T19:00:00Z,32.04741082825,20.794005458382053
2020-01-18T20:00:00Z,28.4181124335,20.794005458382053
2020-01-18T21:00:00Z,31.761303266250003,20.794005458382053
2020-01-18T22:00:00Z,30.52403080125,20.794005458382053
2020-01-18T23:00:00Z,29.953484888,20.794005458382053
2020-01-19T00:00:00Z,25.60334261125,20.794005458382053
2020-01-19T01:00:00Z,19.335794560750003,20.794005458382053
2020-01-19T02:00:00Z,13.5790885125,20.794005458382053
2020-01-19T03:00:00Z,12.5259535815,20.794005458382053
2020-01-19T04:00:00Z,13.53355949125,20.794005458382053
2020-01-19T05:00:00Z,12.971534904,20.794005458382053
2020-01-19T06:00:00Z,13.07056651125,20.794005458382053
2020-01-19T07:00:00Z,12.65285194925,20.794005458382053
2020-01-19T08:00:00Z,14.29745332275,20.794005458382053
2020-01-19T09:00:00Z,28.925986156,20.794005458382053
2020-01-19T10:00:00Z,30.7284950385,20.794005458382053
2020-01-19T11:00:00Z,25.15116098125,20.794005458382053
2020-01-19T12:00:00Z,12.3009748605,20.794005458382053
2020-01-19T13:00:00Z,12.034795824,20.794005458382053
2020-01-19T14:00:00Z,12.8036245645,20.794005458382053
2020-01-19T15:00:00Z,12.935895167,20.794005458382053
2020-01-19T16:00:00Z,13.5161594415,20.794005458382053
2020-01-19T17:00:00Z,13.259355924000001,20.794005458382053
2020-01-19T18:00:00Z,28.6785737075,20.794005458382053
2020-01-19T19:00:00Z,28.763173534499998,20.794005458382053
2020-01-19T20:00:00Z,30.70022195,20.794005458382053
2020-01-19T21:00:00Z,32.47009928725,20.794005458382053
2020-01-19T22:00:00Z,34.11656173975,20.794005458382053
2020-01-19T23:00:00Z,35.53730002625,20.794005458382053
2020-01-20T00:00:00Z,35.90644600175,13.423755458382054
2020-01-20T01:00:00Z,35.65534820975,13.423755458382054
2020-01-20T02:00:00Z,35.7214903395,13.423755458382054
2020-01-20T03:00:00Z,34.55012784475,13.423755458382054
2020-01-20T04:00:00Z,34.192169067500004,34.13935925687456
2020-01-20T05:00:00Z,33.380333986500005,54.85496305536707
2020-01-20T06:00:00Z,29.43323406475,54.85496305536707
2020-01-20T07:00:00Z,34.19042346775,54.85496305536707
2020-01-20T08:00:00Z,41.4258740435,77.93058805536707
2020-01-20T09:00:00Z,42.216613798,77.93058805536707
2020-01-20T10:00:00Z,40.6906760475,77.93058805536707
2020-01-20T11:00:00Z,41.6863300485,77.93058805536707
2020-01-20T12:00:00Z,41.16396505625,77.93058805536707
2020-01-20T13:00:00Z,41.4932102645,77.93058805536707
2020-01-20T14:00:00Z,41.0739616835,77.93058805536707
2020-01-20T15:00:00Z,41.50727583,77.93058805536707
2020-01-20T16:00:00Z,42.1500800155,77.93058805536707
2020-01-20T17:00:00Z,41.77924938425,77.93058805536707
2020-01-20T18:00:00Z,41.39157570925,60.31871305536707
2020-01-20T19:00:00Z,41.27727941025,60.31871305536707
2020-01-20T20:00:00Z,40.63172487675,60.31871305536707
2020-01-20T21:00:00Z,36.43419409125,60.31871305536707
2020-01-20T22:00:00Z,37.70707365925,60.31871305536707
2020-01-20T23:00:00Z,37.962670219,13.423755458382054
2020-01-21T00:00:00Z,36.060919088,13.423755458382054
2020-01-21T01:00:00Z,36.67962083525,13.423755458382054
2020-01-21T02:00:00Z,34.931829551999996,13.423755458382054
2020-01-21T03:00:00Z,34.6144925105,13.423755458382054
2020-01-21T04:00:00Z,33.90198037825,34.13935925687456
2020-01-21T05:00:00Z,33.4087305065,54.85496305536707
2020-01-21T06:00:00Z,33.4138590565,54.85496305536707
2020-01-21T07:00:00Z,29.91587228375,54.85496305536707
2020-01-21T08:00:00Z,23.440196541,77.93058805536707
2020-01-21T09:00:00Z,23.25161531425,77.93058805536707
2020-01-21T10:00:00Z,26.402173705499997,77.93058805536707
2020-01-21T11:00:00Z,29.57394998425,77.93058805536707
2020-01-21T12:00:00Z,23.9706065095,77.93058805536707
2020-01-21T13:00:00Z,29.895084073,77.93058805536707
2020-01-21T14:00:00Z,35.779732641,77.93058805536707
2020-01-21T15:00:00Z,38.90313748725,77.93058805536707
2020-01-21T16:00:00Z,38.53410200025,77.93058805536707
2020-01-21T17:00:00Z,40.7281511285,77.93058805536707
2020-01-21T18:00:00Z,45.530253630000004,60.31871305536707
2020-01-21T19:00:00Z,61.61503558075,60.31871305536707
2020-01-21T20:00:00Z,56.833415241,60.31871305536707
2020-01-21T21:00:00Z,53.5120045,60.31871305536707
2020-01-21T22:00:00Z,43.994053580750005,60.31871305536707
2020-01-21T23:00:00Z,45.69788129575,13.423755458382054
2020-01-22T00:00:00Z,38.77061796424999,13.423755458382054
2020-01-22T01:00:00Z,33.31288421075,13.423755458382054
2020-01-22T02:00:00Z,41.274424949,13.423755458382054
2020-01-22T03:00:00Z,35.10962580325,13.423755458382054
2020-01-22T04:00:00Z,37.0544777455,34.13935925687456
2020-01-22T05:00:00Z,29.54084804975,54.85496305536707
2020-01-22T06:00:00Z,35.0164040825,54.85496305536707
2020-01-22T07:00:00Z,36.650595948,54.85496305536707
2020-01-22T08:00:00Z,36.520216238749995,77.93058805536707
2020-01-22T09:00:00Z,35.88659069325,77.93058805536707
2020-01-22T10:00:00Z,36.71002881825,77.93058805536707
2020-01-22T11:00:00Z,36.05619151525,77.63543522594
2020-01-22T12:00:00Z,37.06446909875,74.18535949478452
2020-01-22T13:00:00Z,39.701627869999996,73.17295299915095
2020-01-22T14:00:00Z,46.57878772825,72.94220311681183
2020-01-22T15:00:00Z,49.357176437,65.6156519881468
2020-01-22T16:00:00Z,53.814064076,62.72124416535907
2020-01-22T17:00:00Z,60.3467698065,58.229203597368944
2020-01-22T18:00:00Z,65.839757926,39.79210571437476
2020-01-22T19:00:00Z,68.782583009,39.81982800817204
2020-01-22T20:00:00Z,68.69022503075,39.81992362460841
2020-01-22T21:00:00Z,70.01463190725,39.81982800817204
2020-01-22T22:00:00Z,66.38410714125,39.81982800817204
2020-01-22T23:00:00Z,67.90867500625,13.423755458382054
2020-01-23T00:00:00Z,62.848435812999995,13.423755458382054
2020-01-23T01:00:00Z,51.79861839525,13.423755458382054
2020-01-23T02:00:00Z,46.608381717499995,13.423755458382054
2020-01-23T03:00:00Z,41.82637056625,13.423755458382054
2020-01-23T04:00:00Z,40.80891007925,34.13935925687456
2020-01-23T05:00:00Z,39.061563033,54.85496305536707
2020-01-23T06:00:00Z,33.9592499225,54.85496305536707
2020-01-23T07:00:00Z,34.18958853775,54.85496305536707
2020-01-23T08:00:00Z,33.864813699500004,77.93058805536707
2020-01-23T09:00:00Z,34.011004135,77.93058805536707
2020-01-23T10:00:00Z,33.11094488025,76.36590211644095
2020-01-23T11:00:00Z,34.5183969735,62.4424474773524
2020-01-23T12:00:00Z,34.03786912875,60.99069732619903
2020-01-23T13:00:00Z,38.028075931000004,60.18072809533445
2020-01-23T14:00:00Z,44.72841946475,42.82248010733895
2020-01-23T15:00:00Z,46.819723303,40.511100560727485
2020-01-23T16:00:00Z,59.46748363025,39.54483264810712
2020-01-23T17:00:00Z,63.263838046000004,37.869838064019945
2020-01-23T18:00:00Z,66.639234178,20.246503279426076
2020-01-23T19:00:00Z,67.59938881975,20.246503279426076
2020-01-23T20:00:00Z,68.2595903345,20.246503279426076
2020-01-23T21:00:00Z,67.9391126545,20.246503279426076
2020-01-23T22:00:00Z,66.639550395,20.246503279426076
2020-01-23T23:00:00Z,63.28161060775,13.423755458382054
2020-01-24T00:00:00Z,55.610882079999996,13.423755458382054
2020-01-24T01:00:00Z,49.350664398999996,13.423755458382054
2020-01-24T02:00:00Z,43.67825517175,13.423755458382054
2020-01-24T03:00:00Z,41.262844929500005,13.423755458382054
2020-01-24T04:00:00Z,38.001099336,34.13935925687456
2020-01-24T05:00:00Z,34.7083500165,54.85496305536707
2020-01-24T06:00:00Z,33.933939258,54.85496305536707
2020-01-24T07:00:00Z,34.201533051750005,54.85496305536707
2020-01-24T08:00:00Z,32.29744933175,77.92914019771293
2020-01-24T09:00:00Z,32.78843788775,72.12576920792493
2020-01-24T10:00:00Z,33.517935840250004,62.4496153347218
2020-01-24T11:00:00Z,33.909318388749995,59.17470573387678
2020-01-24T12:00:00Z,33.09294696825,42.482213350207225
2020-01-24T13:00:00Z,34.1559247805,43.53030368184803
2020-01-24T14:00:00Z,36.078174308499996,44.41507769426136
2020-01-24T15:00:00Z,43.8407607915,41.579765349715586
2020-01-24T16:00:00Z,47.54183806275,38.04357162946005
2020-01-24T17:00:00Z,52.955030828999995,37.269524061956076
2020-01-24T18:00:00Z,54.93410283225,19.657649061956075
2020-01-24T19:00:00Z,58.673400397500004,19.657649061956075
2020-01-24T20:00:00Z,58.410549847750005,19.657649061956075
2020-01-24T21:00:00Z,56.531777497,19.657649061956075
2020-01-24T22:00:00Z,58.7220136095,19.657649061956075
2020-01-24T23:00:00Z,61.744540121499995,13.423755458382054
2020-01-25T00:00:00Z,57.32389461125,20.794005458382053
2020-01-25T01:00:00Z,49.406618599,20.794005458382053
2020-01-25T02:00:00Z,42.45697549475,20.794005458382053
2020-01-25T03:00:00Z,38.34996214875,20.794005458382053
2020-01-25T04:00:00Z,38.28178615825,20.794005458382053
2020-01-25T05:00:00Z,34.91184287275,20.794005458382053
2020-01-25T06:00:00Z,32.98536311275,20.794005458382053
2020-01-25T07:00:00Z,33.9645928675,20.794005458382053
2020-01-25T08:00:00Z,31.412858937,20.794005458382053
2020-01-25T09:00:00Z,31.432366893,20.794005458382053
2020-01-25T10:00:00Z,31.339099260750004,20.794005458382053
2020-01-25T11:00:00Z,31.45569619225,20.794005458382053
2020-01-25T12:00:00Z,31.087213654750002,20.849816317995902
2020-01-25T13:00:00Z,30.596266953,24.042126798334717
2020-01-25T14:00:00Z,31.23762773625,25.866120916661586
2020-01-25T15:00:00Z,31.14242705625,24.06332925136165
2020-01-25T16:00:00Z,31.74507620875,22.271134554503867
2020-01-25T17:00:00Z,30.96443269025,20.9429601331004
2020-01-25T18:00:00Z,30.749655949250002,20.794005458382053
2020-01-25T19:00:00Z,32.113798269,20.794005458382053
2020-01-25T20:00:00Z,33.2506710435,20.794005458382053
2020-01-25T21:00:00Z,39.02313474975,20.794005458382053
2020-01-25T22:00:00Z,39.2381189105,20.794005458382053
2020-01-25T23:00:00Z,34.59277145825,20.794005458382053
2020-01-26T00:00:00Z,31.623774889,20.794005458382053
2020-01-26T01:00:00Z,31.3515765655,20.794005458382053
2020-01-26T02:00:00Z,31.696609595,20.794005458382053
2020-01-26T03:00:00Z,31.77471633875,20.794005458382053
2020-01-26T04:00:00Z,31.33978067925,20.794005458382053
2020-01-26T05:00:00Z,31.14288870325,20.794005458382053
2020-01-26T06:00:00Z,30.6027687715,20.794005458382053
2020-01-26T07:00:00Z,33.8341154845,20.794005458382053
2020-01-26T08:00:00Z,33.357227836250004,20.794005458382053
2020-01-26T09:00:00Z,32.204752001500005,20.794005458382053
2020-01-26T10:00:00Z,21.25874490525,20.794005458382053
2020-01-26T11:00:00Z,31.71049157475,20.794005458382053
2020-01-26T12:00:00Z,32.8421194215,20.947260421558017
2020-01-26T13:00:00Z,28.113358259,22.147887994237564
2020-01-26T14:00:00Z,23.1455097585,22.011626008492275
2020-01-26T15:00:00Z,20.589537564,21.40761117429703
2020-01-26T16:00:00Z,31.141054203,20.794005458382053
2020-01-26T17:00:00Z,31.691717855,20.794005458382053
2020-01-26T18:00:00Z,27.881563697,20.794005458382053
2020-01-26T19:00:00Z,27.8299737825,20.794005458382053
2020-01-26T20:00:00Z,27.89279052625,20.794005458382053
2020-01-26T21:00:00Z,20.058581267,20.794005458382053
2020-01-26T22:00:00Z,24.5657102965,20.794005458382053
2020-01-26T23:00:00Z,32.18994629825,20.794005458382053
2020-01-27T00:00:00Z,33.8837453125,13.423755458382054
2020-01-27T01:00:00Z,35.111088466750004,13.423755458382054
2020-01-27T02:00:00Z,34.095206100750005,13.423755458382054
2020-01-27T03:00:00Z,33.910422800250004,13.423755458382054
2020-01-27T04:00:00Z,33.6058419035,34.13935925687456
2020-01-27T05:00:00Z,32.7289337065,54.85496305536707
2020-01-27T06:00:00Z,32.3869926925,54.85496305536707
2020-01-27T07:00:00Z,31.69977720875,54.85496305536707
2020-01-27T08:00:00Z,31.26285289325,77.93058805536707
2020-01-27T09:00:00Z,32.12884129025,77.93058805536707
2020-01-27T10:00:00Z,31.8311956055,77.93058805536707
2020-01-27T11:00:00Z,31.33734453575,77.93058805536707
2020-01-27T12:00:00Z,32.3075817415,77.93058805536707
2020-01-27T13:00:00Z,33.79984916725,77.55626202255249
2020-01-27T14:00:00Z,45.93620992475,74.78323025079038
2020-01-27T15:00:00Z,56.2358294665,81.02527232117455
2020-01-27T16:00:00Z,64.2235208165,75.5418058900473
2020-01-27T17:00:00Z,74.40758337,73.40307143538048
2020-01-27T18:00:00Z,75.41634527625,55.79119643538048
2020-01-27T19:00:00Z,73.39443494849999,55.79119643538048
2020-01-27T20:00:00Z,74.06171279375,55.79119643538048
2020-01-27T21:00:00Z,74.65648687225,55.79119643538048
2020-01-27T22:00:00Z,71.194760659,55.79119643538048
2020-01-27T23:00:00Z,58.126859601,13.423755458382054
2020-01-28T00:00:00Z,53.79623840225,13.423755458382054
2020-01-28T01:00:00Z,44.2455709285,13.423755458382054
2020-01-28T02:00:00Z,41.71379000025,13.423755458382054
2020-01-28T03:00:00Z,42.389887265750005,13.423755458382054
2020-01-28T04:00:00Z,41.643709572000006,34.13935925687456
2020-01-28T05:00:00Z,41.0158617825,54.85496305536707
2020-01-28T06:00:00Z,41.61012466025,54.85496305536707
2020-01-28T07:00:00Z,39.8288891095,54.85496305536707
2020-01-28T08:00:00Z,34.57201771375,77.93058805536707
2020-01-28T09:00:00Z,33.848136277500004,77.93058805536707
2020-01-28T10:00:00Z,35.93730310725,77.93058805536707
2020-01-28T11:00:00Z,35.09814566875,76.20298644271142
2020-01-28T12:00:00Z,36.16015331775,73.40307143538048
2020-01-28T13:00:00Z,36.87499412425,72.71973598848648
2020-01-28T14:00:00Z,42.29499751525,68.87555481539388
2020-01-28T15:00:00Z,50.308394571250005,68.87555481539388
2020-01-28T16:00:00Z,64.31716027025,68.87511519694947
2020-01-28T17:00:00Z,73.29096302975,68.87555481539388
2020-01-28T18:00:00Z,71.53788017225,51.20525756308603
2020-01-28T19:00:00Z,67.233786078,51.263679815393886
2020-01-28T20:00:00Z,75.010853182,51.263679815393886
2020-01-28T21:00:00Z,66.52760914025001,51.263679815393886
2020-01-28T22:00:00Z,41.035371012249996,51.26367981539389
2020-01-28T23:00:00Z,42.151577537250006,13.423755458382054
2020-01-29T00:00:00Z,41.882748772,13.423755458382054
2020-01-29T01:00:00Z,40.68478293175,13.423755458382054
2020-01-29T02:00:00Z,41.256309443250004,13.423755458382054
2020-01-29T03:00:00Z,42.063123479,13.423755458382054
2020-01-29T04:00:00Z,41.888059018999996,34.13935925687456
2020-01-29T05:00:00Z,40.902376138499996,54.85496305536707
2020-01-29T06:00:00Z,35.43499453625,54.85496305536707
2020-01-29T07:00:00Z,34.423394676,54.85496305536707
2020-01-29T08:00:00Z,35.44702535975,77.93058805536707
2020-01-29T09:00:00Z,34.9446980985,77.93058805536707
2020-01-29T10:00:00Z,34.283618493,77.93058805536707
2020-01-29T11:00:00Z,31.788067052500004,75.35459434718219
2020-01-29T12:00:00Z,34.681625547500005,70.24648410664554
2020-01-29T13:00:00Z,41.917949829,64.84912609747026
2020-01-29T14:00:00Z,46.525092038,68.33419479534611
2020-01-29T15:00:00Z,53.966949506249996,50.15636816653046
2020-01-29T16:00:00Z,69.22273820825001,43.627255645385674
2020-01-29T17:00:00Z,72.48139308924999,39.81316894056464
2020-01-29T18:00:00Z,75.03412051375,21.103262218969082
2020-01-29T19:00:00Z,73.2130869905,21.103262218969082
2020-01-29T20:00:00Z,65.46939870825,21.103262218969082
2020-01-29T21:00:00Z,66.3674055265,21.103262218969082
2020-01-29T22:00:00Z,67.49953669225,21.103262218969082
2020-01-29T23:00:00Z,64.949341568,13.423755458382054
2020-01-30T00:00:00Z,61.26110401625,13.423755458382054
2020-01-30T01:00:00Z,57.33513969075,13.423755458382054
2020-01-30T02:00:00Z,44.4725244925,13.423755458382054
2020-01-30T03:00:00Z,47.575152747000004,13.423755458382054
2020-01-30T04:00:00Z,45.34609060075,34.13935925687456
2020-01-30T05:00:00Z,38.85957017325,54.85496305536707
2020-01-30T06:00:00Z,35.666745003749995,54.85496305536707
2020-01-30T07:00:00Z,34.723328382,54.85496305536707
2020-01-30T08:00:00Z,33.59955287175,77.93058805536707
2020-01-30T09:00:00Z,33.5931249305,77.90415698591997
2020-01-30T10:00:00Z,34.15996880475,67.70959153512793
2020-01-30T11:00:00Z,33.7095633415,60.56725601336843
2020-01-30T12:00:00Z,34.02546192375,61.956392499181575
2020-01-30T13:00:00Z,34.5492263445,49.269803015796874
2020-01-30T14:00:00Z,38.96108734025,44.94656163188744
2020-01-30T15:00:00Z,46.304242769,44.902881921760724
2020-01-30T16:00:00Z,52.13934882975,42.832218523188814
2020-01-30T17:00:00Z,59.59778179725001,38.779619419126924
2020-01-30T18:00:00Z,65.18977407325,19.637453135796072
2020-01-30T19:00:00Z,65.631538982,19.657649061956075
2020-01-30T20:00:00Z,61.09494226575,19.657649061956075
2020-01-30T21:00:00Z,62.25815869625,19.657649061956075
2020-01-30T22:00:00Z,64.06373515325001,19.657649061956075
2020-01-30T23:00:00Z,64.259348507,13.423755458382054
2020-01-31T00:00:00Z,62.89216222425,13.423755458382054
2020-01-31T01:00:00Z,52.28936552825,13.423755458382054
2020-01-31T02:00:00Z,46.216139229,13.423755458382054
2020-01-31T03:00:00Z,42.503321378500004,13.423755458382054
2020-01-31T04:00:00Z,39.899126088749995,34.13935925687456
2020-01-31T05:00:00Z,35.483831462750004,54.85496305536707
2020-01-31T06:00:00Z,34.348961777,54.85496305536707
2020-01-31T07:00:00Z,34.1577754335,54.85496305536707
2020-01-31T08:00:00Z,33.8097347095,70.15098690409384
2020-01-31T09:00:00Z,33.63888552825,46.015185894137055
2020-01-31T10:00:00Z,33.841842786,46.16650144944566
2020-01-31T11:00:00Z,33.52044755625,45.73408694515162
2020-01-31T12:00:00Z,34.71032873825,44.32952590229984
2020-01-31T13:00:00Z,41.65130807375,46.902250604843
2020-01-31T14:00:00Z,45.79239869375,47.780193671574736
2020-01-31T15:00:00Z,47.11976723275,47.90304930090075
2020-01-31T16:00:00Z,49.34895636575,46.59664428900719
2020-01-31T17:00:00Z,58.922907301500004,45.33987654745084
2020-01-31T18:00:00Z,62.747612154500004,25.035994674698692
2020-01-31T19:00:00Z,63.124625847000004,22.66772880681716
2020-01-31T20:00:00Z,65.38989244875,21.800999477510743
2020-01-31T21:00:00Z,74.1690209415,21.110488486121678
2020-01-31T22:00:00Z,72.23954524724999,19.98697225519334
2020-01-31T23:00:00Z,70.50048784375,13.423755458382054
2020-02-01T00:00:00Z,59.79249008125,20.794005458382053
2020-02-01T01:00:00Z,51.02380941525,20.794005458382053
2020-02-01T02:00:00Z,45.722542368,20.794005458382053
2020-02-01T03:00:00Z,44.75479338775,20.794005458382053
2020-02-01T04:00:00Z,39.8172881175,20.794005458382053
2020-02-01T05:00:00Z,40.0911549815,20.794005458382053
2020-02-01T06:00:00Z,39.197654094499995,20.794005458382053
2020-02-01T07:00:00Z,35.29929547025,20.794005458382053
2020-02-01T08:00:00Z,31.587157681249998,20.794005458382053
2020-02-01T09:00:00Z,31.7622431335,20.794005458382053
2020-02-01T10:00:00Z,31.619984877500002,20.794005458382053
2020-02-01T11:00:00Z,31.780571302749998,22.356637910362668
2020-02-01T12:00:00Z,32.53672961375,25.68248376952175
2020-02-01T13:00:00Z,31.40923487225,27.532378656332643
2020-02-01T14:00:00Z,31.6951110095,28.391451399969714
2020-02-01T15:00:00Z,31.968766802,29.133097841146284
2020-02-01T16:00:00Z,32.94084178725,28.688379757096026
2020-02-01T17:00:00Z,32.854109648,26.976175327953403
2020-02-01T18:00:00Z,33.43542646525,22.661721968092017
2020-02-01T19:00:00Z,32.7361420695,20.85676572461718
2020-02-01T20:00:00Z,32.07754831675,20.794005458382053
2020-02-01T21:00:00Z,34.6989031765,20.794005458382053
2020-02-01T22:00:00Z,37.2488248235,20.794005458382053
2020-02-01T23:00:00Z,39.0570675585,20.794005458382053
2020-02-02T00:00:00Z,36.805823621,20.794005458382053
2020-02-02T01:00:00Z,31.328746455,20.794005458382053
2020-02-02T02:00:00Z,31.56363442725,20.794005458382053
2020-02-02T03:00:00Z,32.040718267,20.794005458382053
2020-02-02T04:00:00Z,31.27299507675,20.794005458382053
2020-02-02T05:00:00Z,31.405563308250002,20.794005458382053
2020-02-02T06:00:00Z,31.0798082685,20.794005458382053
2020-02-02T07:00:00Z,33.537081926,20.794005458382053
2020-02-02T08:00:00Z,33.49832022875,20.794005458382053
2020-02-02T09:00:00Z,32.97927692325,20.794005458382053
2020-02-02T10:00:00Z,33.181461700499995,20.794005458382053
2020-02-02T11:00:00Z,32.80264017575,20.794005458382053
2020-02-02T12:00:00Z,33.69565652675,20.794005458382053
2020-02-02T13:00:00Z,33.53584582325,20.794005458382053
2020-02-02T14:00:00Z,33.7838899965,20.794005458382053
2020-02-02T15:00:00Z,32.984318352,20.794005458382053
2020-02-02T16:00:00Z,32.094784533,20.794005458382053
2020-02-02T17:00:00Z,15.597999069250001,20.794005458382053
2020-02-02T18:00:00Z,12.209142478250001,20.794005458382053
2020-02-02T19:00:00Z,12.612805114,20.794005458382053
2020-02-02T20:00:00Z,12.67662470525,20.794005458382053
2020-02-02T21:00:00Z,11.95538331775,20.794005458382053
2020-02-02T22:00:00Z,11.96459506375,20.794005458382053
2020-02-02T23:00:00Z,13.10969078175,20.794005458382053
2020-02-03T00:00:00Z,18.3943178845,13.423755458382054
2020-02-03T01:00:00Z,23.78618244,13.423755458382054
2020-02-03T02:00:00Z,30.13124817025,13.423755458382054
2020-02-03T03:00:00Z,27.5146542445,13.423755458382054
2020-02-03T04:00:00Z,22.09393326575,34.13935925687456
2020-02-03T05:00:00Z,27.9085293435,54.85496305536707
2020-02-03T06:00:00Z,30.32211722375,54.85496305536707
2020-02-03T07:00:00Z,30.635233074250003,54.85496305536707
2020-02-03T08:00:00Z,29.359015882250002,77.93058805536707
2020-02-03T09:00:00Z,31.149416392000003,77.93058805536707
2020-02-03T10:00:00Z,28.46909844225,77.93058805536707
2020-02-03T11:00:00Z,28.9164471305,77.93058805536707
2020-02-03T12:00:00Z,26.572640176249998,77.93058805536707
2020-02-03T13:00:00Z,26.988643005500002,77.93058805536707
2020-02-03T14:00:00Z,33.97033463825,77.93058805536707
2020-02-03T15:00:00Z,44.12074341525,77.93058805536707
2020-02-03T16:00:00Z,50.0213178025,77.93058805536707
2020-02-03T17:00:00Z,46.6810647345,77.93058805536707
2020-02-03T18:00:00Z,50.682645201,60.31871305536707
2020-02-03T19:00:00Z,56.114148285249996,60.31871305536707
2020-02-03T20:00:00Z,55.90709091575,60.31871305536707
2020-02-03T21:00:00Z,58.242315327,60.31871305536707
2020-02-03T22:00:00Z,51.31355967675,60.318713055367084
2020-02-03T23:00:00Z,47.092443086,13.423755458382054
2020-02-04T00:00:00Z,49.33667894475,13.423755458382054
2020-02-04T01:00:00Z,47.6007577125,13.423755458382054
2020-02-04T02:00:00Z,44.610800315,13.423755458382054
2020-02-04T03:00:00Z,45.935157143,13.423755458382054
2020-02-04T04:00:00Z,44.34485817325,34.13935925687456
2020-02-04T05:00:00Z,38.063207465,54.85496305536707
2020-02-04T06:00:00Z,32.921546219999996,54.85496305536707
2020-02-04T07:00:00Z,34.65836558425,54.85496305536707
2020-02-04T08:00:00Z,34.830755263499995,77.93058805536707
2020-02-04T09:00:00Z,34.572365734499996,77.93058805536707
2020-02-04T10:00:00Z,33.350877309,77.93058805536707
2020-02-04T11:00:00Z,31.174122280000002,77.93058805536707
2020-02-04T12:00:00Z,31.31734930975,77.93058805536707
2020-02-04T13:00:00Z,32.66758425975,77.93058805536707
2020-02-04T14:00:00Z,39.312316766500004,77.93058805536707
2020-02-04T15:00:00Z,46.577539796,78.76431744572665
2020-02-04T16:00:00Z,47.836158415,78.04012825849604
2020-02-04T17:00:00Z,59.662951708,77.93058805536707
2020-02-04T18:00:00Z,62.463954758,60.31871305536707
2020-02-04T19:00:00Z,62.400086314250004,60.31871305536707
2020-02-04T20:00:00Z,57.506295864500004,60.318713055367084
2020-02-04T21:00:00Z,56.02201044075,60.318713055367084
2020-02-04T22:00:00Z,57.04084679975,60.318713055367084
2020-02-04T23:00:00Z,57.90719395675,13.423755458382054
2020-02-05T00:00:00Z,52.275211586750004,13.423755458382054
2020-02-05T01:00:00Z,48.985592923750005,13.423755458382054
2020-02-05T02:00:00Z,43.370798166,13.423755458382054
2020-02-05T03:00:00Z,44.903993558500005,13.423755458382054
2020-02-05T04:00:00Z,40.7064366945,34.13935925687456
2020-02-05T05:00:00Z,37.1279970765,54.85496305536707
2020-02-05T06:00:00Z,36.73991078525,54.85496305536707
2020-02-05T07:00:00Z,36.997387378750005,54.85496305536707
2020-02-05T08:00:00Z,35.7541661755,77.93058805536707
2020-02-05T09:00:00Z,36.65679281525,77.93058805536707
2020-02-05T10:00:00Z,36.63329454175,77.93058805536707
2020-02-05T11:00:00Z,35.767520451,77.93058805536707
2020-02-05T12:00:00Z,35.26250640925,80.33901274283495
2020-02-05T13:00:00Z,40.419739964499996,86.41354289874471
2020-02-05T14:00:00Z,44.943599722500004,89.80192575740766
2020-02-05T15:00:00Z,53.5294652665,85.1366847637012
2020-02-05T16:00:00Z,61.989094127,73.17584360297465
2020-02-05T17:00:00Z,67.0737176965,68.55980472001075
2020-02-05T18:00:00Z,68.73087858625,48.82232341194024
2020-02-05T19:00:00Z,69.793360079,48.82232341194024
2020-02-05T20:00:00Z,67.6258200405,48.82232341194024
2020-02-05T21:00:00Z,69.25014979925,48.82232341194024
2020-02-05T22:00:00Z,68.874991808,48.82232341194024
2020-02-05T23:00:00Z,67.38471654375,13.423755458382054
2020-02-06T00:00:00Z,65.67127218499999,13.423755458382054
2020-02-06T01:00:00Z,59.210656168750006,13.423755458382054
2020-02-06T02:00:00Z,50.43974171375,13.423755458382054
2020-02-06T03:00:00Z,43.769227089249995,13.423755458382054
2020-02-06T04:00:00Z,46.39471962175,34.13935925687456
2020-02-06T05:00:00Z,45.03303407675,54.85496305536707
2020-02-06T06:00:00Z,40.871521349,54.85496305536707
2020-02-06T07:00:00Z,38.87947551175,54.85496305536707
2020-02-06T08:00:00Z,38.30750630725,77.93058805536707
2020-02-06T09:00:00Z,40.06142851175,77.93058805536707
2020-02-06T10:00:00Z,40.33939673525,77.93058805536707
2020-02-06T11:00:00Z,39.520106723,79.48855766536666
2020-02-06T12:00:00Z,38.9105616235,76.71846657113737
2020-02-06T13:00:00Z,41.329075438000004,80.58476810561311
2020-02-06T14:00:00Z,46.60764822525,78.98743714738528
2020-02-06T15:00:00Z,53.4071286305,76.95977456051595
2020-02-06T16:00:00Z,56.755083333500004,68.598415671212
2020-02-06T17:00:00Z,61.590633113,59.707761426200435
2020-02-06T18:00:00Z,67.13450547449999,31.19343681151612
2020-02-06T19:00:00Z,70.1826077195,28.556589631051057
2020-02-06T20:00:00Z,72.72918537325,28.556589631051057
2020-02-06T21:00:00Z,75.77680289099999,28.556589631051057
2020-02-06T22:00:00Z,75.902534527,28.556589631051057
2020-02-06T23:00:00Z,72.2680617355,13.423755458382054
2020-02-07T00:00:00Z,64.246405444,13.423755458382054
2020-02-07T01:00:00Z,57.28479160225,13.423755458382054
2020-02-07T02:00:00Z,49.413003871,13.423755458382054
2020-02-07T03:00:00Z,43.63686232525,13.423755458382054
2020-02-07T04:00:00Z,41.57979356125,34.13935925687456
2020-02-07T05:00:00Z,41.4219398375,54.85496305536707
2020-02-07T06:00:00Z,39.93370042125,54.85496305536707
2020-02-07T07:00:00Z,39.349853109,54.85496305536707
2020-02-07T08:00:00Z,39.480801411499996,77.93058805536707
2020-02-07T09:00:00Z,38.79081922275,76.71378546353996
2020-02-07T10:00:00Z,38.713212332,66.43419841194023
2020-02-07T11:00:00Z,38.240598239,69.89474832636355
2020-02-07T12:00:00Z,38.07937628925,57.17182882165245
2020-02-07T13:00:00Z,42.1930619835,56.91327198478176
2020-02-07T14:00:00Z,47.11501584275,57.23047617084144
2020-02-07T15:00:00Z,53.95321561225,55.26189738763842
2020-02-07T16:00:00Z,53.8660059085,51.55414075289731
2020-02-07T17:00:00Z,61.13733233825,46.65698966385229
2020-02-07T18:00:00Z,62.517766337,25.322596703488244
2020-02-07T19:00:00Z,60.361731088249996,25.322596703488237
2020-02-07T20:00:00Z,65.56406812525,25.322596703488237
2020-02-07T21:00:00Z,69.79358024875,25.32516162149398
2020-02-07T22:00:00Z,70.594502091,25.332716085316193
2020-02-07T23:00:00Z,68.0444291865,13.423755458382054
2020-02-08T00:00:00Z,68.32759455275,20.794005458382053
2020-02-08T01:00:00Z,59.06168498,20.794005458382053
2020-02-08T02:00:00Z,46.1546328645,20.794005458382053
2020-02-08T03:00:00Z,43.145189556000005,20.794005458382053
2020-02-08T04:00:00Z,38.41707675,20.794005458382053
2020-02-08T05:00:00Z,39.10241714575,20.794005458382053
2020-02-08T06:00:00Z,35.221016573,20.794005458382053
2020-02-08T07:00:00Z,33.622483059000004,20.794005458382053
2020-02-08T08:00:00Z,30.70377696275,20.794005458382053
2020-02-08T09:00:00Z,30.75587895175,20.794005458382053
2020-02-08T10:00:00Z,29.5289786935,20.794005458382053
2020-02-08T11:00:00Z,27.673546155750003,20.794005458382053
2020-02-08T12:00:00Z,29.0020754065,20.883239735193406
2020-02-08T13:00:00Z,31.000276841,21.57764425328633
2020-02-08T14:00:00Z,31.293759946999998,22.894914248117452
2020-02-08T15:00:00Z,29.56031980025,23.966804977286227
2020-02-08T16:00:00Z,31.05860552075,23.584660375555956
2020-02-08T17:00:00Z,30.5615467365,22.278941361348586
2020-02-08T18:00:00Z,29.89465368475,20.794005458382053
2020-02-08T19:00:00Z,38.12530829725,20.794005458382053
2020-02-08T20:00:00Z,33.04364450075,20.794005458382053
2020-02-08T21:00:00Z,29.663552828000004,20.794005458382053
2020-02-08T22:00:00Z,29.48817791275,20.794005458382053
2020-02-08T23:00:00Z,30.51221788525,20.794005458382053
2020-02-09T00:00:00Z,32.07378868275,20.794005458382053
2020-02-09T01:00:00Z,33.14500411425,20.794005458382053
2020-02-09T02:00:00Z,32.74337228725,20.794005458382053
2020-02-09T03:00:00Z,32.7450501085,20.794005458382053
2020-02-09T04:00:00Z,32.6094895035,20.794005458382053
2020-02-09T05:00:00Z,31.701179745500003,20.794005458382053
2020-02-09T06:00:00Z,29.97222851175,20.794005458382053
2020-02-09T07:00:00Z,33.335050573749996,20.794005458382053
2020-02-09T08:00:00Z,32.75201987825,20.794005458382053
2020-02-09T09:00:00Z,31.85460454875,20.794005458382053
2020-02-09T10:00:00Z,30.80793507375,20.794005458382053
2020-02-09T11:00:00Z,30.301640153,20.794005458382053
2020-02-09T12:00:00Z,30.7566870645,20.794005458382053
2020-02-09T13:00:00Z,24.3019765945,21.238257652217673
2020-02-09T14:00:00Z,29.80378571025,21.94935889889583
2020-02-09T15:00:00Z,30.14097082275,22.568235415737306
2020-02-09T16:00:00Z,26.84098605075,22.74239893472845
2020-02-09T17:00:00Z,12.28079415225,22.151811221797967
2020-02-09T18:00:00Z,12.277122539250001,20.916373269820774
2020-02-09T19:00:00Z,13.633760237250002,20.794005458382053
2020-02-09T20:00:00Z,12.402399134,20.794005458382053
2020-02-09T21:00:00Z,13.910237958749999,20.794005458382053
2020-02-09T22:00:00Z,13.98964083675,20.794005458382053
2020-02-09T23:00:00Z,15.05739653925,20.794005458382053
2020-02-10T00:00:00Z,24.29336090625,13.423755458382054
2020-02-10T01:00:00Z,34.733400079,13.423755458382054
2020-02-10T02:00:00Z,37.80735713675,13.423755458382054
2020-02-10T03:00:00Z,37.86720646575,13.423755458382054
2020-02-10T04:00:00Z,34.55859139075,34.13935925687456
2020-02-10T05:00:00Z,34.35580186925,54.85496305536707
2020-02-10T06:00:00Z,33.077476970999996,54.85496305536707
2020-02-10T07:00:00Z,34.5624399375,54.85496305536707
2020-02-10T08:00:00Z,33.355609630749996,77.93058805536707
2020-02-10T09:00:00Z,33.313089342750004,77.93058805536707
2020-02-10T10:00:00Z,31.303066731250002,83.79786615806798
2020-02-10T11:00:00Z,32.1976738935,95.43705490299953
2020-02-10T12:00:00Z,26.37013434575,104.77974523916821
2020-02-10T13:00:00Z,20.241037638,109.48108901062083
2020-02-10T14:00:00Z,29.10650222725,112.15036860884253
2020-02-10T15:00:00Z,32.07627044175,111.8874440712041
2020-02-10T16:00:00Z,42.38114005075,110.52509523906973
2020-02-10T17:00:00Z,63.69943475375,109.68028549756319
2020-02-10T18:00:00Z,74.197505535,84.91123029922124
2020-02-10T19:00:00Z,77.197396262,77.65530099014518
2020-02-10T20:00:00Z,78.75530340499999,76.02905500861118
2020-02-10T21:00:00Z,84.441191765,74.73952228782964
2020-02-10T22:00:00Z,82.16550273600001,72.04650372738041
2020-02-10T23:00:00Z,75.754158999,15.334957399102436
2020-02-11T00:00:00Z,70.15534169125,15.708903225605551
2020-02-11T01:00:00Z,59.7816918225,15.707331483510579
2020-02-11T02:00:00Z,53.2148536975,15.430217719659932
2020-02-11T03:00:00Z,47.536394546,15.298875844186814
2020-02-11T04:00:00Z,44.640083720250004,39.72624876438856
2020-02-11T05:00:00Z,42.48467282425,63.79251251338257
2020-02-11T06:00:00Z,40.90044589425,62.060803540823706
2020-02-11T07:00:00Z,39.910334737999996,60.28523232356545
2020-02-11T08:00:00Z,34.26153656975,83.48827155210412
2020-02-11T09:00:00Z,14.40331176,84.82107594257089
2020-02-11T10:00:00Z,14.34149510375,90.39161299474138
2020-02-11T11:00:00Z,15.4205088935,87.76491882770357
2020-02-11T12:00:00Z,15.3961261515,75.44554231445177
2020-02-11T13:00:00Z,23.549182115500003,60.214993324652355
2020-02-11T14:00:00Z,42.69355698075,55.01617037247069
2020-02-11T15:00:00Z,44.83141520225,54.70210301616623
2020-02-11T16:00:00Z,42.72624632,53.77304054776973
2020-02-11T17:00:00Z,62.86603164575,52.632860344165486
2020-02-11T18:00:00Z,69.920902269,31.673624806681715
2020-02-11T19:00:00Z,70.5133195735,29.19344122369253
2020-02-11T20:00:00Z,73.281020794,27.621660804531036
2020-02-11T21:00:00Z,66.637589599,27.030592353516244
2020-02-11T22:00:00Z,72.0814455905,27.02310732580679
2020-02-11T23:00:00Z,89.64870754175,16.137141312990227
2020-02-12T00:00:00Z,87.62475472450001,15.757746517247469
2020-02-12T01:00:00Z,63.0515106885,15.291504760702853
2020-02-12T02:00:00Z,53.09726717825,14.340308560905692
2020-02-12T03:00:00Z,47.87229847175,13.877978449827614
2020-02-12T04:00:00Z,43.552512844000006,34.13935925687456
2020-02-12T05:00:00Z,42.4227419465,54.85496305536707
2020-02-12T06:00:00Z,39.244235801,54.85496305536707
2020-02-12T07:00:00Z,40.009302836,54.85496305536707
2020-02-12T08:00:00Z,39.1247782655,73.9666239343601
2020-02-12T09:00:00Z,39.07908633875,50.85134033969532
2020-02-12T10:00:00Z,38.4936800595,46.5858443938563
2020-02-12T11:00:00Z,38.6549756585,46.58443723141166
2020-02-12T12:00:00Z,37.10987099575,47.89426645375128
2020-02-12T13:00:00Z,41.30368024625,49.062502173615734
2020-02-12T14:00:00Z,46.36931890925,49.73224699498075
2020-02-12T15:00:00Z,48.497015531,46.65971821885617
2020-02-12T16:00:00Z,54.41004336500001,45.01600625214892
2020-02-12T17:00:00Z,60.75610698975,42.911468474825504
2020-02-12T18:00:00Z,64.91542884525,21.41184268323694
2020-02-12T19:00:00Z,68.7015565535,20.246503279426076
2020-02-12T20:00:00Z,66.346787496,20.246503279426076
2020-02-12T21:00:00Z,67.597280135,20.246503279426076
2020-02-12T22:00:00Z,74.3270859015,20.246503279426076
2020-02-12T23:00:00Z,68.686917665,13.423755458382054
2020-02-13T00:00:00Z,60.44525000425,13.423755458382054
2020-02-13T01:00:00Z,61.8016559215,13.423755458382054
2020-02-13T02:00:00Z,54.610997322500005,13.423755458382054
2020-02-13T03:00:00Z,48.69898645275,13.423755458382054
2020-02-13T04:00:00Z,46.276605552,34.13935925687456
2020-02-13T05:00:00Z,43.12804350825,54.85496305536707
2020-02-13T06:00:00Z,36.77793973875,54.85496305536707
2020-02-13T07:00:00Z,35.182416955,54.85496305536707
2020-02-13T08:00:00Z,35.964609669249995,77.93058805536707
2020-02-13T09:00:00Z,34.56702757875,77.93058805536707
2020-02-13T10:00:00Z,35.1684304045,77.93058805536707
2020-02-13T11:00:00Z,33.252344055500004,70.32694703126748
2020-02-13T12:00:00Z,35.130017652999996,61.951186249973276
2020-02-13T13:00:00Z,34.81911449375,61.906681791953645
2020-02-13T14:00:00Z,37.467501049000006,61.906681791953645
2020-02-13T15:00:00Z,49.190921811,61.87633454352078
2020-02-13T16:00:00Z,51.929002067249996,58.71228082551949
2020-02-13T17:00:00Z,60.217429440000004,57.137444825632194
2020-02-13T18:00:00Z,64.62079507224999,39.525569825632175
2020-02-13T19:00:00Z,69.50045989,39.525569825632175
2020-02-13T20:00:00Z,63.81353962725,39.525569825632175
2020-02-13T21:00:00Z,59.211366508750004,39.525569825632175
2020-02-13T22:00:00Z,67.00837811349999,39.525569825632175
2020-02-13T23:00:00Z,68.119106391,13.423755458382054
2020-02-14T00:00:00Z,53.43477984075,13.423755458382054
2020-02-14T01:00:00Z,42.296479084,13.423755458382054
2020-02-14T02:00:00Z,36.37541884675,13.423755458382054
2020-02-14T03:00:00Z,32.87959747275001,13.423755458382054
2020-02-14T04:00:00Z,32.53737074775,34.13935925687456
2020-02-14T05:00:00Z,28.01454861325,54.85496305536707
2020-02-14T06:00:00Z,19.885085408000002,54.85496305536708
2020-02-14T07:00:00Z,27.3309801975,54.85496305536708
2020-02-14T08:00:00Z,22.90159643925,77.93058805536707
2020-02-14T09:00:00Z,23.025307648000002,77.93058805536707
2020-02-14T10:00:00Z,31.30269980725,72.34629213094819
2020-02-14T11:00:00Z,31.651437807500002,66.05647111981362
2020-02-14T12:00:00Z,33.1893481045,62.00310178845675
2020-02-14T13:00:00Z,36.73046962975,63.14127914160429
2020-02-14T14:00:00Z,43.90731436675,61.98414474389476
2020-02-14T15:00:00Z,46.40041934075,54.380593966248234
2020-02-14T16:00:00Z,54.552147854,52.09915509574039
2020-02-14T17:00:00Z,64.96174481475,47.484690347979324
2020-02-14T18:00:00Z,62.471682832249996,27.36750439152096
2020-02-14T19:00:00Z,62.60813087875,27.36780366304505
2020-02-14T20:00:00Z,63.36509652475,27.36780366304505
2020-02-14T21:00:00Z,65.743556337,27.367803663045045
2020-02-14T22:00:00Z,67.25599622075,27.36780366304505
2020-02-14T23:00:00Z,66.40298683325,13.423755458382054
2020-02-15T00:00:00Z,60.77391625,20.794005458382053
2020-02-15T01:00:00Z,49.50952844175,20.794005458382053
2020-02-15T02:00:00Z,42.324761849750004,20.794005458382053
2020-02-15T03:00:00Z,37.165559018,20.794005458382053
2020-02-15T04:00:00Z,36.664345073250004,20.794005458382053
2020-02-15T05:00:00Z,36.455041122,20.794005458382053
2020-02-15T06:00:00Z,35.45075299375,20.794005458382053
2020-02-15T07:00:00Z,34.32179622375,20.794005458382053
2020-02-15T08:00:00Z,31.732617775999998,20.794005458382053
2020-02-15T09:00:00Z,32.3100310405,20.794005458382053
2020-02-15T10:00:00Z,31.773648793,20.794005458382053
2020-02-15T11:00:00Z,31.9508164195,20.845725971093415
2020-02-15T12:00:00Z,30.9303827365,22.16553154882703
2020-02-15T13:00:00Z,30.97264731525,23.441449493222102
2020-02-15T14:00:00Z,31.8508955685,23.849046029499917
2020-02-15T15:00:00Z,31.465171824,23.16275095836864
2020-02-15T16:00:00Z,30.4575153865,22.831630271143858
2020-02-15T17:00:00Z,30.70475732725,21.327475408287537
2020-02-15T18:00:00Z,31.6114489885,20.794005458382053
2020-02-15T19:00:00Z,31.79448760575,20.794005458382053
2020-02-15T20:00:00Z,32.09272881675,20.794005458382053
2020-02-15T21:00:00Z,33.04476323525,20.794005458382053
2020-02-15T22:00:00Z,32.85707740225,20.794005458382053
2020-02-15T23:00:00Z,32.4358028495,20.794005458382053
2020-02-16T00:00:00Z,32.822523792750005,20.794005458382053
2020-02-16T01:00:00Z,32.058089341750005,20.794005458382053
2020-02-16T02:00:00Z,32.0902625145,20.794005458382053
2020-02-16T03:00:00Z,32.552401272750004,20.794005458382053
2020-02-16T04:00:00Z,32.47646421825,20.794005458382053
2020-02-16T05:00:00Z,32.111822415000006,20.794005458382053
2020-02-16T06:00:00Z,31.730232046,20.794005458382053
2020-02-16T07:00:00Z,33.382628745000005,20.794005458382053
2020-02-16T08:00:00Z,34.642524461,20.794005458382053
2020-02-16T09:00:00Z,34.234124768499996,20.794005458382053
2020-02-16T10:00:00Z,34.29535435725,20.794005458382053
2020-02-16T11:00:00Z,33.42989472725,20.794005458382053
2020-02-16T12:00:00Z,32.748325269,21.287550932710207
2020-02-16T13:00:00Z,33.62945710425,23.186401414695524
2020-02-16T14:00:00Z,33.1215100485,24.623712909898202
2020-02-16T15:00:00Z,34.07489777325,24.44044383843854
2020-02-16T16:00:00Z,33.4455596035,21.995633113273023
2020-02-16T17:00:00Z,32.64963781125,20.794005458382053
2020-02-16T18:00:00Z,33.1281373785,20.794005458382053
2020-02-16T19:00:00Z,33.43949115525,20.794005458382053
2020-02-16T20:00:00Z,34.77586021575,20.794005458382053
2020-02-16T21:00:00Z,34.627797266749994,20.794005458382053
2020-02-16T22:00:00Z,33.44685882025,20.794005458382053
2020-02-16T23:00:00Z,33.100414774,20.794005458382053
2020-02-17T00:00:00Z,34.79579511275,13.423755458382054
2020-02-17T01:00:00Z,35.0245675015,13.423755458382054
2020-02-17T02:00:00Z,35.46950087875,13.423755458382054
2020-02-17T03:00:00Z,35.6600620715,13.423755458382054
2020-02-17T04:00:00Z,34.636974397,34.13935925687456
2020-02-17T05:00:00Z,34.53914626425,54.85496305536707
2020-02-17T06:00:00Z,35.70227135275,54.85496305536707
2020-02-17T07:00:00Z,34.716724997750006,54.85496305536707
2020-02-17T08:00:00Z,34.846852365,77.93058805536707
2020-02-17T09:00:00Z,35.62012818975,77.93058805536707
2020-02-17T10:00:00Z,34.565819525500004,83.11166307686938
2020-02-17T11:00:00Z,34.048366397500004,93.58541772969008
2020-02-17T12:00:00Z,34.41883900775,103.0894564112807
2020-02-17T13:00:00Z,35.2751809105,107.61885487062519
2020-02-17T14:00:00Z,34.64536678725,110.075147134228
2020-02-17T15:00:00Z,34.25378873525,112.3622210224693
2020-02-17T16:00:00Z,36.00031090875,109.4521256013455
2020-02-17T17:00:00Z,34.3540587925,93.65369781506698
2020-02-17T18:00:00Z,38.33611949,61.01043236006035
2020-02-17T19:00:00Z,41.60382332775,54.887369390224286
2020-02-17T20:00:00Z,39.4527491985,53.34180739704857
2020-02-17T21:00:00Z,37.33075030925,53.03988223586168
2020-02-17T22:00:00Z,39.959080608,49.708407775270906
2020-02-17T23:00:00Z,42.9291137795,13.423755458382054
2020-02-18T00:00:00Z,43.97416831975,13.423755458382054
2020-02-18T01:00:00Z,45.395447110250004,13.423755458382054
2020-02-18T02:00:00Z,37.81207355825,13.423755458382054
2020-02-18T03:00:00Z,36.94816331375,13.423755458382054
2020-02-18T04:00:00Z,36.885474417,34.13935925687456
2020-02-18T05:00:00Z,36.6261817905,54.85496305536707
2020-02-18T06:00:00Z,35.354160989,54.85496305536707
2020-02-18T07:00:00Z,35.137880655000004,54.85496305536707
2020-02-18T08:00:00Z,35.52134979675,77.93058805536707
2020-02-18T09:00:00Z,35.35176621875,77.93058805536707
2020-02-18T10:00:00Z,35.96810758475,78.45339095311387
2020-02-18T11:00:00Z,34.96156158475,82.26474931038155
2020-02-18T12:00:00Z,35.940402856,83.41611827350314
2020-02-18T13:00:00Z,37.310702717,85.10375148341387
2020-02-18T14:00:00Z,44.405466287,70.81360045076421
2020-02-18T15:00:00Z,50.482345794249994,59.34804565838289
2020-02-18T16:00:00Z,60.49021888125,51.48106016319983
2020-02-18T17:00:00Z,71.40642927725,45.69354675228016
2020-02-18T18:00:00Z,73.0213652325,23.271066900611128
2020-02-18T19:00:00Z,75.83846334725,21.728757163456276
2020-02-18T20:00:00Z,74.13284888975,21.731456525658405
2020-02-18T21:00:00Z,74.97224517725,21.72653624009427
2020-02-18T22:00:00Z,65.67318854225,21.72774371591015
2020-02-18T23:00:00Z,58.665026232,13.423755458382054
2020-02-19T00:00:00Z,59.377234999500004,13.423755458382054
2020-02-19T01:00:00Z,59.82068306725,13.423755458382054
2020-02-19T02:00:00Z,49.147345663500005,13.423755458382054
2020-02-19T03:00:00Z,44.0924897105,13.423755458382054
2020-02-19T04:00:00Z,40.277440182999996,34.13935925687456
2020-02-19T05:00:00Z,40.514476744750006,54.85496305536708
2020-02-19T06:00:00Z,35.64980745025,54.85496305536707
2020-02-19T07:00:00Z,36.212644071499994,54.85496305536707
2020-02-19T08:00:00Z,35.5284155955,77.93058805536707
2020-02-19T09:00:00Z,35.17037352675,77.93058805536707
2020-02-19T10:00:00Z,34.40389647625,77.93058805536707
2020-02-19T11:00:00Z,33.607776995,76.7052335778555
2020-02-19T12:00:00Z,34.7590338015,73.00465942031114
2020-02-19T13:00:00Z,37.158941124500004,58.47125720180974
2020-02-19T14:00:00Z,44.88137177075001,48.81361364527109
2020-02-19T15:00:00Z,51.0573068035,46.64849078964641
2020-02-19T16:00:00Z,61.533615141,46.238842182710286
2020-02-19T17:00:00Z,64.84742980525,44.28850713898596
2020-02-19T18:00:00Z,68.327002359,22.25965099480639
2020-02-19T19:00:00Z,75.95609156725,21.692116436439083
2020-02-19T20:00:00Z,70.39253880225,21.695294757579994
2020-02-19T21:00:00Z,72.101420703,21.69730483411619
2020-02-19T22:00:00Z,75.14009048025,21.697770330886627
2020-02-19T23:00:00Z,74.04364446849999,13.423755458382054
2020-02-20T00:00:00Z,63.72634214475,13.423755458382054
2020-02-20T01:00:00Z,59.616199079750004,13.423755458382054
2020-02-20T02:00:00Z,47.9411897755,13.423755458382054
2020-02-20T03:00:00Z,42.28519755,13.423755458382054
2020-02-20T04:00:00Z,43.669793614,34.13935925687456
2020-02-20T05:00:00Z,42.96875494125,54.85496305536707
2020-02-20T06:00:00Z,39.50365431675,54.85496305536707
2020-02-20T07:00:00Z,38.14129953175,54.85496305536707
2020-02-20T08:00:00Z,38.8263956915,77.93058805536707
2020-02-20T09:00:00Z,37.6093269815,77.86233037758154
2020-02-20T10:00:00Z,38.57892731875,69.11186496964713
2020-02-20T11:00:00Z,37.683859816,56.403690258230185
2020-02-20T12:00:00Z,38.52233496675,48.36240756116433
2020-02-20T13:00:00Z,42.3382175845,49.9671914345341
2020-02-20T14:00:00Z,45.857764447,49.31015871560717
2020-02-20T15:00:00Z,43.74914966475001,46.91342871619726
2020-02-20T16:00:00Z,44.446478247499996,44.82954650710014
2020-02-20T17:00:00Z,59.023942692249996,41.89489268295865
2020-02-20T18:00:00Z,64.023034749,22.185544858890104
2020-02-20T19:00:00Z,61.67274264525,21.994153164668198
2020-02-20T20:00:00Z,59.25518497225,21.70934657426612
2020-02-20T21:00:00Z,60.5624479115,21.108556424966924
2020-02-20T22:00:00Z,65.77132466675,21.01327539460308
2020-02-20T23:00:00Z,61.63278374075,13.571413409594888
2020-02-21T00:00:00Z,56.4002019465,13.423755458382054
2020-02-21T01:00:00Z,49.89235615025,13.423755458382054
2020-02-21T02:00:00Z,44.89603133675,13.423755458382054
2020-02-21T03:00:00Z,41.65777388325,13.423755458382054
2020-02-21T04:00:00Z,38.339387106749996,34.13935925687456
2020-02-21T05:00:00Z,37.5971223325,54.85496305536707
2020-02-21T06:00:00Z,35.38691126625,54.85496305536707
2020-02-21T07:00:00Z,38.451124895999996,54.85496305536707
2020-02-21T08:00:00Z,39.250322478499996,73.50649048343475
2020-02-21T09:00:00Z,38.9413553325,51.091133685492764
2020-02-21T10:00:00Z,38.980811363,46.18920995892443
2020-02-21T11:00:00Z,37.52714387575,51.10100716704728
2020-02-21T12:00:00Z,36.37236290125,51.27011991261739
2020-02-21T13:00:00Z,39.60592522325,49.53375190144098
2020-02-21T14:00:00Z,47.31022868025,48.590524700583785
2020-02-21T15:00:00Z,54.33059284075,47.46864998227252
2020-02-21T16:00:00Z,57.11934305525,46.095636660448925
2020-02-21T17:00:00Z,65.72743592225,44.60684117013499
2020-02-21T18:00:00Z,72.45084227449999,25.576041687093138
2020-02-21T19:00:00Z,61.725706460750004,23.929401858020814
2020-02-21T20:00:00Z,76.53844174875,23.718489693126433
2020-02-21T21:00:00Z,79.1599051,23.69852135045887
2020-02-21T22:00:00Z,63.56639383475,23.160280544085644
2020-02-21T23:00:00Z,56.2267082685,14.991334437514542
2020-02-22T00:00:00Z,49.430267752,22.056638786534165
2020-02-22T01:00:00Z,29.64721802675,22.155632451113043
2020-02-22T02:00:00Z,6.32403609425,21.74008945826469
2020-02-22T03:00:00Z,41.47677764775,21.26005919803959
2020-02-22T04:00:00Z,41.66101515075,21.282517930580433
2020-02-22T05:00:00Z,41.59987402125,21.379969302866662
2020-02-22T06:00:00Z,43.28608692725,21.08825316118785
2020-02-22T07:00:00Z,41.45875057475,20.794005458382053
2020-02-22T08:00:00Z,42.32427075725,20.794005458382053
2020-02-22T09:00:00Z,40.82151391825,20.794005458382053
2020-02-22T10:00:00Z,41.2722360235,20.794005458382053
2020-02-22T11:00:00Z,40.925602439500004,20.875729631007278
2020-02-22T12:00:00Z,41.60052990475,21.366064737563608
2020-02-22T13:00:00Z,42.13858133025,21.483695567880158
2020-02-22T14:00:00Z,41.0450006255,20.794005458382053
2020-02-22T15:00:00Z,41.58184349975,20.794005458382053
2020-02-22T16:00:00Z,43.03369071625,20.794005458382053
2020-02-22T17:00:00Z,41.19081753775,20.794005458382053
2020-02-22T18:00:00Z,41.867823960500004,20.794005458382053
2020-02-22T19:00:00Z,42.01871797375,20.794005458382053
2020-02-22T20:00:00Z,39.1195628475,20.794005458382053
2020-02-22T21:00:00Z,40.41602111175,20.794005458382053
2020-02-22T22:00:00Z,40.87572451675,20.794005458382053
2020-02-22T23:00:00Z,41.7262864435,20.794005458382053
2020-02-23T00:00:00Z,39.996625305500004,20.794005458382053
2020-02-23T01:00:00Z,42.095132588249996,20.794005458382053
2020-02-23T02:00:00Z,44.63754747775,20.794005458382053
2020-02-23T03:00:00Z,39.8005461125,20.794005458382053
2020-02-23T04:00:00Z,40.80538732975,20.794005458382053
2020-02-23T05:00:00Z,41.99930613925,20.794005458382053
2020-02-23T06:00:00Z,40.6902758565,20.794005458382053
2020-02-23T07:00:00Z,42.14877574250001,20.794005458382053
2020-02-23T08:00:00Z,40.92707324925,20.794005458382053
2020-02-23T09:00:00Z,40.54124036875,20.794005458382053
2020-02-23T10:00:00Z,42.276960595,20.794005458382053
2020-02-23T11:00:00Z,41.862993155,20.83254335473083
2020-02-23T12:00:00Z,41.2164798275,22.05616519237613
2020-02-23T13:00:00Z,40.709972039,22.94438230001352
2020-02-23T14:00:00Z,41.1654840505,23.619697313666332
2020-02-23T15:00:00Z,40.649716793500005,24.592326606649582
2020-02-23T16:00:00Z,42.55153214575,24.900923679961622
2020-02-23T17:00:00Z,40.31257240925,23.883802418839498
2020-02-23T18:00:00Z,40.70056406925,21.190499345573414
2020-02-23T19:00:00Z,40.3161748975,20.794005458382053
2020-02-23T20:00:00Z,36.42071466025,20.794005458382053
2020-02-23T21:00:00Z,22.79750614675,20.794005458382053
2020-02-23T22:00:00Z,20.20267969225,20.794005458382053
2020-02-23T23:00:00Z,32.803616237,20.794005458382053
2020-02-24T00:00:00Z,34.09164364,13.423755458382054
2020-02-24T01:00:00Z,34.968413552,13.423755458382054
2020-02-24T02:00:00Z,36.06688265575,13.423755458382054
2020-02-24T03:00:00Z,32.89565252,13.423755458382054
2020-02-24T04:00:00Z,32.4617180245,34.13935925687456
2020-02-24T05:00:00Z,32.826645021000004,54.85496305536707
2020-02-24T06:00:00Z,32.25081988675,54.85496305536707
2020-02-24T07:00:00Z,30.62679701425,54.85496305536707
2020-02-24T08:00:00Z,30.043524887,77.93058805536707
2020-02-24T09:00:00Z,32.416517471,77.93058805536707
2020-02-24T10:00:00Z,33.471845514,78.8141701993245
2020-02-24T11:00:00Z,32.802855136750004,89.9032973842069
2020-02-24T12:00:00Z,35.9913758075,97.649274069755
2020-02-24T13:00:00Z,36.192313399750006,104.3399418654724
2020-02-24T14:00:00Z,44.67905328,109.08137279317104
2020-02-24T15:00:00Z,49.0149934115,105.9286383373196
2020-02-24T16:00:00Z,63.219922318500004,98.9808223947408
2020-02-24T17:00:00Z,71.77337639425,94.83769184100146
2020-02-24T18:00:00Z,75.87263328125,70.9133000604172
2020-02-24T19:00:00Z,77.4328754745,66.35510686524255
2020-02-24T20:00:00Z,72.66373098525,65.54359611598348
2020-02-24T21:00:00Z,67.45912418099999,65.93217496949994
2020-02-24T22:00:00Z,68.16903770100001,64.7731730141585
2020-02-24T23:00:00Z,75.05839426224999,15.039389310942457
2020-02-25T00:00:00Z,73.33106512675,15.091582500995226
2020-02-25T01:00:00Z,56.14109838075,15.108764189602903
2020-02-25T02:00:00Z,52.29832243575,15.251286062535453
2020-02-25T03:00:00Z,44.925914449000004,15.669490504897912
2020-02-25T04:00:00Z,44.6575710765,41.21202812313512
2020-02-25T05:00:00Z,42.49188253375,63.66452001700571
2020-02-25T06:00:00Z,39.334958874,57.53659501345282
2020-02-25T07:00:00Z,42.08454725425,56.13963252650562
2020-02-25T08:00:00Z,39.914401854,84.79627868444082
2020-02-25T09:00:00Z,40.3962032245,86.75198698477499
2020-02-25T10:00:00Z,37.96956901075,88.19066258462688
2020-02-25T11:00:00Z,36.93442790525,76.90812929771637
2020-02-25T12:00:00Z,37.50111572225,60.022635246286434
2020-02-25T13:00:00Z,42.8979223,54.90920582339482
2020-02-25T14:00:00Z,48.80799626025,55.28396826197715
2020-02-25T15:00:00Z,53.58697582325,52.02258566777023
2020-02-25T16:00:00Z,64.24651083025,49.912152123801725
2020-02-25T17:00:00Z,72.8533567,48.735939732858405
2020-02-25T18:00:00Z,80.02246522325,27.72531621973306
2020-02-25T19:00:00Z,78.34297273425,25.074701137634477
2020-02-25T20:00:00Z,76.24513200325,24.43494070796931
2020-02-25T21:00:00Z,79.94801574975,24.145326231005622
2020-02-25T22:00:00Z,79.922411192,23.043317755357382
2020-02-25T23:00:00Z,84.79992517174999,15.389540043997739
2020-02-26T00:00:00Z,82.45819146425,14.95526209240396
2020-02-26T01:00:00Z,66.867414994,15.443608482187447
2020-02-26T02:00:00Z,55.76227772325,16.131525457107912
2020-02-26T03:00:00Z,53.999386335,16.162871126358052
2020-02-26T04:00:00Z,49.7261172015,38.39100344516759
2020-02-26T05:00:00Z,44.99299835,56.813962202982346
2020-02-26T06:00:00Z,42.19715714075,54.85496305536707
2020-02-26T07:00:00Z,42.161797613,54.85496305536707
2020-02-26T08:00:00Z,41.8965888655,69.92465583797438
2020-02-26T09:00:00Z,41.03647582,44.37570251100009
2020-02-26T10:00:00Z,40.114528354,47.644466798468756
2020-02-26T11:00:00Z,39.69683859125,49.31624476621314
2020-02-26T12:00:00Z,40.307878337,47.5775800490562
2020-02-26T13:00:00Z,46.135719531250004,48.213078250168216
2020-02-26T14:00:00Z,47.5179459115,48.824432432287146
2020-02-26T15:00:00Z,55.3875850385,48.54168060422702
2020-02-26T16:00:00Z,67.18853200800001,47.53739499325345
2020-02-26T17:00:00Z,69.36663081125,46.794229635705
2020-02-26T18:00:00Z,75.86152664325,26.599799863904877
2020-02-26T19:00:00Z,79.3401375495,24.162113226742
2020-02-26T20:00:00Z,74.704706945,23.704768885349342
2020-02-26T21:00:00Z,69.513469492,23.830143644229985
2020-02-26T22:00:00Z,93.27593831050001,23.597988287260076
2020-02-26T23:00:00Z,81.889016594,17.060832284122984
2020-02-27T00:00:00Z,74.4633490815,16.00918372670027
2020-02-27T01:00:00Z,64.11093427675,14.51571712843426
2020-02-27T02:00:00Z,57.132878827750005,14.078477236993828
2020-02-27T03:00:00Z,49.181724957,13.85468106968163
2020-02-27T04:00:00Z,50.85671254325,38.01183956314688
2020-02-27T05:00:00Z,48.396575918,60.80766160959911
2020-02-27T06:00:00Z,43.109034771,56.41649739315278
2020-02-27T07:00:00Z,43.17047597525,54.85496305536707
2020-02-27T08:00:00Z,41.83847289075,62.08550119564396
2020-02-27T09:00:00Z,41.349570268250005,45.890045824273066
2020-02-27T10:00:00Z,41.863306555,46.68900308606245
2020-02-27T11:00:00Z,41.7840701325,47.10859845991923
2020-02-27T12:00:00Z,41.14886045225,48.586206676581064
2020-02-27T13:00:00Z,42.8975903935,48.45216206202809
2020-02-27T14:00:00Z,48.635513472,48.37996594785106
2020-02-27T15:00:00Z,50.12129236375,48.903816006861604
2020-02-27T16:00:00Z,65.52701321625,48.26665244336772
2020-02-27T17:00:00Z,70.3436459655,46.111585364457575
2020-02-27T18:00:00Z,77.19942614224999,25.990117133553753
2020-02-27T19:00:00Z,84.20906892125001,24.70763847767927
2020-02-27T20:00:00Z,91.53160836275,24.024877745132358
2020-02-27T21:00:00Z,92.44118952675001,23.412247011691385
2020-02-27T22:00:00Z,96.81517045925,22.856130575458263
2020-02-27T23:00:00Z,95.30071887925,17.104464229230175
2020-02-28T00:00:00Z,87.3903543965,16.720621185262885
2020-02-28T01:00:00Z,71.04958466275,16.330262397872342
2020-02-28T02:00:00Z,62.37110089225,15.718975833685203
2020-02-28T03:00:00Z,53.42665952425,15.815888459270507
2020-02-28T04:00:00Z,49.022727933249996,40.600864707807546
2020-02-28T05:00:00Z,46.79998479575,63.62537726126661
2020-02-28T06:00:00Z,48.22983638575,62.74279060497058
2020-02-28T07:00:00Z,46.79485971975,61.7476736830697
2020-02-28T08:00:00Z,47.328965945250005,58.54861015306519
2020-02-28T09:00:00Z,47.43948858775,43.46999499533625
2020-02-28T10:00:00Z,44.093957799,44.705890258610644
2020-02-28T11:00:00Z,42.7060576225,44.153073941774004
2020-02-28T12:00:00Z,41.7923347325,45.254230654281976
2020-02-28T13:00:00Z,44.71829933625,46.125723729754725
2020-02-28T14:00:00Z,48.3046145035,45.839615430926465
2020-02-28T15:00:00Z,50.7598314285,45.355221542641054
2020-02-28T16:00:00Z,54.379462827750004,42.30917276486897
2020-02-28T17:00:00Z,60.806361743749996,37.40324442126784
2020-02-28T18:00:00Z,67.04515622,18.887505458382055
2020-02-28T19:00:00Z,74.78705700924999,18.887505458382055
2020-02-28T20:00:00Z,76.88297899225,18.887505458382055
2020-02-28T21:00:00Z,77.749552301,18.887505458382055
2020-02-28T22:00:00Z,86.42193309375,18.887505458382055
2020-02-28T23:00:00Z,78.301078848,13.423755458382054
2020-02-29T00:00:00Z,68.589649308,20.794005458382053
2020-02-29T01:00:00Z,60.16114324,20.794005458382053
2020-02-29T02:00:00Z,49.25871060475,20.794005458382053
2020-02-29T03:00:00Z,43.5368070465,20.794005458382053
2020-02-29T04:00:00Z,43.6331877475,20.794005458382053
2020-02-29T05:00:00Z,40.299534826,20.794005458382053
2020-02-29T06:00:00Z,41.59487952125,20.794005458382053
2020-02-29T07:00:00Z,40.20410190325,20.794005458382053
2020-02-29T08:00:00Z,36.41643855075,20.794005458382053
2020-02-29T09:00:00Z,36.40423461475,20.794005458382053
2020-02-29T10:00:00Z,36.25045490925,20.794005458382053
2020-02-29T11:00:00Z,34.718133259,20.794005458382053
2020-02-29T12:00:00Z,34.60386837575,21.14740506678126
2020-02-29T13:00:00Z,35.674333002750004,21.935291092752554
2020-02-29T14:00:00Z,39.84017591625,22.39684943372461
2020-02-29T15:00:00Z,37.51993237075,21.012451903958464
2020-02-29T16:00:00Z,36.01677790275,20.794005458382053
2020-02-29T17:00:00Z,36.013979298500004,20.794005458382053
2020-02-29T18:00:00Z,32.9621583405,20.794005458382053
2020-02-29T19:00:00Z,34.00905647775,20.794005458382053
2020-02-29T20:00:00Z,33.17274574625,20.794005458382053
2020-02-29T21:00:00Z,33.92275779925,20.794005458382053
2020-02-29T22:00:00Z,30.545970144,20.794005458382053
2020-02-29T23:00:00Z,31.5960047135,20.794005458382053
2020-03-01T00:00:00Z,33.709676692500004,20.794005458382053
2020-03-01T01:00:00Z,32.9984389085,20.794005458382053
2020-03-01T02:00:00Z,34.12679873575,20.794005458382053
2020-03-01T03:00:00Z,32.47181964475,20.794005458382053
2020-03-01T04:00:00Z,34.10257721525,20.794005458382053
2020-03-01T05:00:00Z,33.8309284215,20.794005458382053
2020-03-01T06:00:00Z,34.16352534075,20.794005458382053
2020-03-01T07:00:00Z,38.82441417775,20.794005458382053
2020-03-01T08:00:00Z,38.1356289605,20.794005458382053
2020-03-01T09:00:00Z,39.53799909375,20.794005458382053
2020-03-01T10:00:00Z,38.831705436250004,20.794005458382053
2020-03-01T11:00:00Z,38.9339338555,20.794005458382053
2020-03-01T12:00:00Z,38.05948859825,20.794005458382053
2020-03-01T13:00:00Z,39.42037584275,20.794005458382053
2020-03-01T14:00:00Z,39.432504657,20.794005458382053
2020-03-01T15:00:00Z,39.52939382075,20.794005458382053
2020-03-01T16:00:00Z,39.229368864,20.794005458382053
2020-03-01T17:00:00Z,39.17369848,20.794005458382053
2020-03-01T18:00:00Z,37.884062236,20.794005458382053
2020-03-01T19:00:00Z,39.111325110500005,20.794005458382053
2020-03-01T20:00:00Z,37.23490415325,20.794005458382053
2020-03-01T21:00:00Z,43.40797547975,20.794005458382053
2020-03-01T22:00:00Z,42.960998557,20.794005458382053
2020-03-01T23:00:00Z,42.987116022500004,20.794005458382053
2020-03-02T00:00:00Z,39.90884589175,13.423755458382054
2020-03-02T01:00:00Z,39.408744762,13.423755458382054
2020-03-02T02:00:00Z,37.97612817525,13.423755458382054
2020-03-02T03:00:00Z,36.0471525515,13.423755458382054
2020-03-02T04:00:00Z,31.400236456500004,34.13935925687456
2020-03-02T05:00:00Z,32.111517111000005,54.85496305536707
2020-03-02T06:00:00Z,33.593991403749996,54.85496305536707
2020-03-02T07:00:00Z,35.0970517185,54.85496305536707
2020-03-02T08:00:00Z,38.325203847,77.93058805536707
2020-03-02T09:00:00Z,38.98791977925,77.93058805536707
2020-03-02T10:00:00Z,37.542382482,81.21709162850115
2020-03-02T11:00:00Z,38.833190928,91.66857565587898
2020-03-02T12:00:00Z,35.35256874575,99.18480995291995
2020-03-02T13:00:00Z,33.461514332250005,105.43638254259383
2020-03-02T14:00:00Z,45.8890796525,109.52354298500529
2020-03-02T15:00:00Z,54.85268815175,112.08680896219316
2020-03-02T16:00:00Z,57.9875527075,113.43636266560421
2020-03-02T17:00:00Z,69.4974019125,111.81417301480975
2020-03-02T18:00:00Z,67.59310909175,86.6495161932629
2020-03-02T19:00:00Z,70.6905802945,80.40424694749365
2020-03-02T20:00:00Z,73.205345314,77.11554701643348
2020-03-02T21:00:00Z,67.46170372825,75.83672116014998
2020-03-02T22:00:00Z,70.05415951225,75.30721857831782
2020-03-02T23:00:00Z,71.55576001225,16.54477228287446
2020-03-03T00:00:00Z,61.2448456505,16.707111927614395
2020-03-03T01:00:00Z,58.22540622275,16.54774723385022
2020-03-03T02:00:00Z,53.398785089,16.359928529341087
2020-03-03T03:00:00Z,49.001299455250006,14.847396267646028
2020-03-03T04:00:00Z,46.78904054025,36.688511260531115
2020-03-03T05:00:00Z,44.84833710375,56.48304432530716
2020-03-03T06:00:00Z,42.44924986875,54.85496305536707
2020-03-03T07:00:00Z,41.67627954225,55.95958750329317
2020-03-03T08:00:00Z,41.863988126,81.08117731856399
2020-03-03T09:00:00Z,41.306179385,85.54714174630844
2020-03-03T10:00:00Z,41.5716977525,94.64144209890793
2020-03-03T11:00:00Z,42.16244311625,87.52178329450021
2020-03-03T12:00:00Z,42.26030891725,62.12466317832632
2020-03-03T13:00:00Z,41.93581360225,63.44578465757979
2020-03-03T14:00:00Z,52.28208349825,61.994022112384684
2020-03-03T15:00:00Z,63.24165585325,55.09620685180469
2020-03-03T16:00:00Z,69.76063846175,52.04102287215201
2020-03-03T17:00:00Z,74.38005407625,49.30548164436803
2020-03-03T18:00:00Z,79.2541346375,27.344590801955885
2020-03-03T19:00:00Z,85.08537624175,24.36169786125271
2020-03-03T20:00:00Z,88.9880879685,24.78290717929983
2020-03-03T21:00:00Z,83.54811157775,25.67847939668586
2020-03-03T22:00:00Z,82.8371186245,24.75760013370201
2020-03-03T23:00:00Z,84.645393318,15.040898829601872
2020-03-04T00:00:00Z,74.408658307,14.506528901755795
2020-03-04T01:00:00Z,68.24905216175,14.48524348445769
2020-03-04T02:00:00Z,56.549673313,14.627429385996034
2020-03-04T03:00:00Z,50.5580421735,15.142121667858902
2020-03-04T04:00:00Z,52.2652004215,39.161422804628636
2020-03-04T05:00:00Z,47.11148194775,62.257376036013696
2020-03-04T06:00:00Z,46.01816364,66.72736585999165
2020-03-04T07:00:00Z,44.83165538925,66.00939370189313
2020-03-04T08:00:00Z,46.15929899225,70.54431954949233
2020-03-04T09:00:00Z,44.8609746375,44.87898745457651
2020-03-04T10:00:00Z,44.727784220000004,48.46926784504704
2020-03-04T11:00:00Z,45.32502566775,52.06859296631892
2020-03-04T12:00:00Z,44.413246366,52.14612846625206
2020-03-04T13:00:00Z,44.12166836,51.58800508074635
2020-03-04T14:00:00Z,38.0689914035,49.340435282183556
2020-03-04T15:00:00Z,55.5287972025,47.77827553800606
2020-03-04T16:00:00Z,59.79516470325,46.91120439381028
2020-03-04T17:00:00Z,63.6795894185,45.20773918408278
2020-03-04T18:00:00Z,71.6010172725,23.67679297764665
2020-03-04T19:00:00Z,81.492173732,19.76290338548906
2020-03-04T20:00:00Z,86.73163858025,18.887505458382055
2020-03-04T21:00:00Z,87.33824601725,18.887505458382055
2020-03-04T22:00:00Z,94.69399824999999,18.887505458382055
2020-03-04T23:00:00Z,93.25111080775,13.423755458382054
2020-03-05T00:00:00Z,86.5886961315,13.423755458382054
2020-03-05T01:00:00Z,72.3542517955,13.423755458382054
2020-03-05T02:00:00Z,55.02499842325,13.423755458382054
2020-03-05T03:00:00Z,50.135903762750004,13.423755458382054
2020-03-05T04:00:00Z,47.91305180625,34.13935925687456
2020-03-05T05:00:00Z,50.16396645075,54.85496305536707
2020-03-05T06:00:00Z,45.03029239,54.85496305536707
2020-03-05T07:00:00Z,42.36032448325,54.85496305536707
2020-03-05T08:00:00Z,43.04014250175,76.06841849940095
2020-03-05T09:00:00Z,44.7133184705,54.519519281914384
2020-03-05T10:00:00Z,42.55939602725,46.16846463105107
2020-03-05T11:00:00Z,42.27442399275,45.96076687218054
2020-03-05T12:00:00Z,43.8104838215,43.96686904677353
2020-03-05T13:00:00Z,47.39300007275,42.666930495427714
2020-03-05T14:00:00Z,53.083438083,41.60748418050051
2020-03-05T15:00:00Z,54.45581478125,40.47946059270892
2020-03-05T16:00:00Z,58.655273990750004,40.0323368030782
2020-03-05T17:00:00Z,70.80477096749999,40.0323368030782
2020-03-05T18:00:00Z,70.4607115805,22.4204618030782
2020-03-05T19:00:00Z,71.36370974225,22.4204618030782
2020-03-05T20:00:00Z,75.286781866,22.4204618030782
2020-03-05T21:00:00Z,75.96936436125,22.4204618030782
2020-03-05T22:00:00Z,72.79307167575,22.4204618030782
2020-03-05T23:00:00Z,61.285412963750005,13.423755458382054
2020-03-06T00:00:00Z,58.939548967250005,13.423755458382054
2020-03-06T01:00:00Z,54.64506036525,13.423755458382054
2020-03-06T02:00:00Z,49.13447305775,13.423755458382054
2020-03-06T03:00:00Z,45.89871780325,13.423755458382054
2020-03-06T04:00:00Z,43.47660251400001,34.13935925687456
2020-03-06T05:00:00Z,44.73971378175,54.85496305536707
2020-03-06T06:00:00Z,41.41371852675,54.85496305536707
2020-03-06T07:00:00Z,43.11197002525,54.85496305536707
2020-03-06T08:00:00Z,43.33968670275,75.47318172363708
2020-03-06T09:00:00Z,42.56180625725,66.43308950242937
2020-03-06T10:00:00Z,42.01655015025,63.90614233901338
2020-03-06T11:00:00Z,42.149114213749996,60.8454870079264
2020-03-06T12:00:00Z,42.09012218325,56.06925873269288
2020-03-06T13:00:00Z,44.04136069725,50.00982315337358
2020-03-06T14:00:00Z,49.303559090250005,47.75339999055119
2020-03-06T15:00:00Z,50.0961133765,47.75339999055119
2020-03-06T16:00:00Z,61.65350845175,47.75339999055121
2020-03-06T17:00:00Z,68.8832718015,47.75339999055121
2020-03-06T18:00:00Z,72.9030391725,30.14152499055119
2020-03-06T19:00:00Z,78.86699860925,30.14152499055119
2020-03-06T20:00:00Z,73.37701730375001,30.14152499055119
2020-03-06T21:00:00Z,72.84752350375,30.14152499055119
2020-03-06T22:00:00Z,71.337341641,30.14152499055119
2020-03-06T23:00:00Z,59.52883285,13.423755458382054
2020-03-07T00:00:00Z,48.57070528775,20.794005458382053
2020-03-07T01:00:00Z,45.78658747925,20.794005458382053
2020-03-07T02:00:00Z,43.471045584,20.794005458382053
2020-03-07T03:00:00Z,36.068997384,20.794005458382053
2020-03-07T04:00:00Z,35.49420407675,20.794005458382053
2020-03-07T05:00:00Z,36.27258993075,20.794005458382053
2020-03-07T06:00:00Z,37.35082271725,20.794005458382053
2020-03-07T07:00:00Z,34.0854997875,20.794005458382053
2020-03-07T08:00:00Z,30.58454721775,20.794005458382053
2020-03-07T09:00:00Z,27.7910742,20.794005458382053
2020-03-07T10:00:00Z,31.348267846,20.794005458382053
2020-03-07T11:00:00Z,34.302248852750004,20.794005458382053
2020-03-07T12:00:00Z,33.56055899275,20.794005458382053
2020-03-07T13:00:00Z,33.27181814725,20.794005458382053
2020-03-07T14:00:00Z,32.8964189615,20.794005458382053
2020-03-07T15:00:00Z,32.559770909,20.794005458382053
2020-03-07T16:00:00Z,30.3378324295,20.794005458382053
2020-03-07T17:00:00Z,32.016156349499994,20.794005458382053
2020-03-07T18:00:00Z,31.2905031115,20.794005458382053
2020-03-07T19:00:00Z,34.54777384575,20.794005458382053
2020-03-07T20:00:00Z,33.79387136475,20.794005458382053
2020-03-07T21:00:00Z,33.4072494345,20.794005458382053
2020-03-07T22:00:00Z,33.4123771355,20.794005458382053
2020-03-07T23:00:00Z,35.00939405125,20.794005458382053
2020-03-08T00:00:00Z,38.71636306475,20.794005458382053
2020-03-08T01:00:00Z,38.23536379875,20.794005458382053
2020-03-08T02:00:00Z,33.38325693025,20.794005458382053
2020-03-08T03:00:00Z,34.46354803725,20.794005458382053
2020-03-08T04:00:00Z,34.0832098165,20.794005458382053
2020-03-08T05:00:00Z,33.41279898175,20.794005458382053
2020-03-08T06:00:00Z,33.37735859075,20.794005458382053
2020-03-08T07:00:00Z,38.43062521,20.794005458382053
2020-03-08T08:00:00Z,38.82674449025,20.794005458382053
2020-03-08T09:00:00Z,39.16854573225,20.794005458382053
2020-03-08T10:00:00Z,38.385310785,20.794005458382053
2020-03-08T11:00:00Z,38.910767107,20.794005458382053
2020-03-08T12:00:00Z,39.49784135,20.794005458382053
2020-03-08T13:00:00Z,39.45029810925,20.794005458382053
2020-03-08T14:00:00Z,39.69517712425,20.794005458382053
2020-03-08T15:00:00Z,38.743360895,20.794005458382053
2020-03-08T16:00:00Z,38.30441811,20.794005458382053
2020-03-08T17:00:00Z,39.4603693345,20.794005458382053
2020-03-08T18:00:00Z,39.424388904,20.794005458382053
2020-03-08T19:00:00Z,36.34798936975,20.794005458382053
2020-03-08T20:00:00Z,36.545830239,20.794005458382053
2020-03-08T21:00:00Z,38.065543274250004,20.794005458382053
2020-03-08T22:00:00Z,36.866322352,20.794005458382053
2020-03-08T23:00:00Z,38.62686228025,20.794005458382053
2020-03-09T00:00:00Z,37.383728830500004,13.423755458382054
2020-03-09T01:00:00Z,36.991175963749996,13.423755458382054
2020-03-09T02:00:00Z,39.33253001725,13.423755458382054
2020-03-09T03:00:00Z,39.743404338999994,13.423755458382054
2020-03-09T04:00:00Z,39.739085185,34.13935925687456
2020-03-09T05:00:00Z,40.5841935875,54.85496305536707
2020-03-09T06:00:00Z,39.889847573,54.85496305536707
2020-03-09T07:00:00Z,38.73852854725,54.85496305536707
2020-03-09T08:00:00Z,39.0908192675,77.93058805536707
2020-03-09T09:00:00Z,39.468931537,77.93058805536707
2020-03-09T10:00:00Z,39.418428524,81.5775431552237
2020-03-09T11:00:00Z,38.33025494175,90.1299510688829
2020-03-09T12:00:00Z,42.073244325000005,94.0384837054764
2020-03-09T13:00:00Z,49.513458586249996,97.15196993183685
2020-03-09T14:00:00Z,53.30800552275,99.14196123525431
2020-03-09T15:00:00Z,56.900200031,97.97100290792942
2020-03-09T16:00:00Z,65.2488406835,94.77427373599096
2020-03-09T17:00:00Z,69.5658035755,90.70324989074206
2020-03-09T18:00:00Z,71.75426983825,67.47360500743771
2020-03-09T19:00:00Z,76.01509122325,62.966926016656714
2020-03-09T20:00:00Z,76.4927968325,60.70462535625259
2020-03-09T21:00:00Z,75.17640139175,60.31871305536707
2020-03-09T22:00:00Z,74.599498745,60.31871305536707
2020-03-09T23:00:00Z,63.3632932025,13.423755458382054
2020-03-10T00:00:00Z,54.2919622045,13.423755458382054
2020-03-10T01:00:00Z,52.8090347035,13.423755458382054
2020-03-10T02:00:00Z,47.4538366215,13.423755458382054
2020-03-10T03:00:00Z,46.4613930425,13.423755458382054
2020-03-10T04:00:00Z,45.596367875,34.13935925687456
2020-03-10T05:00:00Z,44.25433952525,54.85496305536707
2020-03-10T06:00:00Z,44.57676223875,54.85496305536707
2020-03-10T07:00:00Z,43.67012207725,54.85496305536707
2020-03-10T08:00:00Z,41.843660618,80.05121305618154
2020-03-10T09:00:00Z,34.95299624125,85.01477343369663
2020-03-10T10:00:00Z,24.96895086475,90.81345674397531
2020-03-10T11:00:00Z,22.95821992325,98.89035445562116
2020-03-10T12:00:00Z,20.098945501499998,98.25459697843964
2020-03-10T13:00:00Z,24.40831152425,86.53061795570555
2020-03-10T14:00:00Z,32.76575260125,82.62838650099151
2020-03-10T15:00:00Z,41.36402094325,73.13032259822471
2020-03-10T16:00:00Z,57.5226714315,69.69067036023579
2020-03-10T17:00:00Z,54.16728823725,60.539704803199406
2020-03-10T18:00:00Z,77.924497747,35.565090338551165
2020-03-10T19:00:00Z,79.3226855785,31.577569179598118
2020-03-10T20:00:00Z,82.2002580045,29.147798956385405
2020-03-10T21:00:00Z,78.09133951724999,26.685669076959766
2020-03-10T22:00:00Z,74.24620857475,26.003824095492327
2020-03-10T23:00:00Z,69.454881142,13.885720077276234
2020-03-11T00:00:00Z,67.413445779,13.504551403449232
2020-03-11T01:00:00Z,61.3930337235,13.423755458382054
2020-03-11T02:00:00Z,57.517863833,13.423755458382054
2020-03-11T03:00:00Z,52.069322231,13.423755458382054
2020-03-11T04:00:00Z,48.6974909315,34.13935925687456
2020-03-11T05:00:00Z,45.845510239250004,54.85496305536707
2020-03-11T06:00:00Z,44.87048975725,54.85496305536707
2020-03-11T07:00:00Z,45.26593569975,54.85496305536707
2020-03-11T08:00:00Z,45.04609901475,78.85286849753764
2020-03-11T09:00:00Z,45.7499977615,68.71524926176252
2020-03-11T10:00:00Z,43.866178385249995,66.84023484454754
2020-03-11T11:00:00Z,43.4563046385,55.574895711001275
2020-03-11T12:00:00Z,46.204649951,54.729015872134084
2020-03-11T13:00:00Z,52.229932225249996,56.286361839784895
2020-03-11T14:00:00Z,58.04655732375,56.78898145756208
2020-03-11T15:00:00Z,63.4807168405,52.80488898193251
2020-03-11T16:00:00Z,68.66261329125,49.980046192282735
2020-03-11T17:00:00Z,73.70286899225,45.90900238044177
2020-03-11T18:00:00Z,71.857739961,23.280947858204637
2020-03-11T19:00:00Z,67.60550044325,20.540930388161076
2020-03-11T20:00:00Z,65.5060435245,20.540930388161076
2020-03-11T21:00:00Z,61.48473394,20.540930388161076
2020-03-11T22:00:00Z,60.532489876,20.540930388161076
2020-03-11T23:00:00Z,55.931421942,13.423755458382054
2020-03-12T00:00:00Z,53.96715216575,13.423755458382054
2020-03-12T01:00:00Z,51.90544684925,13.423755458382054
2020-03-12T02:00:00Z,49.8694220565,13.423755458382054
2020-03-12T03:00:00Z,50.622203443000004,13.423755458382054
2020-03-12T04:00:00Z,48.4491817325,34.13935925687456
2020-03-12T05:00:00Z,41.325778136,54.85496305536707
2020-03-12T06:00:00Z,41.75139344675,54.85496305536707
2020-03-12T07:00:00Z,41.70665133775,54.85496305536707
2020-03-12T08:00:00Z,41.20581298775,76.26378665857848
2020-03-12T09:00:00Z,41.810558818749996,63.30708098389195
2020-03-12T10:00:00Z,41.920912359,48.50298230356744
2020-03-12T11:00:00Z,41.86837687475,49.140959579264404
2020-03-12T12:00:00Z,43.5907011025,49.752902358328186
2020-03-12T13:00:00Z,49.4240790515,49.1631489330447
2020-03-12T14:00:00Z,53.07223470525,48.49380191862729
2020-03-12T15:00:00Z,59.66162503325,48.86161902145942
2020-03-12T16:00:00Z,72.51539281475,48.9718917565167
2020-03-12T17:00:00Z,73.60992714975,46.98620620056687
2020-03-12T18:00:00Z,73.79492868825,24.26804351244064
2020-03-12T19:00:00Z,69.392516591,20.540930388161076
2020-03-12T20:00:00Z,68.1678058795,20.540930388161076
2020-03-12T21:00:00Z,63.9402432375,20.540930388161076
2020-03-12T22:00:00Z,63.63861530849999,20.540930388161076
2020-03-12T23:00:00Z,57.3218616655,13.423755458382054
2020-03-13T00:00:00Z,55.7292986885,13.423755458382054
2020-03-13T01:00:00Z,54.2050786345,13.423755458382054
2020-03-13T02:00:00Z,52.209545772,13.423755458382054
2020-03-13T03:00:00Z,49.91409050575,13.423755458382054
2020-03-13T04:00:00Z,46.045079783999995,34.13935925687456
2020-03-13T05:00:00Z,43.538138497,54.85496305536707
2020-03-13T06:00:00Z,43.92892832,54.85496305536707
2020-03-13T07:00:00Z,43.93961019125,54.85496305536707
2020-03-13T08:00:00Z,44.3359091735,77.8422657556144
2020-03-13T09:00:00Z,42.88480573375,68.62378287426412
2020-03-13T10:00:00Z,42.76508803525,62.72671553609928
2020-03-13T11:00:00Z,44.075476887250005,46.955633955734164
2020-03-13T12:00:00Z,43.824621209250004,46.40588762086893
2020-03-13T13:00:00Z,47.381884384,46.52291214595675
2020-03-13T14:00:00Z,50.89031130075,45.99149983702142
2020-03-13T15:00:00Z,53.26034196475,41.36598754156103
2020-03-13T16:00:00Z,52.98880953175,39.356109446408055
2020-03-13T17:00:00Z,53.459253524,39.30399143643909
2020-03-13T18:00:00Z,55.73801282925,21.692116436439086
2020-03-13T19:00:00Z,54.537265213750004,21.692116436439086
2020-03-13T20:00:00Z,37.068843055,21.692116436439086
2020-03-13T21:00:00Z,26.621650292,21.692116436439086
2020-03-13T22:00:00Z,24.69951911725,21.692116436439086
2020-03-13T23:00:00Z,19.10881845525,13.423755458382054
2020-03-14T00:00:00Z,17.64618637575,20.794005458382053
2020-03-14T01:00:00Z,21.72493660975,20.794005458382053
2020-03-14T02:00:00Z,26.76917496975,20.794005458382053
2020-03-14T03:00:00Z,21.431299034749998,20.794005458382053
2020-03-14T04:00:00Z,29.01539090375,20.794005458382053
2020-03-14T05:00:00Z,32.24013197825,20.794005458382053
2020-03-14T06:00:00Z,31.783540159,20.794005458382053
2020-03-14T07:00:00Z,29.04968540075,20.794005458382053
2020-03-14T08:00:00Z,28.98086454675,20.794005458382053
2020-03-14T09:00:00Z,30.929683335500002,20.794005458382053
2020-03-14T10:00:00Z,31.255514680250002,20.794005458382053
2020-03-14T11:00:00Z,28.4926794915,20.794005458382053
2020-03-14T12:00:00Z,24.6126230865,20.794005458382053
2020-03-14T13:00:00Z,18.7738793925,20.794005458382053
2020-03-14T14:00:00Z,23.5290963665,20.794005458382053
2020-03-14T15:00:00Z,17.8036800675,20.794005458382053
2020-03-14T16:00:00Z,31.20210143825,20.794005458382053
2020-03-14T17:00:00Z,29.99005016175,20.794005458382053
2020-03-14T18:00:00Z,31.542494976,20.794005458382053
2020-03-14T19:00:00Z,27.084911909,20.794005458382053
2020-03-14T20:00:00Z,26.002498752,20.794005458382053
2020-03-14T21:00:00Z,29.95188149125,20.794005458382053
2020-03-14T22:00:00Z,24.080494545500002,20.794005458382053
2020-03-14T23:00:00Z,17.38830328125,20.794005458382053
2020-03-15T00:00:00Z,21.24007714725,20.794005458382053
2020-03-15T01:00:00Z,26.4734485805,20.794005458382053
2020-03-15T02:00:00Z,24.812540245,20.794005458382053
2020-03-15T03:00:00Z,19.473581540250002,20.794005458382053
2020-03-15T04:00:00Z,27.4324869025,20.794005458382053
2020-03-15T05:00:00Z,25.387609629,20.794005458382053
2020-03-15T06:00:00Z,31.2364165495,20.794005458382053
2020-03-15T07:00:00Z,28.7208856635,20.794005458382053
2020-03-15T08:00:00Z,30.0323495565,20.794005458382053
2020-03-15T09:00:00Z,32.97617547925,20.794005458382053
2020-03-15T10:00:00Z,13.4034516245,20.794005458382053
2020-03-15T11:00:00Z,20.21762954925,20.794005458382053
2020-03-15T12:00:00Z,20.10016550475,20.794005458382053
2020-03-15T13:00:00Z,23.4363455085,20.794005458382053
2020-03-15T14:00:00Z,31.256786032249998,20.794005458382053
2020-03-15T15:00:00Z,14.7835706205,20.794005458382053
2020-03-15T16:00:00Z,26.309995551,20.794005458382053
2020-03-15T17:00:00Z,24.6980617655,20.794005458382053
2020-03-15T18:00:00Z,24.59103327275,20.794005458382053
2020-03-15T19:00:00Z,12.244917095249999,20.794005458382053
2020-03-15T20:00:00Z,22.920495477,20.794005458382053
2020-03-15T21:00:00Z,35.168150968249996,20.794005458382053
2020-03-15T22:00:00Z,41.48529138975,20.794005458382053
2020-03-15T23:00:00Z,39.20108384075,20.794005458382053
2020-03-16T00:00:00Z,37.99439709275,13.423755458382054
2020-03-16T01:00:00Z,34.049771856999996,13.423755458382054
2020-03-16T02:00:00Z,37.38251684325,13.423755458382054
2020-03-16T03:00:00Z,37.814227276,13.423755458382054
2020-03-16T04:00:00Z,36.5701831145,34.13935925687456
2020-03-16T05:00:00Z,36.5828264645,54.85496305536707
2020-03-16T06:00:00Z,36.66920499,54.85496305536707
2020-03-16T07:00:00Z,37.41181467375,54.85496305536707
2020-03-16T08:00:00Z,36.732204066,77.93058805536707
2020-03-16T09:00:00Z,35.467219077500005,77.93058805536707
2020-03-16T10:00:00Z,33.4786039305,77.93058805536707
2020-03-16T11:00:00Z,25.62950160575,77.93058805536707
2020-03-16T12:00:00Z,14.26076645375,77.93058805536707
2020-03-16T13:00:00Z,20.27329202425,77.93058805536707
2020-03-16T14:00:00Z,18.772010207999998,77.93058805536707
2020-03-16T15:00:00Z,22.29087277325,77.93058805536707
2020-03-16T16:00:00Z,18.5992981485,77.93058805536707
2020-03-16T17:00:00Z,32.85676344425,77.93058805536707
2020-03-16T18:00:00Z,47.05084266475,60.31871305536707
2020-03-16T19:00:00Z,53.34868465425,60.31871305536707
2020-03-16T20:00:00Z,61.085524367,60.31871305536707
2020-03-16T21:00:00Z,49.579806051,60.31871305536707
2020-03-16T22:00:00Z,49.048511497,60.31871305536707
2020-03-16T23:00:00Z,45.004572253250004,13.423755458382054
2020-03-17T00:00:00Z,44.159238998,13.423755458382054
2020-03-17T01:00:00Z,38.7736895215,13.423755458382054
2020-03-17T02:00:00Z,40.09487342425,13.423755458382054
2020-03-17T03:00:00Z,40.1462703355,13.423755458382054
2020-03-17T04:00:00Z,39.591118702,34.13935925687456
2020-03-17T05:00:00Z,38.73839609575,54.85496305536707
2020-03-17T06:00:00Z,38.23174721275,54.85496305536707
2020-03-17T07:00:00Z,39.000275090749994,54.85496305536707
2020-03-17T08:00:00Z,38.0040214015,77.93058805536707
2020-03-17T09:00:00Z,36.754957493250004,77.93058805536707
2020-03-17T10:00:00Z,37.067790469,77.93058805536707
2020-03-17T11:00:00Z,37.593879442,77.93058805536707
2020-03-17T12:00:00Z,37.3888133325,77.93058805536707
2020-03-17T13:00:00Z,38.85596406725,77.93058805536707
2020-03-17T14:00:00Z,36.4434795665,77.93058805536707
2020-03-17T15:00:00Z,38.87463020125,77.93058805536707
2020-03-17T16:00:00Z,38.98362269925,77.93058805536707
2020-03-17T17:00:00Z,39.5982029385,77.93058805536707
2020-03-17T18:00:00Z,37.97859289175,60.31871305536707
2020-03-17T19:00:00Z,39.6330805885,60.31871305536707
2020-03-17T20:00:00Z,38.9750359555,60.31871305536707
2020-03-17T21:00:00Z,37.89282918975,60.318713055367084
2020-03-17T22:00:00Z,36.634995972750005,60.318713055367084
2020-03-17T23:00:00Z,35.05262611175,13.423755458382054
2020-03-18T00:00:00Z,38.99988357775,5.391995383069559
2020-03-18T01:00:00Z,40.0435947525,5.391995383069559
2020-03-18T02:00:00Z,41.6234076665,5.391995383069559
2020-03-18T03:00:00Z,39.6362547525,5.391995383069559
2020-03-18T04:00:00Z,37.87309945075,26.107599181562065
2020-03-18T05:00:00Z,38.3084214845,46.823202980054575
2020-03-18T06:00:00Z,39.18760380525,46.823202980054575
2020-03-18T07:00:00Z,38.603743135,46.823202980054575
2020-03-18T08:00:00Z,38.599762616,52.68131239461707
2020-03-18T09:00:00Z,38.42475106725,52.68131239461707
2020-03-18T10:00:00Z,39.439978307000004,52.68131239461707
2020-03-18T11:00:00Z,37.5317410045,52.68131239461707
2020-03-18T12:00:00Z,38.01528985525,52.68131239461707
2020-03-18T13:00:00Z,40.18364892425,52.68131239461707
2020-03-18T14:00:00Z,39.93325020575,52.68131239461707
2020-03-18T15:00:00Z,36.22768058925,52.68131239461707
2020-03-18T16:00:00Z,37.749968006749995,52.68131239461707
2020-03-18T17:00:00Z,38.8243054865,52.68131239461707
2020-03-18T18:00:00Z,38.614496937750005,48.20414031055457
2020-03-18T19:00:00Z,38.64115367325,48.20414031055458
2020-03-18T20:00:00Z,36.59016760425,48.20414031055458
2020-03-18T21:00:00Z,36.922245217,48.20414031055457
2020-03-18T22:00:00Z,37.723974245,48.20414031055457
2020-03-18T23:00:00Z,38.579529823499996,5.391995383069559
2020-03-19T00:00:00Z,39.81732483375,5.391995383069559
2020-03-19T01:00:00Z,37.26587377675,5.391995383069559
2020-03-19T02:00:00Z,39.01501061925,5.391995383069559
2020-03-19T03:00:00Z,39.985824957,5.391995383069559
2020-03-19T04:00:00Z,42.146438152,26.107599181562065
2020-03-19T05:00:00Z,37.10983170025,46.823202980054575
2020-03-19T06:00:00Z,38.53839918925,46.823202980054575
2020-03-19T07:00:00Z,38.527707985250004,46.823202980054575
2020-03-19T08:00:00Z,38.13283205375,52.68131239461707
2020-03-19T09:00:00Z,37.97510707075,52.68131239461707
2020-03-19T10:00:00Z,38.407666023000004,52.68131239461707
2020-03-19T11:00:00Z,37.76593972475,52.68131239461707
2020-03-19T12:00:00Z,38.401639043749995,52.68131239461707
2020-03-19T13:00:00Z,44.065194293,52.68131239461707
2020-03-19T14:00:00Z,46.2174954855,52.68131239461707
2020-03-19T15:00:00Z,41.079399643,52.68131239461707
2020-03-19T16:00:00Z,39.43813242875,52.68131239461707
2020-03-19T17:00:00Z,39.832950796999995,52.68131239461707
2020-03-19T18:00:00Z,39.59070765025,48.20414031055457
2020-03-19T19:00:00Z,38.89048530375,48.20414031055457
2020-03-19T20:00:00Z,40.544943454,48.20414031055458
2020-03-19T21:00:00Z,43.2646705215,48.20414031055458
2020-03-19T22:00:00Z,33.14604863975,48.20414031055458
2020-03-19T23:00:00Z,31.163052133500003,5.391995383069559
2020-03-20T00:00:00Z,29.368383131,5.391995383069559
2020-03-20T01:00:00Z,29.291396222499998,5.391995383069559
2020-03-20T02:00:00Z,35.98249484975,5.391995383069559
2020-03-20T03:00:00Z,34.2394830205,5.391995383069559
2020-03-20T04:00:00Z,34.077152594,26.107599181562065
2020-03-20T05:00:00Z,32.097164285750004,46.823202980054575
2020-03-20T06:00:00Z,32.543050038000004,46.823202980054575
2020-03-20T07:00:00Z,30.913857122,46.823202980054575
2020-03-20T08:00:00Z,31.042183782000002,52.68131239461707
2020-03-20T09:00:00Z,31.851528803,52.68131239461707
2020-03-20T10:00:00Z,30.6228548105,54.775490550885756
2020-03-20T11:00:00Z,31.858058053249998,58.23446927944791
2020-03-20T12:00:00Z,30.87365712475,58.764449393513864
2020-03-20T13:00:00Z,31.6086687785,60.36091084976463
2020-03-20T14:00:00Z,31.32864774975,62.64750426644414
2020-03-20T15:00:00Z,31.6744656215,65.63190062046303
2020-03-20T16:00:00Z,36.324702991,59.799749183176125
2020-03-20T17:00:00Z,32.95033555375,53.00626719370338
2020-03-20T18:00:00Z,31.5255502105,48.20414031055458
2020-03-20T19:00:00Z,31.930350649,48.20414031055457
2020-03-20T20:00:00Z,37.439739392,48.20414031055457
2020-03-20T21:00:00Z,34.744463341,48.20414031055457
2020-03-20T22:00:00Z,35.833107780999995,48.20414031055457
2020-03-20T23:00:00Z,33.64687478175,5.391995383069559
2020-03-21T00:00:00Z,31.68819346725,7.218022211044552
2020-03-21T01:00:00Z,33.5031597865,7.218022211044552
2020-03-21T02:00:00Z,32.798883929750005,7.218022211044552
2020-03-21T03:00:00Z,33.130606141,7.218022211044552
2020-03-21T04:00:00Z,32.7809329955,7.218022211044552
2020-03-21T05:00:00Z,32.7309086175,7.218022211044552
2020-03-21T06:00:00Z,30.155449517,7.218022211044552
2020-03-21T07:00:00Z,31.116072173,7.218022211044552
2020-03-21T08:00:00Z,31.668506905500003,7.218022211044552
2020-03-21T09:00:00Z,31.29686074475,7.218022211044552
2020-03-21T10:00:00Z,32.26786499475,7.218022211044552
2020-03-21T11:00:00Z,31.1998359605,7.672371691371662
2020-03-21T12:00:00Z,30.710110218500002,8.22004629407623
2020-03-21T13:00:00Z,32.26663712775,9.88862656229385
2020-03-21T14:00:00Z,32.17837895525,9.0355637707079
2020-03-21T15:00:00Z,31.4792460385,8.112245568953385
2020-03-21T16:00:00Z,31.8245057255,8.14258940787122
2020-03-21T17:00:00Z,30.811287059999998,7.54716516103669
2020-03-21T18:00:00Z,29.7498366575,7.218022211044552
2020-03-21T19:00:00Z,31.904498950750003,7.218022211044552
2020-03-21T20:00:00Z,33.26532095375,7.218022211044552
2020-03-21T21:00:00Z,33.03275469075,7.218022211044552
2020-03-21T22:00:00Z,32.398094826000005,7.218022211044552
2020-03-21T23:00:00Z,33.33353877625,7.218022211044552
2020-03-22T00:00:00Z,36.27011216525,7.218022211044552
2020-03-22T01:00:00Z,34.0815025375,7.218022211044552
2020-03-22T02:00:00Z,32.66093613825,7.218022211044552
2020-03-22T03:00:00Z,33.9495951245,7.218022211044552
2020-03-22T04:00:00Z,32.987490671,7.218022211044552
2020-03-22T05:00:00Z,32.46217586025,7.218022211044552
2020-03-22T06:00:00Z,32.8899310465,7.218022211044552
2020-03-22T07:00:00Z,32.479062104250005,7.218022211044552
2020-03-22T08:00:00Z,31.211962488,7.218022211044552
2020-03-22T09:00:00Z,32.0207904135,7.218022211044552
2020-03-22T10:00:00Z,31.34820373625,8.448273578458773
2020-03-22T11:00:00Z,31.639514702,11.156773879682103
2020-03-22T12:00:00Z,31.608036625,12.490473168254162
2020-03-22T13:00:00Z,31.9862070125,12.244736904573601
2020-03-22T14:00:00Z,31.908805368499998,10.9971651433319
2020-03-22T15:00:00Z,31.281767786750002,8.51869235210069
2020-03-22T16:00:00Z,31.203840937,7.218022211044552
2020-03-22T17:00:00Z,31.78336672075,7.218022211044552
2020-03-22T18:00:00Z,29.6148260885,7.218022211044552
2020-03-22T19:00:00Z,29.829888125,7.218022211044552
2020-03-22T20:00:00Z,31.968055342750002,7.218022211044552
2020-03-22T21:00:00Z,32.99905991925,7.218022211044552
2020-03-22T22:00:00Z,32.51934895325,7.218022211044552
2020-03-22T23:00:00Z,33.01227829525,7.218022211044552
2020-03-23T00:00:00Z,31.62508066875,5.391995383069559
2020-03-23T01:00:00Z,32.97750464225,5.391995383069559
2020-03-23T02:00:00Z,33.71588981575,5.391995383069559
2020-03-23T03:00:00Z,33.25779711625,5.391995383069559
2020-03-23T04:00:00Z,32.660299385,26.107599181562065
2020-03-23T05:00:00Z,32.31645886125,46.823202980054575
2020-03-23T06:00:00Z,33.035696647500004,46.823202980054575
2020-03-23T07:00:00Z,33.66816977625,46.823202980054575
2020-03-23T08:00:00Z,33.380268024,52.68131239461707
2020-03-23T09:00:00Z,30.49399961775,52.68131239461707
2020-03-23T10:00:00Z,32.09766663225,52.68131239461707
2020-03-23T11:00:00Z,31.470215508500004,52.68131239461707
2020-03-23T12:00:00Z,30.5778873745,52.68131239461707
2020-03-23T13:00:00Z,39.321213757500004,52.68131239461707
2020-03-23T14:00:00Z,32.9198852305,52.68131239461707
2020-03-23T15:00:00Z,19.823788849499998,52.68131239461707
2020-03-23T16:00:00Z,10.706571291,52.68131239461707
2020-03-23T17:00:00Z,12.61698946675,52.68131239461707
2020-03-23T18:00:00Z,10.42200793275,48.20414031055458
2020-03-23T19:00:00Z,10.98700539975,48.20414031055457
2020-03-23T20:00:00Z,10.1084240855,48.20414031055457
2020-03-23T21:00:00Z,10.30526152575,48.20414031055457
2020-03-23T22:00:00Z,12.1411381855,48.20414031055457
2020-03-23T23:00:00Z,14.768097986499999,5.391995383069559
2020-03-24T00:00:00Z,14.53690471475,5.391995383069559
2020-03-24T01:00:00Z,18.00366642675,5.391995383069559
2020-03-24T02:00:00Z,28.715417532,5.391995383069559
2020-03-24T03:00:00Z,30.63095236275,5.391995383069559
2020-03-24T04:00:00Z,30.71336093675,26.107599181562065
2020-03-24T05:00:00Z,29.810902682,46.823202980054575
2020-03-24T06:00:00Z,30.452795589,46.823202980054575
2020-03-24T07:00:00Z,30.75297364775,46.823202980054575
2020-03-24T08:00:00Z,30.5264250105,52.68131239461707
2020-03-24T09:00:00Z,29.663456874,52.68131239461707
2020-03-24T10:00:00Z,30.540631238750002,52.68131239461707
2020-03-24T11:00:00Z,30.63349859625,52.68131239461707
2020-03-24T12:00:00Z,31.07964848925,52.68131239461707
2020-03-24T13:00:00Z,31.8236607955,52.68131239461707
2020-03-24T14:00:00Z,32.5731617875,52.68131239461707
2020-03-24T15:00:00Z,29.5846179655,52.68131239461707
2020-03-24T16:00:00Z,20.30196327475,52.68131239461707
2020-03-24T17:00:00Z,12.20662336025,52.68131239461707
2020-03-24T18:00:00Z,10.525828522,48.20414031055457
2020-03-24T19:00:00Z,11.044007059750001,48.20414031055458
2020-03-24T20:00:00Z,24.70343003625,48.20414031055457
2020-03-24T21:00:00Z,10.999359703,48.20414031055457
2020-03-24T22:00:00Z,11.2797287325,48.20414031055457
2020-03-24T23:00:00Z,13.2215840695,5.391995383069559
2020-03-25T00:00:00Z,13.84676587625,5.391995383069559
2020-03-25T01:00:00Z,29.388595613750002,5.391995383069559
2020-03-25T02:00:00Z,28.422658661,5.391995383069559
2020-03-25T03:00:00Z,28.211290568749998,5.391995383069559
2020-03-25T04:00:00Z,28.520818022,26.107599181562065
2020-03-25T05:00:00Z,25.75405969375,46.823202980054575
2020-03-25T06:00:00Z,27.48196239175,46.823202980054575
2020-03-25T07:00:00Z,29.187037866500003,46.823202980054575
2020-03-25T08:00:00Z,27.99389356775,52.68131239461707
2020-03-25T09:00:00Z,25.409570371250002,52.68131239461707
2020-03-25T10:00:00Z,25.9631116955,52.68131239461707
2020-03-25T11:00:00Z,23.7732593175,52.68131239461707
2020-03-25T12:00:00Z,24.01419905275,52.68131239461707
2020-03-25T13:00:00Z,31.493222415,52.68131239461707
2020-03-25T14:00:00Z,33.61896033625,52.68131239461707
2020-03-25T15:00:00Z,25.69303616375,52.68131239461707
2020-03-25T16:00:00Z,26.50241408475,52.68131239461707
2020-03-25T17:00:00Z,19.98234950275,52.68131239461707
2020-03-25T18:00:00Z,19.0872648545,48.20414031055457
2020-03-25T19:00:00Z,18.645378189,48.20414031055458
2020-03-25T20:00:00Z,26.302146373750002,48.20414031055457
2020-03-25T21:00:00Z,28.234308963249998,48.20414031055458
2020-03-25T22:00:00Z,13.076964968750001,48.20414031055458
2020-03-25T23:00:00Z,11.852944615,5.391995383069559
2020-03-26T00:00:00Z,15.08484844225,5.391995383069559
2020-03-26T01:00:00Z,16.897110356749998,5.391995383069559
2020-03-26T02:00:00Z,27.723275096,5.391995383069559
2020-03-26T03:00:00Z,29.57317014225,5.391995383069559
2020-03-26T04:00:00Z,31.63880032275,26.107599181562065
2020-03-26T05:00:00Z,29.59990078425,46.823202980054575
2020-03-26T06:00:00Z,29.827369521,46.823202980054575
2020-03-26T07:00:00Z,29.598169316,46.823202980054575
2020-03-26T08:00:00Z,29.69578375925,52.68131239461707
2020-03-26T09:00:00Z,30.39079496175,52.68131239461707
2020-03-26T10:00:00Z,28.996270510000002,52.68131239461707
2020-03-26T11:00:00Z,27.2172787365,52.68131239461707
2020-03-26T12:00:00Z,24.929597546,52.68131239461707
2020-03-26T13:00:00Z,24.44473436175,52.68131239461707
2020-03-26T14:00:00Z,24.02812516925,52.68131239461707
2020-03-26T15:00:00Z,25.0819194705,52.68131239461707
2020-03-26T16:00:00Z,29.497831246750003,52.68131239461707
2020-03-26T17:00:00Z,28.6658953305,52.68131239461707
2020-03-26T18:00:00Z,34.295143301,48.20414031055457
2020-03-26T19:00:00Z,36.8555706345,48.20414031055457
2020-03-26T20:00:00Z,36.3312911735,48.20414031055458
2020-03-26T21:00:00Z,36.515037477999996,48.20414031055457
2020-03-26T22:00:00Z,31.563808827,48.20414031055457
2020-03-26T23:00:00Z,18.515025013,5.391995383069559
2020-03-27T00:00:00Z,24.96148366,5.391995383069559
2020-03-27T01:00:00Z,28.60754224375,5.391995383069559
2020-03-27T02:00:00Z,29.86657934375,5.391995383069559
2020-03-27T03:00:00Z,35.9221538525,5.391995383069559
2020-03-27T04:00:00Z,32.30303652925,26.107599181562065
2020-03-27T05:00:00Z,31.541088091749998,46.823202980054575
2020-03-27T06:00:00Z,30.26290981825,46.823202980054575
2020-03-27T07:00:00Z,30.4641198345,46.823202980054575
2020-03-27T08:00:00Z,29.3735376795,52.68131239461707
2020-03-27T09:00:00Z,30.133103252250002,52.68131239461707
2020-03-27T10:00:00Z,30.518344372999998,52.68131239461707
2020-03-27T11:00:00Z,28.53849251625,52.68131239461707
2020-03-27T12:00:00Z,27.68924912025,52.68131239461707
2020-03-27T13:00:00Z,28.72608903675,52.68131239461707
2020-03-27T14:00:00Z,27.959027689000003,52.68131239461707
2020-03-27T15:00:00Z,23.120640461249998,52.68131239461707
2020-03-27T16:00:00Z,25.086020124500003,52.68131239461707
2020-03-27T17:00:00Z,23.659198252,52.68131239461707
2020-03-27T18:00:00Z,16.9699911865,48.20414031055457
2020-03-27T19:00:00Z,13.752403548,48.20414031055457
2020-03-27T20:00:00Z,10.69132451775,48.20414031055457
2020-03-27T21:00:00Z,10.773319473499999,48.20414031055457
2020-03-27T22:00:00Z,10.7750254035,48.20414031055457
2020-03-27T23:00:00Z,10.806341414750001,5.391995383069559
2020-03-28T00:00:00Z,13.816575969999999,7.218022211044552
2020-03-28T01:00:00Z,19.261715660500002,7.218022211044552
2020-03-28T02:00:00Z,28.44351133225,7.218022211044552
2020-03-28T03:00:00Z,31.54957352725,7.218022211044552
2020-03-28T04:00:00Z,28.44106436125,7.218022211044552
2020-03-28T05:00:00Z,29.3145547075,7.218022211044552
2020-03-28T06:00:00Z,30.74704492,7.218022211044552
2020-03-28T07:00:00Z,30.40162131,7.218022211044552
2020-03-28T08:00:00Z,29.87790248625,7.218022211044552
2020-03-28T09:00:00Z,31.39909272325,7.218022211044552
2020-03-28T10:00:00Z,31.046216232,7.218022211044552
2020-03-28T11:00:00Z,30.758796407,7.218022211044552
2020-03-28T12:00:00Z,30.5951268915,7.218022211044552
2020-03-28T13:00:00Z,32.110322468,7.218022211044552
2020-03-28T14:00:00Z,30.43272534925,7.218022211044552
2020-03-28T15:00:00Z,31.733813284249997,7.218022211044552
2020-03-28T16:00:00Z,31.163313048,7.218022211044552
2020-03-28T17:00:00Z,31.51284115675,7.218022211044552
2020-03-28T18:00:00Z,31.55941695475,7.218022211044552
2020-03-28T19:00:00Z,32.335285143,7.218022211044552
2020-03-28T20:00:00Z,30.5810233295,7.218022211044552
2020-03-28T21:00:00Z,29.37730867125,7.218022211044552
2020-03-28T22:00:00Z,30.85024052125,7.218022211044552
2020-03-28T23:00:00Z,30.260083480749998,7.218022211044552
2020-03-29T00:00:00Z,25.160183634750002,7.218022211044552
2020-03-29T01:00:00Z,25.370960489250002,7.218022211044552
2020-03-29T02:00:00Z,30.587890381999998,7.218022211044552
2020-03-29T03:00:00Z,32.0523834325,7.218022211044552
2020-03-29T04:00:00Z,41.19164209775,7.218022211044552
2020-03-29T05:00:00Z,36.04957197425,7.218022211044552
2020-03-29T06:00:00Z,32.070797002,7.218022211044552
2020-03-29T07:00:00Z,32.040192353500004,7.218022211044552
2020-03-29T08:00:00Z,32.04953452675,7.218022211044552
2020-03-29T09:00:00Z,31.02535781425,7.218022211044552
2020-03-29T10:00:00Z,32.18263333875,7.218022211044552
2020-03-29T11:00:00Z,31.38022935175,7.5725491343631255
2020-03-29T12:00:00Z,28.97236485175,7.741538680803371
2020-03-29T13:00:00Z,31.3123697885,7.218022211044552
2020-03-29T14:00:00Z,31.13664216475,7.218022211044552
2020-03-29T15:00:00Z,32.020474848,7.218022211044552
2020-03-29T16:00:00Z,31.632875617750003,7.218022211044552
2020-03-29T17:00:00Z,31.33271010075,7.218022211044552
2020-03-29T18:00:00Z,31.32124918525,7.218022211044552
2020-03-29T19:00:00Z,30.84595483975,7.218022211044552
2020-03-29T20:00:00Z,28.256037364250002,7.218022211044552
2020-03-29T21:00:00Z,27.21422277975,7.218022211044552
2020-03-29T22:00:00Z,29.60360474775,7.218022211044552
2020-03-29T23:00:00Z,29.7442151795,7.218022211044552
2020-03-30T00:00:00Z,31.529157303,5.391995383069559
2020-03-30T01:00:00Z,32.20739584475,5.391995383069559
2020-03-30T02:00:00Z,31.1269622495,5.391995383069559
2020-03-30T03:00:00Z,30.553565789,5.391995383069559
2020-03-30T04:00:00Z,32.5996489515,26.107599181562065
2020-03-30T05:00:00Z,32.248680734749996,46.823202980054575
2020-03-30T06:00:00Z,30.31800666,46.823202980054575
2020-03-30T07:00:00Z,31.0966895595,46.823202980054575
2020-03-30T08:00:00Z,31.6212309635,52.68131239461707
2020-03-30T09:00:00Z,31.66445096375,52.68131239461707
2020-03-30T10:00:00Z,31.14474525125,52.68131239461707
2020-03-30T11:00:00Z,30.91423338925,53.16637399616874
2020-03-30T12:00:00Z,28.2616693535,54.678634463949
2020-03-30T13:00:00Z,29.41613754625,59.51382675271381
2020-03-30T14:00:00Z,30.0746420155,60.87971695063675
2020-03-30T15:00:00Z,31.0690503205,60.29334580671077
2020-03-30T16:00:00Z,30.672279185249998,59.66652239309102
2020-03-30T17:00:00Z,31.628511725750002,55.840141016798306
2020-03-30T18:00:00Z,31.102806642,48.20414031055457
2020-03-30T19:00:00Z,31.72415378925,48.20414031055457
2020-03-30T20:00:00Z,32.44384724225,48.20414031055458
2020-03-30T21:00:00Z,30.33491031975,48.20414031055458
2020-03-30T22:00:00Z,29.11398539025,48.20414031055457
2020-03-30T23:00:00Z,28.36544541075,5.391995383069559
2020-03-31T00:00:00Z,32.5224772435,5.391995383069559
2020-03-31T01:00:00Z,31.02292519825,5.391995383069559
2020-03-31T02:00:00Z,31.18947925725,5.391995383069559
2020-03-31T03:00:00Z,33.169177049249996,5.391995383069559
2020-03-31T04:00:00Z,32.91862401675,26.107599181562065
2020-03-31T05:00:00Z,31.80620293575,46.823202980054575
2020-03-31T06:00:00Z,31.62748241025,46.823202980054575
2020-03-31T07:00:00Z,32.010105935,46.823202980054575
2020-03-31T08:00:00Z,31.031366030250002,52.68131239461707
2020-03-31T09:00:00Z,31.1235371285,52.68131239461707
2020-03-31T10:00:00Z,31.78073190875,52.68131239461707
2020-03-31T11:00:00Z,31.87368063575,55.898213154023324
2020-03-31T12:00:00Z,31.53041715025,64.26408985858077
2020-03-31T13:00:00Z,32.108463354,68.6214978237757
2020-03-31T14:00:00Z,30.5939734465,69.12702289486583
2020-03-31T15:00:00Z,30.619106632250002,67.70780359293535
2020-03-31T16:00:00Z,31.7452669865,67.39961092900481
2020-03-31T17:00:00Z,31.340669473000002,63.19573270119619
2020-03-31T18:00:00Z,34.12633604775,47.914238285038124
2020-03-31T19:00:00Z,31.7609738265,43.67662369056798
2020-03-31T20:00:00Z,31.563380893,43.67687483627951
2020-03-31T21:00:00Z,31.841117747,43.687098667598505
2020-03-31T22:00:00Z,32.959731493,43.7054949139263
2020-03-31T23:00:00Z,32.000340378749996,5.391995383069559
2020-04-01T00:00:00Z,31.316826617,5.391995383069559
2020-04-01T01:00:00Z,32.6781369085,5.391995383069559
2020-04-01T02:00:00Z,31.72992261775,5.391995383069559
2020-04-01T03:00:00Z,32.07239681125,5.391995383069559
2020-04-01T04:00:00Z,32.71153330025,26.107599181562065
2020-04-01T05:00:00Z,33.74688817725,46.823202980054575
2020-04-01T06:00:00Z,32.84101195625,46.823202980054575
2020-04-01T07:00:00Z,32.59997408625,46.823202980054575
2020-04-01T08:00:00Z,32.0582990735,52.68131239461707
2020-04-01T09:00:00Z,31.6747449195,52.68131239461707
2020-04-01T10:00:00Z,31.6770164215,52.68131239461707
2020-04-01T11:00:00Z,31.867023245250003,52.68131239461707
2020-04-01T12:00:00Z,30.18386361,54.71114661138278
2020-04-01T13:00:00Z,31.68013850675,59.315884437163994
2020-04-01T14:00:00Z,33.89123794375,62.46801721583515
2020-04-01T15:00:00Z,40.08150950475,64.23810501647297
2020-04-01T16:00:00Z,34.782178849000005,63.27380090226413
2020-04-01T17:00:00Z,32.02892423025,59.15623932306686
2020-04-01T18:00:00Z,31.53693232975,48.67655163834696
2020-04-01T19:00:00Z,29.40783994,48.20414031055457
2020-04-01T20:00:00Z,29.5679667045,48.20414031055457
2020-04-01T21:00:00Z,31.599241531,48.20414031055457
2020-04-01T22:00:00Z,27.6896938235,48.20414031055457
2020-04-01T23:00:00Z,28.83168593725,5.391995383069559
2020-04-02T00:00:00Z,30.48141301725,5.391995383069559
2020-04-02T01:00:00Z,32.374066648,5.391995383069559
2020-04-02T02:00:00Z,33.6311510085,5.391995383069559
2020-04-02T03:00:00Z,32.271956409750004,5.391995383069559
2020-04-02T04:00:00Z,30.88738502925,26.107599181562065
2020-04-02T05:00:00Z,29.923542682,46.823202980054575
2020-04-02T06:00:00Z,30.0340334955,46.823202980054575
2020-04-02T07:00:00Z,29.60885962925,46.823202980054575
2020-04-02T08:00:00Z,29.30126036275,52.68131239461707
2020-04-02T09:00:00Z,23.9007667455,52.68131239461707
2020-04-02T10:00:00Z,25.05264389475,53.93199829518512
2020-04-02T11:00:00Z,28.15653824175,59.89311352322992
2020-04-02T12:00:00Z,26.3582944315,63.08250170843492
2020-04-02T13:00:00Z,25.233275244250002,62.535863961619015
2020-04-02T14:00:00Z,34.064802857000004,62.68424309698364
2020-04-02T15:00:00Z,43.901722382,64.06557173015143
2020-04-02T16:00:00Z,37.995976296500004,66.2791502130268
2020-04-02T17:00:00Z,36.964879803,63.79035475982002
2020-04-02T18:00:00Z,28.0548358655,50.58404963964646
2020-04-02T19:00:00Z,28.188024387,48.20414031055458
2020-04-02T20:00:00Z,19.584811853250002,48.20414031055457
2020-04-02T21:00:00Z,15.82425319675,48.20414031055457
2020-04-02T22:00:00Z,10.52266677075,48.20414031055458
2020-04-02T23:00:00Z,20.1151616985,5.391995383069559
2020-04-03T00:00:00Z,27.840702280000002,5.391995383069559
2020-04-03T01:00:00Z,27.90259239325,5.391995383069559
2020-04-03T02:00:00Z,30.4252370505,5.391995383069559
2020-04-03T03:00:00Z,30.7477270435,5.391995383069559
2020-04-03T04:00:00Z,30.60133666375,26.107599181562065
2020-04-03T05:00:00Z,29.78934395025,46.823202980054575
2020-04-03T06:00:00Z,30.01892910475,46.823202980054575
2020-04-03T07:00:00Z,30.08116078475,46.823202980054575
2020-04-03T08:00:00Z,29.5892773075,52.68131239461707
2020-04-03T09:00:00Z,29.5914336505,52.68131239461707
2020-04-03T10:00:00Z,30.04146466875,52.68131239461707
2020-04-03T11:00:00Z,29.319838214999997,53.79295105192791
2020-04-03T12:00:00Z,29.4381167905,57.92450543236859
2020-04-03T13:00:00Z,26.5471069765,59.75516507962048
2020-04-03T14:00:00Z,27.000403888500003,61.48050596826428
2020-04-03T15:00:00Z,29.499904729,63.11771142521078
2020-04-03T16:00:00Z,31.258472122999997,62.94578442184031
2020-04-03T17:00:00Z,37.543816842750005,58.90115333214061
2020-04-03T18:00:00Z,32.23377464925,48.54736588398213
2020-04-03T19:00:00Z,27.7884217365,48.20414031055457
2020-04-03T20:00:00Z,21.168831183,48.20414031055457
2020-04-03T21:00:00Z,14.83765539575,48.20414031055457
2020-04-03T22:00:00Z,28.377988935250002,48.20414031055457
2020-04-03T23:00:00Z,21.73632085475,5.391995383069559
2020-04-04T00:00:00Z,20.169522528999998,7.218022211044552
2020-04-04T01:00:00Z,26.3951679665,7.218022211044552
2020-04-04T02:00:00Z,30.261360947500002,7.218022211044552
2020-04-04T03:00:00Z,30.23453923925,7.218022211044552
2020-04-04T04:00:00Z,29.698063252,7.218022211044552
2020-04-04T05:00:00Z,30.31385008,7.218022211044552
2020-04-04T06:00:00Z,30.553148628000002,7.218022211044552
2020-04-04T07:00:00Z,29.39473375925,7.218022211044552
2020-04-04T08:00:00Z,28.73783246775,7.218022211044552
2020-04-04T09:00:00Z,29.183386854749997,7.218022211044552
2020-04-04T10:00:00Z,28.7624651165,7.218022211044552
2020-04-04T11:00:00Z,30.324493992500003,7.218022211044552
2020-04-04T12:00:00Z,29.788785401000002,7.218022211044552
2020-04-04T13:00:00Z,28.483118291,7.218022211044552
2020-04-04T14:00:00Z,22.115373065,7.218022211044552
2020-04-04T15:00:00Z,21.5777885745,7.218022211044552
2020-04-04T16:00:00Z,19.045995459500002,7.218022211044552
2020-04-04T17:00:00Z,28.9125782425,7.218022211044552
2020-04-04T18:00:00Z,16.27661002575,7.218022211044552
2020-04-04T19:00:00Z,12.14719305,7.218022211044552
2020-04-04T20:00:00Z,11.36885720075,7.218022211044552
2020-04-04T21:00:00Z,10.4854244125,7.218022211044552
2020-04-04T22:00:00Z,9.772410497500001,7.218022211044552
2020-04-04T23:00:00Z,10.33948841725,7.218022211044552
2020-04-05T00:00:00Z,9.99537934125,7.218022211044552
2020-04-05T01:00:00Z,13.592115635999999,7.218022211044552
2020-04-05T02:00:00Z,20.377968336000002,7.218022211044552
2020-04-05T03:00:00Z,28.00244806275,7.218022211044552
2020-04-05T04:00:00Z,27.48843456325,7.218022211044552
2020-04-05T05:00:00Z,28.5445966765,7.218022211044552
2020-04-05T06:00:00Z,18.15647512775,7.218022211044552
2020-04-05T07:00:00Z,11.813775135,7.218022211044552
2020-04-05T08:00:00Z,24.32463578,7.218022211044552
2020-04-05T09:00:00Z,16.812823721999997,7.218022211044552
2020-04-05T10:00:00Z,20.4641072635,7.218022211044552
2020-04-05T11:00:00Z,20.8516982025,7.218022211044552
2020-04-05T12:00:00Z,27.415659727250002,7.218022211044552
2020-04-05T13:00:00Z,26.01154059625,7.218022211044552
2020-04-05T14:00:00Z,17.39073517,7.218022211044552
2020-04-05T15:00:00Z,14.2246385145,7.218022211044552
2020-04-05T16:00:00Z,16.1701913825,7.218022211044552
2020-04-05T17:00:00Z,24.7445979655,7.218022211044552
2020-04-05T18:00:00Z,14.9397719365,7.218022211044552
2020-04-05T19:00:00Z,19.174250638,7.218022211044552
2020-04-05T20:00:00Z,13.9398936865,7.218022211044552
2020-04-05T21:00:00Z,12.2068904405,7.218022211044552
2020-04-05T22:00:00Z,15.135575815,7.218022211044552
2020-04-05T23:00:00Z,16.068676017,7.218022211044552
2020-04-06T00:00:00Z,19.9890124165,5.391995383069559
2020-04-06T01:00:00Z,24.43791412075,5.391995383069559
2020-04-06T02:00:00Z,25.623887893000003,5.391995383069559
2020-04-06T03:00:00Z,30.971588434250002,5.391995383069559
2020-04-06T04:00:00Z,31.29421759425,26.107599181562065
2020-04-06T05:00:00Z,31.858874571500003,46.823202980054575
2020-04-06T06:00:00Z,31.26899811075,46.823202980054575
2020-04-06T07:00:00Z,29.21661260275,46.823202980054575
2020-04-06T08:00:00Z,28.54553430825,52.68131239461707
2020-04-06T09:00:00Z,25.915427117249997,52.68131239461707
2020-04-06T10:00:00Z,26.808218383,52.68131239461707
2020-04-06T11:00:00Z,27.38577889575,52.68131239461707
2020-04-06T12:00:00Z,23.3902304235,52.68131239461707
2020-04-06T13:00:00Z,26.28773049275,52.68131239461707
2020-04-06T14:00:00Z,27.73063248875,52.68131239461707
2020-04-06T15:00:00Z,29.050359219500002,52.68131239461707
2020-04-06T16:00:00Z,28.64021387675,52.68131239461707
2020-04-06T17:00:00Z,24.431885297,52.68131239461707
2020-04-06T18:00:00Z,29.80913808575,48.20414031055458
2020-04-06T19:00:00Z,29.41877887275,48.20414031055458
2020-04-06T20:00:00Z,30.46410266375,48.20414031055458
2020-04-06T21:00:00Z,27.476360531,48.20414031055457
2020-04-06T22:00:00Z,27.51088781825,48.20414031055457
2020-04-06T23:00:00Z,29.78803867875,5.391995383069559
2020-04-07T00:00:00Z,29.71619221125,5.391995383069559
2020-04-07T01:00:00Z,27.9473030915,5.391995383069559
2020-04-07T02:00:00Z,27.11392369475,5.391995383069559
2020-04-07T03:00:00Z,27.205431351,5.391995383069559
2020-04-07T04:00:00Z,29.117890189500002,26.107599181562065
2020-04-07T05:00:00Z,28.095334945,46.823202980054575
2020-04-07T06:00:00Z,27.729494033,46.823202980054575
2020-04-07T07:00:00Z,28.67278297425,46.823202980054575
2020-04-07T08:00:00Z,25.66485073575,52.68131239461707
2020-04-07T09:00:00Z,27.417425355,52.68131239461707
2020-04-07T10:00:00Z,25.6617728515,52.68131239461707
2020-04-07T11:00:00Z,25.85470560775,52.68131239461707
2020-04-07T12:00:00Z,25.239042631,52.68131239461707
2020-04-07T13:00:00Z,28.239482676999998,56.848420245985515
2020-04-07T14:00:00Z,26.797496131,61.424430211839955
2020-04-07T15:00:00Z,28.260645423750002,64.00450892420218
2020-04-07T16:00:00Z,27.57599998825,64.76470870198813
2020-04-07T17:00:00Z,30.991685950000004,63.75288928727365
2020-04-07T18:00:00Z,31.22941507175,51.87118872458445
2020-04-07T19:00:00Z,31.9292805365,48.20414031055457
2020-04-07T20:00:00Z,30.9511361875,48.20414031055458
2020-04-07T21:00:00Z,29.494258877,48.20414031055457
2020-04-07T22:00:00Z,31.459612402,48.20414031055457
2020-04-07T23:00:00Z,32.22557077575,5.391995383069559
2020-04-08T00:00:00Z,32.7591965715,5.391995383069559
2020-04-08T01:00:00Z,33.54721389625,5.391995383069559
2020-04-08T02:00:00Z,32.19678799625,5.391995383069559
2020-04-08T03:00:00Z,34.094820707,5.391995383069559
2020-04-08T04:00:00Z,34.4008912325,26.107599181562065
2020-04-08T05:00:00Z,40.959402239750005,46.823202980054575
2020-04-08T06:00:00Z,41.02213521875,46.823202980054575
2020-04-08T07:00:00Z,40.70409566175,46.823202980054575
2020-04-08T08:00:00Z,41.08192298325,52.68131239461707
2020-04-08T09:00:00Z,37.212551288,52.68131239461707
2020-04-08T10:00:00Z,35.79717693325,52.68131239461707
2020-04-08T11:00:00Z,35.723743979999995,52.68131239461707
2020-04-08T12:00:00Z,37.083249263249996,52.68131239461707
2020-04-08T13:00:00Z,38.10310480075,52.68131239461707
2020-04-08T14:00:00Z,36.80490088875,52.68131239461707
2020-04-08T15:00:00Z,36.62869726225,52.68131239461707
2020-04-08T16:00:00Z,36.819566577,52.68131239461707
2020-04-08T17:00:00Z,40.16988789175,52.68131239461707
2020-04-08T18:00:00Z,38.91013149125,48.20414031055458
2020-04-08T19:00:00Z,39.8837220935,48.20414031055457
2020-04-08T20:00:00Z,37.220790985,48.20414031055457
2020-04-08T21:00:00Z,36.26089691675,48.20414031055457
2020-04-08T22:00:00Z,36.8818653675,48.20414031055457
2020-04-08T23:00:00Z,34.668482397000005,5.391995383069559
2020-04-09T00:00:00Z,34.29770701025,5.391995383069559
2020-04-09T01:00:00Z,33.15586788175,5.391995383069559
2020-04-09T02:00:00Z,35.473310746,5.391995383069559
2020-04-09T03:00:00Z,34.63956679525,5.391995383069559
2020-04-09T04:00:00Z,34.546561541,26.107599181562065
2020-04-09T05:00:00Z,35.37136744575,46.823202980054575
2020-04-09T06:00:00Z,32.99035761775,46.823202980054575
2020-04-09T07:00:00Z,32.455999542499995,46.823202980054575
2020-04-09T08:00:00Z,34.064168517750005,52.68131239461707
2020-04-09T09:00:00Z,35.6856748365,52.68131239461707
2020-04-09T10:00:00Z,34.784652050750005,53.23553237052629
2020-04-09T11:00:00Z,35.52976774575,58.01307907937186
2020-04-09T12:00:00Z,37.17713378625,56.64622963612851
2020-04-09T13:00:00Z,38.35027267025,56.08940855704155
2020-04-09T14:00:00Z,38.77278799,59.454770011334
2020-04-09T15:00:00Z,37.323302905999995,63.93308873830795
2020-04-09T16:00:00Z,36.1635392525,62.35818451861052
2020-04-09T17:00:00Z,36.50940608325,60.09420408431914
2020-04-09T18:00:00Z,37.41852400575,47.43352644979034
2020-04-09T19:00:00Z,39.3913301175,43.67696511607491
2020-04-09T20:00:00Z,40.81277475675,43.67695552796844
2020-04-09T21:00:00Z,38.543554674999996,43.676623690567986
2020-04-09T22:00:00Z,36.897101627750004,43.676623690567986
2020-04-09T23:00:00Z,40.269846598,5.391995383069559
2020-04-10T00:00:00Z,40.7790747545,5.391995383069559
2020-04-10T01:00:00Z,40.78220967825,5.391995383069559
2020-04-10T02:00:00Z,39.82530719575,5.391995383069559
2020-04-10T03:00:00Z,43.12165112225,5.391995383069559
2020-04-10T04:00:00Z,41.80913202375,26.107599181562065
2020-04-10T05:00:00Z,40.233641622250005,46.823202980054575
2020-04-10T06:00:00Z,42.86806026175,46.823202980054575
2020-04-10T07:00:00Z,39.65151322,46.823202980054575
2020-04-10T08:00:00Z,37.30442594275,52.68131239461707
2020-04-10T09:00:00Z,37.560395679,52.68131239461707
2020-04-10T10:00:00Z,38.069730344250004,53.57767530047203
2020-04-10T11:00:00Z,38.424281825,59.28334298368173
2020-04-10T12:00:00Z,37.84205403375,63.94189413771146
2020-04-10T13:00:00Z,38.48776679375,62.633240631122426
2020-04-10T14:00:00Z,38.59877884925,63.23282450877184
2020-04-10T15:00:00Z,39.354796157,59.44874620601885
2020-04-10T16:00:00Z,39.163125295,57.5944520268849
2020-04-10T17:00:00Z,37.52721045525,52.011381378551604
2020-04-10T18:00:00Z,37.17747138175,43.676623690567986
2020-04-10T19:00:00Z,36.6270087325,43.676623690567986
2020-04-10T20:00:00Z,35.812073845,43.676623690567986
2020-04-10T21:00:00Z,35.799510817,43.676623690567986
2020-04-10T22:00:00Z,35.15003608725,43.67662369056798
2020-04-10T23:00:00Z,37.70877530975,5.391995383069559
2020-04-11T00:00:00Z,38.236311152,7.218022211044552
2020-04-11T01:00:00Z,38.281948408,7.218022211044552
2020-04-11T02:00:00Z,37.51643450075,7.218022211044552
2020-04-11T03:00:00Z,38.85549029325,7.218022211044552
2020-04-11T04:00:00Z,37.958768843499996,7.218022211044552
2020-04-11T05:00:00Z,37.83826810175,7.218022211044552
2020-04-11T06:00:00Z,36.37033745125,7.218022211044552
2020-04-11T07:00:00Z,29.364221684750003,7.218022211044552
2020-04-11T08:00:00Z,29.93966403175,7.218022211044552
2020-04-11T09:00:00Z,31.5804045345,7.218022211044552
2020-04-11T10:00:00Z,31.20324320375,7.218022211044552
2020-04-11T11:00:00Z,31.012872614000003,7.218022211044552
2020-04-11T12:00:00Z,31.28266420875,7.218022211044552
2020-04-11T13:00:00Z,30.986778668,7.218022211044552
2020-04-11T14:00:00Z,30.500513102,7.218022211044552
2020-04-11T15:00:00Z,32.039682279000004,7.218022211044552
2020-04-11T16:00:00Z,31.532638177749998,7.218022211044552
2020-04-11T17:00:00Z,31.177385643250002,7.218022211044552
2020-04-11T18:00:00Z,31.07341187475,7.218022211044552
2020-04-11T19:00:00Z,31.21861382025,7.218022211044552
2020-04-11T20:00:00Z,31.8239959395,7.218022211044552
2020-04-11T21:00:00Z,31.54076078525,7.218022211044552
2020-04-11T22:00:00Z,31.24958178975,7.218022211044552
2020-04-11T23:00:00Z,28.67461084525,7.218022211044552
2020-04-12T00:00:00Z,30.10343501625,7.218022211044552
2020-04-12T01:00:00Z,25.751342882,7.218022211044552
2020-04-12T02:00:00Z,29.56193339925,7.218022211044552
2020-04-12T03:00:00Z,29.3270669355,7.218022211044552
2020-04-12T04:00:00Z,28.56078936275,7.218022211044552
2020-04-12T05:00:00Z,30.202684379249998,7.218022211044552
2020-04-12T06:00:00Z,32.956731849250005,7.218022211044552
2020-04-12T07:00:00Z,32.71857009725,7.218022211044552
2020-04-12T08:00:00Z,34.1108590615,7.218022211044552
2020-04-12T09:00:00Z,34.1724467775,7.218022211044552
2020-04-12T10:00:00Z,35.141717225,7.218022211044552
2020-04-12T11:00:00Z,36.34923993625,7.218022211044552
2020-04-12T12:00:00Z,36.95880033325,7.29289592460961
2020-04-12T13:00:00Z,38.0059063985,9.609093173636978
2020-04-12T14:00:00Z,38.02353627,11.093519025138956
2020-04-12T15:00:00Z,39.9996098965,10.928567587054378
2020-04-12T16:00:00Z,38.217526589749994,8.48013897911084
2020-04-12T17:00:00Z,37.86408539725,7.218022211044552
2020-04-12T18:00:00Z,38.36038848575,7.218022211044552
2020-04-12T19:00:00Z,36.5397437645,7.218022211044552
2020-04-12T20:00:00Z,37.44418726275,7.218022211044552
2020-04-12T21:00:00Z,36.93260746025,7.218022211044552
2020-04-12T22:00:00Z,35.87868930425,7.218022211044552
2020-04-12T23:00:00Z,38.079365755,7.218022211044552
2020-04-13T00:00:00Z,38.173236794,5.391995383069559
2020-04-13T01:00:00Z,37.88015042175,5.391995383069559
2020-04-13T02:00:00Z,38.9911001925,5.391995383069559
2020-04-13T03:00:00Z,37.74063151475,5.391995383069559
2020-04-13T04:00:00Z,35.068779273749996,26.107599181562065
2020-04-13T05:00:00Z,34.2353074375,46.823202980054575
2020-04-13T06:00:00Z,32.90339378275,46.823202980054575
2020-04-13T07:00:00Z,33.227152828,46.823202980054575
2020-04-13T08:00:00Z,33.2598472175,52.68131239461707
2020-04-13T09:00:00Z,32.822722422,53.38083140380044
2020-04-13T10:00:00Z,32.87978233625,60.72842945448706
2020-04-13T11:00:00Z,31.25790438025,66.23263988307704
2020-04-13T12:00:00Z,32.346749869,69.42945969065225
2020-04-13T13:00:00Z,32.422267355,72.31354944763713
2020-04-13T14:00:00Z,34.74256527725,75.4666671764951
2020-04-13T15:00:00Z,37.169307264000004,74.80371678632191
2020-04-13T16:00:00Z,43.71274320175,72.57800667485691
2020-04-13T17:00:00Z,44.71476888875,69.32782850101215
2020-04-13T18:00:00Z,39.541416057999996,59.63377809229899
2020-04-13T19:00:00Z,37.6179782325,50.040613847297756
2020-04-13T20:00:00Z,38.5572264755,48.20414031055457
2020-04-13T21:00:00Z,39.138476825,48.20414031055457
2020-04-13T22:00:00Z,39.5376297635,48.33056182522132
2020-04-13T23:00:00Z,40.2464332595,5.391995383069559
2020-04-14T00:00:00Z,42.16177821225,5.391995383069559
2020-04-14T01:00:00Z,42.740938975999995,5.391995383069559
2020-04-14T02:00:00Z,43.254081576000004,5.391995383069559
2020-04-14T03:00:00Z,40.157229583500005,5.391995383069559
2020-04-14T04:00:00Z,40.5473988005,26.107599181562065
2020-04-14T05:00:00Z,39.10673546475,47.33766815257788
2020-04-14T06:00:00Z,39.977305898,46.97111776483249
2020-04-14T07:00:00Z,38.9145485385,46.823202980054575
2020-04-14T08:00:00Z,39.224766998,59.28724734021046
2020-04-14T09:00:00Z,39.0114885255,69.51413112182031
2020-04-14T10:00:00Z,39.203970302,78.34876246117362
2020-04-14T11:00:00Z,37.44814914775,84.40488849662545
2020-04-14T12:00:00Z,36.21207935475,88.78545026696901
2020-04-14T13:00:00Z,39.269891337749996,93.31242909735414
2020-04-14T14:00:00Z,40.822166058250005,94.91443876131892
2020-04-14T15:00:00Z,38.98388454125,91.12638334032927
2020-04-14T16:00:00Z,41.3531928875,88.59545692255483
2020-04-14T17:00:00Z,40.396287551250005,86.81538833079387
2020-04-14T18:00:00Z,45.68757276825,77.9309239645765
2020-04-14T19:00:00Z,45.06346945825,69.66260837571242
2020-04-14T20:00:00Z,49.198374557250006,64.0901888390691
2020-04-14T21:00:00Z,50.59852765275,63.90614867525004
2020-04-14T22:00:00Z,54.042887501,58.12352339990791
2020-04-14T23:00:00Z,54.825110276749996,5.4734177178083145
2020-04-15T00:00:00Z,56.165483236,5.391995383069559
2020-04-15T01:00:00Z,56.143703158,5.391995383069559
2020-04-15T02:00:00Z,51.40354658625,5.391995383069559
2020-04-15T03:00:00Z,45.32807832375,5.462604132088545
2020-04-15T04:00:00Z,41.681854645,27.473270933280304
2020-04-15T05:00:00Z,40.0502249495,48.485545900560666
2020-04-15T06:00:00Z,39.99928074425,47.84883736997838
2020-04-15T07:00:00Z,41.0267648505,50.48238037337042
2020-04-15T08:00:00Z,40.979156972249996,63.02491679352187
2020-04-15T09:00:00Z,40.31106397875,70.79669005360417
2020-04-15T10:00:00Z,40.164063908,80.63840437017063
2020-04-15T11:00:00Z,40.74628804925,83.2499729096819
2020-04-15T12:00:00Z,40.195866732,83.92725088066352
2020-04-15T13:00:00Z,40.9991567485,86.39380575756857
2020-04-15T14:00:00Z,39.647535234,87.13251657079492
2020-04-15T15:00:00Z,42.2775108245,85.3484925218395
2020-04-15T16:00:00Z,39.71465654825,83.51841920741651
2020-04-15T17:00:00Z,40.51319799275,72.35451217751185
2020-04-15T18:00:00Z,49.09211592925,52.61886971021518
2020-04-15T19:00:00Z,49.96394056425,48.20414031055457
2020-04-15T20:00:00Z,51.3483582885,48.20414031055457
2020-04-15T21:00:00Z,54.70177923925,48.20414031055457
2020-04-15T22:00:00Z,46.9824707095,48.20414031055457
2020-04-15T23:00:00Z,49.170454560500005,5.391995383069559
2020-04-16T00:00:00Z,44.14383461175,5.391995383069559
2020-04-16T01:00:00Z,42.18830897375,5.391995383069559
2020-04-16T02:00:00Z,42.73277187275,5.391995383069559
2020-04-16T03:00:00Z,43.9836255245,5.391995383069559
2020-04-16T04:00:00Z,43.66699788275,26.107599181562065
2020-04-16T05:00:00Z,39.493168058500004,46.823202980054575
2020-04-16T06:00:00Z,39.29607422675,46.823202980054575
2020-04-16T07:00:00Z,39.087872433,46.823202980054575
2020-04-16T08:00:00Z,38.189462988,52.68131239461707
2020-04-16T09:00:00Z,38.45925771425,52.68131239461707
2020-04-16T10:00:00Z,37.884956181,52.68131239461707
2020-04-16T11:00:00Z,37.47316802975,58.26509207236674
2020-04-16T12:00:00Z,35.62789365875,62.82984314694789
2020-04-16T13:00:00Z,37.0405609325,64.70713363762805
2020-04-16T14:00:00Z,37.87757705475,64.16859447411647
2020-04-16T15:00:00Z,39.0853759085,60.56616496225915
2020-04-16T16:00:00Z,40.62058177625,53.97485324447704
2020-04-16T17:00:00Z,38.1578150375,52.68131239461707
2020-04-16T18:00:00Z,39.40730461675,48.20414031055457
2020-04-16T19:00:00Z,38.96809353675,48.20414031055457
2020-04-16T20:00:00Z,39.986640253000004,48.20414031055457
2020-04-16T21:00:00Z,37.9210743875,48.20414031055457
2020-04-16T22:00:00Z,38.39165881175,48.20414031055457
2020-04-16T23:00:00Z,39.037597703749995,5.391995383069559
2020-04-17T00:00:00Z,37.694698001,5.391995383069559
2020-04-17T01:00:00Z,39.027495899499996,5.391995383069559
2020-04-17T02:00:00Z,37.04389426275,5.391995383069559
2020-04-17T03:00:00Z,38.7322945835,5.391995383069559
2020-04-17T04:00:00Z,38.97260548525,26.107599181562065
2020-04-17T05:00:00Z,36.336938809,46.823202980054575
2020-04-17T06:00:00Z,35.1112474075,46.823202980054575
2020-04-17T07:00:00Z,35.14413246075,46.823202980054575
2020-04-17T08:00:00Z,33.693086887250004,52.68131239461707
2020-04-17T09:00:00Z,32.93168291075,52.68131239461707
2020-04-17T10:00:00Z,34.01098599925,52.68131239461707
2020-04-17T11:00:00Z,32.36579533975,52.68131239461707
2020-04-17T12:00:00Z,32.07279912275,52.68131239461707
2020-04-17T13:00:00Z,33.677818001249996,52.68131239461707
2020-04-17T14:00:00Z,35.78420089775,52.68131239461707
2020-04-17T15:00:00Z,37.1925014135,52.68131239461707
2020-04-17T16:00:00Z,36.07112583475,52.68131239461707
2020-04-17T17:00:00Z,33.385297928,52.68131239461707
2020-04-17T18:00:00Z,34.435394387,48.20414031055458
2020-04-17T19:00:00Z,32.766008557,48.20414031055458
2020-04-17T20:00:00Z,34.70335919075,48.20414031055458
2020-04-17T21:00:00Z,30.589119169499998,48.20414031055458
2020-04-17T22:00:00Z,27.48399848775,48.20414031055458
2020-04-17T23:00:00Z,21.273047896,5.391995383069559
2020-04-18T00:00:00Z,24.1741628625,7.218022211044552
2020-04-18T01:00:00Z,30.705797119750002,7.218022211044552
2020-04-18T02:00:00Z,31.5457029635,7.218022211044552
2020-04-18T03:00:00Z,30.358860376000003,7.218022211044552
2020-04-18T04:00:00Z,32.22726650675,7.218022211044552
2020-04-18T05:00:00Z,33.6733774865,7.218022211044552
2020-04-18T06:00:00Z,32.96007242225,7.218022211044552
2020-04-18T07:00:00Z,31.11419976025,7.218022211044552
2020-04-18T08:00:00Z,29.56733218475,7.218022211044552
2020-04-18T09:00:00Z,22.1795556895,7.218022211044552
2020-04-18T10:00:00Z,27.82204808925,7.218022211044552
2020-04-18T11:00:00Z,25.654160769500002,7.218022211044552
2020-04-18T12:00:00Z,28.6548896545,8.102401532799492
2020-04-18T13:00:00Z,28.9198288225,8.267222925615902
2020-04-18T14:00:00Z,32.35729118025,8.42959362059313
2020-04-18T15:00:00Z,32.729079495250005,8.102224845791902
2020-04-18T16:00:00Z,32.271220954499995,8.186658194046606
2020-04-18T17:00:00Z,31.356706279249998,7.345604583427222
2020-04-18T18:00:00Z,31.30247839125,7.218022211044552
2020-04-18T19:00:00Z,29.753720148,7.218022211044552
2020-04-18T20:00:00Z,30.548908931750002,7.218022211044552
2020-04-18T21:00:00Z,27.445506525000003,7.218022211044552
2020-04-18T22:00:00Z,25.77178175625,7.218022211044552
2020-04-18T23:00:00Z,30.649732483250002,7.218022211044552
2020-04-19T00:00:00Z,29.4646425045,7.218022211044552
2020-04-19T01:00:00Z,28.57203344875,7.218022211044552
2020-04-19T02:00:00Z,30.94972850725,7.218022211044552
2020-04-19T03:00:00Z,33.93749248225,7.218022211044552
2020-04-19T04:00:00Z,33.7847588745,7.218022211044552
2020-04-19T05:00:00Z,34.3041084395,7.218022211044552
2020-04-19T06:00:00Z,36.01132420525,7.218022211044552
2020-04-19T07:00:00Z,36.48084992575,7.218022211044552
2020-04-19T08:00:00Z,36.1115482755,7.218022211044552
2020-04-19T09:00:00Z,35.723370592,7.218022211044552
2020-04-19T10:00:00Z,37.16982118975,7.218022211044552
2020-04-19T11:00:00Z,35.35712751475,7.218022211044552
2020-04-19T12:00:00Z,34.73607158,7.515368493658279
2020-04-19T13:00:00Z,36.3637602305,8.624174008750737
2020-04-19T14:00:00Z,36.4702857145,9.412914753129991
2020-04-19T15:00:00Z,37.44529575675,9.555706476451883
2020-04-19T16:00:00Z,37.742019261500005,9.158776017994358
2020-04-19T17:00:00Z,36.855715285,8.15050657744993
2020-04-19T18:00:00Z,36.650623867,7.218022211044552
2020-04-19T19:00:00Z,36.883598043250004,7.218022211044552
2020-04-19T20:00:00Z,35.3775160665,7.218022211044552
2020-04-19T21:00:00Z,35.88940008925,7.218022211044552
2020-04-19T22:00:00Z,33.7156658005,7.218022211044552
2020-04-19T23:00:00Z,35.6443276745,7.218022211044552
2020-04-20T00:00:00Z,37.440813637000005,5.391995383069559
2020-04-20T01:00:00Z,38.828415303,5.391995383069559
2020-04-20T02:00:00Z,38.68897671025,5.391995383069559
2020-04-20T03:00:00Z,38.3363754065,5.391995383069559
2020-04-20T04:00:00Z,39.90919359325,26.107599181562065
2020-04-20T05:00:00Z,36.674165737500005,46.823202980054575
2020-04-20T06:00:00Z,38.305705895,46.823202980054575
2020-04-20T07:00:00Z,37.2183825955,46.823202980054575
2020-04-20T08:00:00Z,36.46432495425,52.68131239461707
2020-04-20T09:00:00Z,36.46812026675,52.68131239461707
2020-04-20T10:00:00Z,35.85613341275,52.68131239461707
2020-04-20T11:00:00Z,36.2772018975,52.68131239461707
2020-04-20T12:00:00Z,36.69315340025,53.57995222418864
2020-04-20T13:00:00Z,37.402677935,54.365510993091945
2020-04-20T14:00:00Z,38.38366897,54.2894553843512
2020-04-20T15:00:00Z,45.16927132875,54.641117588071864
2020-04-20T16:00:00Z,38.0138823285,57.20070980282393
2020-04-20T17:00:00Z,34.361774790249996,55.57837468999436
2020-04-20T18:00:00Z,35.382215953,48.20414031055457
2020-04-20T19:00:00Z,31.76380231375,48.20414031055457
2020-04-20T20:00:00Z,31.88630565725,48.20414031055457
2020-04-20T21:00:00Z,34.821390881750006,48.20414031055457
2020-04-20T22:00:00Z,25.8423591595,48.20414031055457
2020-04-20T23:00:00Z,29.44933328575,5.391995383069559
2020-04-21T00:00:00Z,34.4956672815,5.391995383069559
2020-04-21T01:00:00Z,34.0133110065,5.391995383069559
2020-04-21T02:00:00Z,35.230590714499996,5.391995383069559
2020-04-21T03:00:00Z,39.17410110525,5.391995383069559
2020-04-21T04:00:00Z,40.4010183185,26.107599181562065
2020-04-21T05:00:00Z,38.29077222225,46.823202980054575
2020-04-21T06:00:00Z,36.69330587675,46.823202980054575
2020-04-21T07:00:00Z,37.4463659035,46.823202980054575
2020-04-21T08:00:00Z,37.911628791750005,52.68131239461707
2020-04-21T09:00:00Z,38.421850027000005,52.68131239461707
2020-04-21T10:00:00Z,38.31641600625,58.6198286911862
2020-04-21T11:00:00Z,37.42516659625,67.33974597336658
2020-04-21T12:00:00Z,38.66626321925,73.14065711881699
2020-04-21T13:00:00Z,45.43643021925,76.69557184929985
2020-04-21T14:00:00Z,44.9469334765,77.55987195363505
2020-04-21T15:00:00Z,38.392812522,78.13441508972309
2020-04-21T16:00:00Z,37.134253577500004,78.55134727824809
2020-04-21T17:00:00Z,38.35645144375,75.39376625258092
2020-04-21T18:00:00Z,37.90804382475,64.40283793110812
2020-04-21T19:00:00Z,38.5199427485,52.985565203361475
2020-04-21T20:00:00Z,36.3431952015,48.20414031055457
2020-04-21T21:00:00Z,38.12804750575,48.20414031055457
2020-04-21T22:00:00Z,41.33566260975,48.20414031055457
2020-04-21T23:00:00Z,39.3574115975,5.391995383069559
2020-04-22T00:00:00Z,39.4436847625,5.391995383069559
2020-04-22T01:00:00Z,41.594772513500004,5.391995383069559
2020-04-22T02:00:00Z,41.825748301750004,5.391995383069559
2020-04-22T03:00:00Z,41.302853126,5.391995383069559
2020-04-22T04:00:00Z,40.931674928,26.107599181562065
2020-04-22T05:00:00Z,38.64648088775,46.823202980054575
2020-04-22T06:00:00Z,37.43088707775,46.823202980054575
2020-04-22T07:00:00Z,40.105683356,46.823202980054575
2020-04-22T08:00:00Z,39.14635977525,52.68131239461707
2020-04-22T09:00:00Z,37.68729965925,64.48621071216813
2020-04-22T10:00:00Z,38.359709861,75.7145621671968
2020-04-22T11:00:00Z,37.302346672750005,81.09861132963916
2020-04-22T12:00:00Z,39.08809376875,83.20553913177565
2020-04-22T13:00:00Z,38.6117049645,86.00087749942185
2020-04-22T14:00:00Z,47.350494757999996,88.88414387577332
2020-04-22T15:00:00Z,34.61258002525,91.33307019243526
2020-04-22T16:00:00Z,41.524243347500004,91.1039563838406
2020-04-22T17:00:00Z,42.051401327250005,89.28410302282353
2020-04-22T18:00:00Z,43.3284360715,79.32479030805509
2020-04-22T19:00:00Z,45.90898365975,66.6635827417667
2020-04-22T20:00:00Z,49.49349336175,60.69864575808444
2020-04-22T21:00:00Z,49.4672988155,58.83616725255542
2020-04-22T22:00:00Z,57.30395706525,54.35512909082307
2020-04-22T23:00:00Z,57.4347742305,5.391995383069559
2020-04-23T00:00:00Z,56.84378621025,5.391995383069559
2020-04-23T01:00:00Z,52.0822220285,5.391995383069559
2020-04-23T02:00:00Z,40.0846896785,5.391995383069559
2020-04-23T03:00:00Z,43.331344351750005,5.391995383069559
2020-04-23T04:00:00Z,43.713885677,26.107599181562065
2020-04-23T05:00:00Z,39.685894206,46.823202980054575
2020-04-23T06:00:00Z,39.735520424,46.823202980054575
2020-04-23T07:00:00Z,39.380496561,47.10445438723851
2020-04-23T08:00:00Z,38.521365259,60.814372535438785
2020-04-23T09:00:00Z,39.06556599875,75.03954464552682
2020-04-23T10:00:00Z,38.58998387525,85.65925135408685
2020-04-23T11:00:00Z,38.643627413749996,87.98601310416998
2020-04-23T12:00:00Z,38.36030315725,89.23681545177213
2020-04-23T13:00:00Z,39.684910825500005,84.65643733644487
2020-04-23T14:00:00Z,39.56916439375,85.27587674856166
2020-04-23T15:00:00Z,39.61265814825,80.0970878361923
2020-04-23T16:00:00Z,40.32854569175,78.28839696678483
2020-04-23T17:00:00Z,43.6000077055,77.40094085139202
2020-04-23T18:00:00Z,42.09282588575,69.48433459524385
2020-04-23T19:00:00Z,47.36863120275,62.69605522067823
2020-04-23T20:00:00Z,45.534786156500004,59.78193498470363
2020-04-23T21:00:00Z,51.848961904,60.77311449429233
2020-04-23T22:00:00Z,55.866576222999996,60.49242817728073
2020-04-23T23:00:00Z,56.73735965575,9.745570541101038
2020-04-24T00:00:00Z,57.65419937825,9.160470892784563
2020-04-24T01:00:00Z,57.54688179275,7.556684409094871
2020-04-24T02:00:00Z,52.999365275500004,7.50893845812161
2020-04-24T03:00:00Z,42.1413460185,7.914824827853174
2020-04-24T04:00:00Z,41.15888991425,32.964900217422546
2020-04-24T05:00:00Z,40.47233804075,57.433143255589975
2020-04-24T06:00:00Z,40.75662835275,57.2471770267652
2020-04-24T07:00:00Z,39.40552867825,58.12575151545955
2020-04-24T08:00:00Z,39.46967168425,70.56495501649167
2020-04-24T09:00:00Z,39.77003927575,82.4607553182255
2020-04-24T10:00:00Z,38.72859349225,87.8233710179119
2020-04-24T11:00:00Z,37.69789412825,86.17303722628597
2020-04-24T12:00:00Z,37.74836701425,84.9084695695438
2020-04-24T13:00:00Z,38.010803275,86.20676107106465
2020-04-24T14:00:00Z,40.49367696025,85.91698016038622
2020-04-24T15:00:00Z,39.029282011250004,87.98418134393937
2020-04-24T16:00:00Z,43.36508978325,86.95094700762608
2020-04-24T17:00:00Z,51.807475155,84.77778281360781
2020-04-24T18:00:00Z,56.184626897,77.54770502320376
2020-04-24T19:00:00Z,55.4123708225,74.27610337644502
2020-04-24T20:00:00Z,57.3844939985,69.99465342541284
2020-04-24T21:00:00Z,59.45341290725,68.20592822287374
2020-04-24T22:00:00Z,59.091558386749995,67.2137624801973
2020-04-24T23:00:00Z,62.66640990425,13.220320154451997
2020-04-25T00:00:00Z,64.08231777025,14.699450446015845
2020-04-25T01:00:00Z,62.942946794499996,14.038822560032726
2020-04-25T02:00:00Z,60.7942546365,12.355420675447355
2020-04-25T03:00:00Z,55.3654903365,10.751654054649041
2020-04-25T04:00:00Z,49.57865369025,10.890829639456491
2020-04-25T05:00:00Z,49.4167956555,10.784985918698903
2020-04-25T06:00:00Z,41.22752215375,11.16262368158039
2020-04-25T07:00:00Z,43.40053676275,12.42486652793921
2020-04-25T08:00:00Z,40.613789899500006,13.253797504142462
2020-04-25T09:00:00Z,37.31938303975,15.249841891695418
2020-04-25T10:00:00Z,36.5942518325,16.85528831253023
2020-04-25T11:00:00Z,36.57360107975,18.006911671427442
2020-04-25T12:00:00Z,35.64558371775,19.435922114131625
2020-04-25T13:00:00Z,36.327059927,20.45541352401046
2020-04-25T14:00:00Z,37.15251532,20.989815921189233
2020-04-25T15:00:00Z,36.791222071,19.48074905171232
2020-04-25T16:00:00Z,35.959421183,17.251432455237644
2020-04-25T17:00:00Z,41.07774876125,15.67862454110881
2020-04-25T18:00:00Z,43.3400913265,14.067684260864977
2020-04-25T19:00:00Z,48.7205545315,12.066336400357931
2020-04-25T20:00:00Z,51.435782163249996,10.50372240599377
2020-04-25T21:00:00Z,53.485082219,8.903861690336466
2020-04-25T22:00:00Z,52.97746074675,7.351892810610169
2020-04-25T23:00:00Z,53.011280564,7.218022211044552
2020-04-26T00:00:00Z,44.039090429,7.218022211044552
2020-04-26T01:00:00Z,36.5283640695,7.218022211044552
2020-04-26T02:00:00Z,35.545961591,7.218022211044552
2020-04-26T03:00:00Z,35.269621427749996,7.218022211044552
2020-04-26T04:00:00Z,36.49398907725,7.218022211044552
2020-04-26T05:00:00Z,34.272705065,7.218022211044552
2020-04-26T06:00:00Z,38.1057224505,7.218022211044552
2020-04-26T07:00:00Z,38.434918407750004,7.218022211044552
2020-04-26T08:00:00Z,39.09694757625,7.218022211044552
2020-04-26T09:00:00Z,39.36447631475,9.625556628298826
2020-04-26T10:00:00Z,38.3017001885,12.043737472862464
2020-04-26T11:00:00Z,39.45494969325,12.765363408292776
2020-04-26T12:00:00Z,39.002308621,13.459813004990693
2020-04-26T13:00:00Z,39.20008948725,13.476383622804612
2020-04-26T14:00:00Z,42.18033681275,14.112084394349365
2020-04-26T15:00:00Z,46.693631049,13.43468547076013
2020-04-26T16:00:00Z,40.142524075,12.5763186633011
2020-04-26T17:00:00Z,39.419976842,13.03011250312901
2020-04-26T18:00:00Z,39.4923557415,12.760732286065238
2020-04-26T19:00:00Z,39.99489043925,9.166820967001463
2020-04-26T20:00:00Z,38.51812832775,7.218022211044552
2020-04-26T21:00:00Z,38.686526635250004,7.218022211044552
2020-04-26T22:00:00Z,38.771365367,7.218022211044552
2020-04-26T23:00:00Z,37.91131230125,7.218022211044552
2020-04-27T00:00:00Z,39.1600091905,5.391995383069559
2020-04-27T01:00:00Z,40.54305153525,5.391995383069559
2020-04-27T02:00:00Z,41.46283092825,5.391995383069559
2020-04-27T03:00:00Z,40.98169068675,5.391995383069559
2020-04-27T04:00:00Z,40.40282720375,26.107599181562065
2020-04-27T05:00:00Z,38.8194879575,46.81348511174393
2020-04-27T06:00:00Z,39.73764998475,46.31334723826221
2020-04-27T07:00:00Z,38.691046090499995,45.42977890723638
2020-04-27T08:00:00Z,38.747827230249996,54.945149369914645
2020-04-27T09:00:00Z,39.69775813175,68.06894151716264
2020-04-27T10:00:00Z,40.08708710075,76.90690613504843
2020-04-27T11:00:00Z,39.353947598,81.79532646413527
2020-04-27T12:00:00Z,38.63906383,85.44935277381718
2020-04-27T13:00:00Z,40.66950753975,88.62156049880137
2020-04-27T14:00:00Z,44.77228741025,90.22505273854175
2020-04-27T15:00:00Z,47.24279091975,91.52011269017885
2020-04-27T16:00:00Z,41.361418497,90.9744088300238
2020-04-27T17:00:00Z,39.1174696525,88.5505892177452
2020-04-27T18:00:00Z,46.564528983,80.79681311366795
2020-04-27T19:00:00Z,50.4050001355,75.60122610450809
2020-04-27T20:00:00Z,56.27137576975,69.17408528620449
2020-04-27T21:00:00Z,54.647893877499996,66.16875493133631
2020-04-27T22:00:00Z,60.147621328,63.69992697095324
2020-04-27T23:00:00Z,59.934876162,7.118581544492122
2020-04-28T00:00:00Z,57.96406759175,6.593392258245295
2020-04-28T01:00:00Z,58.928269664249996,6.100335335756347
2020-04-28T02:00:00Z,51.364776094250004,5.391995383069559
2020-04-28T03:00:00Z,43.9972730355,6.381958396510415
2020-04-28T04:00:00Z,42.94805462225,33.59895374983969
2020-04-28T05:00:00Z,42.13922017475,59.99153764164889
2020-04-28T06:00:00Z,40.71950880375,57.35941658306567
2020-04-28T07:00:00Z,39.96578565225,59.92780949798351
2020-04-28T08:00:00Z,39.48895474375,74.54971172070825
2020-04-28T09:00:00Z,40.28895877925,87.23760999748198
2020-04-28T10:00:00Z,39.0094060805,87.55121009663641
2020-04-28T11:00:00Z,39.09207044575,84.64822060558781
2020-04-28T12:00:00Z,40.013348055,88.14864994317031
2020-04-28T13:00:00Z,42.16640711275,88.80703126657642
2020-04-28T14:00:00Z,41.59134932375,85.0206160667007
2020-04-28T15:00:00Z,42.192706447999996,81.80949071454802
2020-04-28T16:00:00Z,44.503112562,81.06880448100044
2020-04-28T17:00:00Z,53.77074281375,79.9313185033978
2020-04-28T18:00:00Z,50.79456805575,71.27744432428706
2020-04-28T19:00:00Z,53.7617329375,62.35742769970155
2020-04-28T20:00:00Z,58.1823655725,49.81025362111781
2020-04-28T21:00:00Z,57.24660891975,40.88727651893352
2020-04-28T22:00:00Z,59.67453693275,39.86586794141018
2020-04-28T23:00:00Z,58.14511702875001,5.391995383069559
2020-04-29T00:00:00Z,61.547757521,5.391995383069559
2020-04-29T01:00:00Z,59.78538038275,5.391995383069559
2020-04-29T02:00:00Z,52.656211182,5.391995383069559
2020-04-29T03:00:00Z,42.04721252125,5.391995383069559
2020-04-29T04:00:00Z,40.8382456825,26.107599181562065
2020-04-29T05:00:00Z,40.1210729635,46.823202980054575
2020-04-29T06:00:00Z,40.009294159999996,46.823202980054575
2020-04-29T07:00:00Z,38.906056995499995,46.823202980054575
2020-04-29T08:00:00Z,38.42758478325,52.68131239461707
2020-04-29T09:00:00Z,38.84476335825,52.68131239461707
2020-04-29T10:00:00Z,38.02949031275,56.299657740008385
2020-04-29T11:00:00Z,37.76165721675,59.49770424661292
2020-04-29T12:00:00Z,37.80126011350001,64.43911707802174
2020-04-29T13:00:00Z,38.90410888375,71.10616853423083
2020-04-29T14:00:00Z,38.8021192625,77.50165021040758
2020-04-29T15:00:00Z,40.19796327925,74.4778946045204
2020-04-29T16:00:00Z,42.2827935635,70.36083289679614
2020-04-29T17:00:00Z,42.247716502,68.74635280520098
2020-04-29T18:00:00Z,41.295082345,61.985713846652274
2020-04-29T19:00:00Z,39.2772820345,52.14413966615493
2020-04-29T20:00:00Z,37.982648821750004,41.04948480840179
2020-04-29T21:00:00Z,40.30100543675,39.86586794141018
2020-04-29T22:00:00Z,46.412364892,39.86586794141018
2020-04-29T23:00:00Z,39.4224996345,5.391995383069559
2020-04-30T00:00:00Z,40.7020420445,5.391995383069559
2020-04-30T01:00:00Z,42.2544275805,5.391995383069559
2020-04-30T02:00:00Z,39.789983258,5.391995383069559
2020-04-30T03:00:00Z,39.589298727,5.391995383069559
2020-04-30T04:00:00Z,39.503121886,26.107599181562065
2020-04-30T05:00:00Z,38.559059532,46.823202980054575
2020-04-30T06:00:00Z,38.253150988,46.823202980054575
2020-04-30T07:00:00Z,39.4435646575,46.823202980054575
2020-04-30T08:00:00Z,39.09371130275,54.38510301006347
2020-04-30T09:00:00Z,38.555431378,67.43777048078594
2020-04-30T10:00:00Z,38.839547522,75.83146684167981
2020-04-30T11:00:00Z,38.604910429499995,79.11869469858969
2020-04-30T12:00:00Z,38.872942891,76.76184744029263
2020-04-30T13:00:00Z,39.788723740250006,76.85345198940882
2020-04-30T14:00:00Z,39.86871268625,73.6677249319787
2020-04-30T15:00:00Z,39.30793289375,69.49962064181814
2020-04-30T16:00:00Z,37.702582158,65.66784338077943
2020-04-30T17:00:00Z,38.11241666825,64.75859694902594
2020-04-30T18:00:00Z,42.58039040075,56.97108480914775
2020-04-30T19:00:00Z,43.53601548025,50.65424770136174
2020-04-30T20:00:00Z,51.8523173285,46.92716798295479
2020-04-30T21:00:00Z,50.724321831,44.73325794915373
2020-04-30T22:00:00Z,37.76334426175,43.67662369056798
2020-04-30T23:00:00Z,37.09667571925,5.391995383069559
2020-05-01T00:00:00Z,39.77398894775,5.391995383069559
2020-05-01T01:00:00Z,39.877426111999995,5.391995383069559
2020-05-01T02:00:00Z,39.15567346575,5.391995383069559
2020-05-01T03:00:00Z,42.088267971,5.391995383069559
2020-05-01T04:00:00Z,41.18868173425,26.107599181562065
2020-05-01T05:00:00Z,39.17152397125,46.823202980054575
2020-05-01T06:00:00Z,38.6618049875,46.823202980054575
2020-05-01T07:00:00Z,38.905917931000005,46.823202980054575
2020-05-01T08:00:00Z,39.330167599,53.946130401157234
2020-05-01T09:00:00Z,38.0122325635,63.83746870995665
2020-05-01T10:00:00Z,37.74762388975,70.50058904756348
2020-05-01T11:00:00Z,36.861546729,75.28623942508906
2020-05-01T12:00:00Z,37.123543376,79.84437508178735
2020-05-01T13:00:00Z,38.437850611,82.45881609343901
2020-05-01T14:00:00Z,40.6732775205,84.22121301157382
2020-05-01T15:00:00Z,46.19457093475,85.23991879479657
2020-05-01T16:00:00Z,40.354303898750004,82.996227057818
2020-05-01T17:00:00Z,37.3613510485,77.46888123914493
2020-05-01T18:00:00Z,38.0928444025,66.4515677942289
2020-05-01T19:00:00Z,40.446312680750005,56.64983938635017
2020-05-01T20:00:00Z,41.84191444975,48.5927211373313
2020-05-01T21:00:00Z,47.319105577,48.20414031055457
2020-05-01T22:00:00Z,53.93509575375,48.20414031055457
2020-05-01T23:00:00Z,54.4585520265,5.391995383069559
2020-05-02T00:00:00Z,55.9812230175,7.218022211044552
2020-05-02T01:00:00Z,44.913104401750005,7.218022211044552
2020-05-02T02:00:00Z,41.25284375075,7.218022211044552
2020-05-02T03:00:00Z,40.6618171055,7.218022211044552
2020-05-02T04:00:00Z,39.969857264000005,7.218022211044552
2020-05-02T05:00:00Z,39.66370814025,7.218022211044552
2020-05-02T06:00:00Z,38.76371609275,7.218022211044552
2020-05-02T07:00:00Z,33.2923692075,7.218022211044552
2020-05-02T08:00:00Z,33.76447336525,7.332034790380692
2020-05-02T09:00:00Z,33.2012986205,8.293294987279346
2020-05-02T10:00:00Z,32.42130880975,9.411173191662114
2020-05-02T11:00:00Z,33.66583681575,10.88926315391752
2020-05-02T12:00:00Z,33.29086955775,11.451450787441757
2020-05-02T13:00:00Z,34.39412674825,11.970104270573202
2020-05-02T14:00:00Z,33.6053128825,12.05626212807122
2020-05-02T15:00:00Z,34.53656162825,11.187015359941118
2020-05-02T16:00:00Z,33.4253583025,9.685312838092123
2020-05-02T17:00:00Z,32.9737806375,7.924469246286332
2020-05-02T18:00:00Z,32.78504194575,7.218022211044552
2020-05-02T19:00:00Z,31.26298149925,7.218022211044552
2020-05-02T20:00:00Z,26.910335045,7.218022211044552
2020-05-02T21:00:00Z,22.451198253999998,7.218022211044552
2020-05-02T22:00:00Z,19.349256528,7.218022211044552
2020-05-02T23:00:00Z,32.38156596325,7.218022211044552
2020-05-03T00:00:00Z,31.25898799625,7.218022211044552
2020-05-03T01:00:00Z,32.258152898,7.218022211044552
2020-05-03T02:00:00Z,32.8291271925,7.218022211044552
2020-05-03T03:00:00Z,31.408739855249998,7.218022211044552
2020-05-03T04:00:00Z,33.100432694000006,7.218022211044552
2020-05-03T05:00:00Z,32.84230765825,7.218022211044552
2020-05-03T06:00:00Z,38.06261071275,7.218022211044552
2020-05-03T07:00:00Z,37.269193695249996,7.218022211044552
2020-05-03T08:00:00Z,38.27173142575,7.218022211044552
2020-05-03T09:00:00Z,37.603794161500005,7.338088886099616
2020-05-03T10:00:00Z,37.09421560975,8.835717213674396
2020-05-03T11:00:00Z,36.684048841250004,10.380154812585777
2020-05-03T12:00:00Z,37.43638925525,11.64020860320198
2020-05-03T13:00:00Z,37.15976423125,12.257448601003455
2020-05-03T14:00:00Z,38.168858926249996,12.734570508450188
2020-05-03T15:00:00Z,36.84854414875,13.359545803231113
2020-05-03T16:00:00Z,37.200487959,13.775997675583781
2020-05-03T17:00:00Z,35.776103419500004,13.288394421897953
2020-05-03T18:00:00Z,38.470762956499996,11.740431340006483
2020-05-03T19:00:00Z,44.508249046,9.084916559605723
2020-05-03T20:00:00Z,44.13103604875,7.218022211044552
2020-05-03T21:00:00Z,43.5396431375,7.218022211044552
2020-05-03T22:00:00Z,44.3702530285,7.218022211044552
2020-05-03T23:00:00Z,46.204937120000004,7.218022211044552
2020-05-04T00:00:00Z,40.88485045975,5.391995383069559
2020-05-04T01:00:00Z,39.62133327875,5.391995383069559
2020-05-04T02:00:00Z,39.78753420375,5.391995383069559
2020-05-04T03:00:00Z,39.4636475795,5.391995383069559
2020-05-04T04:00:00Z,38.86455691875,26.107599181562065
2020-05-04T05:00:00Z,38.2316170275,46.823202980054575
2020-05-04T06:00:00Z,38.688790805500005,46.823202980054575
2020-05-04T07:00:00Z,38.5830058775,46.823202980054575
2020-05-04T08:00:00Z,38.936381432,52.68131239461707
2020-05-04T09:00:00Z,37.824290723000004,62.92221023392184
2020-05-04T10:00:00Z,37.57955602575,72.3066532859317
2020-05-04T11:00:00Z,37.855271848,79.18304688406259
2020-05-04T12:00:00Z,37.404041076249996,81.787781814097
2020-05-04T13:00:00Z,39.09614027075,83.10778917972294
2020-05-04T14:00:00Z,40.3687696095,83.38001743574287
2020-05-04T15:00:00Z,47.676929108500005,81.82999536691983
2020-05-04T16:00:00Z,40.635468691,85.14310599723491
2020-05-04T17:00:00Z,40.99504023325,85.83073422237436
2020-05-04T18:00:00Z,42.9585584465,77.70473909339468
2020-05-04T19:00:00Z,44.77020439625,69.67528584241332
2020-05-04T20:00:00Z,49.602763612000004,60.231861755688975
2020-05-04T21:00:00Z,53.167538221,57.50064902062279
2020-05-04T22:00:00Z,54.39993689075,53.0078907100527
2020-05-04T23:00:00Z,54.64994588425,5.391995383069559
2020-05-05T00:00:00Z,56.218394037500005,5.391995383069559
2020-05-05T01:00:00Z,56.36549087525,5.391995383069559
2020-05-05T02:00:00Z,53.2660212335,5.391995383069559
2020-05-05T03:00:00Z,42.623411203,5.391995383069559
2020-05-05T04:00:00Z,42.4911783945,26.107599181562065
2020-05-05T05:00:00Z,39.36670162725,46.823202980054575
2020-05-05T06:00:00Z,39.74471414275,46.823202980054575
2020-05-05T07:00:00Z,40.25467022375,46.823202980054575
2020-05-05T08:00:00Z,38.87870878225,53.22206626445684
2020-05-05T09:00:00Z,38.8573115395,65.21704551168314
2020-05-05T10:00:00Z,38.9205510825,73.71503859433072
2020-05-05T11:00:00Z,38.356349617,79.84422676182885
2020-05-05T12:00:00Z,39.134593658,82.84908662858912
2020-05-05T13:00:00Z,41.04462305275,83.6943109867965
2020-05-05T14:00:00Z,40.75318262125,85.19429023623583
2020-05-05T15:00:00Z,42.91049326825,85.55790277509492
2020-05-05T16:00:00Z,44.3941614465,84.7458236154854
2020-05-05T17:00:00Z,41.93769061175,84.87342474168602
2020-05-05T18:00:00Z,44.93448631925,72.24849332010665
2020-05-05T19:00:00Z,49.53236045975,59.962206428264466
2020-05-05T20:00:00Z,48.031116990499996,49.255511430453446
2020-05-05T21:00:00Z,44.545295038999996,48.20414031055458
2020-05-05T22:00:00Z,45.46677348725,48.20414031055458
2020-05-05T23:00:00Z,44.741119888,5.391995383069559
2020-05-06T00:00:00Z,43.109568969,5.391995383069559
2020-05-06T01:00:00Z,41.32770225825,5.391995383069559
2020-05-06T02:00:00Z,40.91910443725,5.391995383069559
2020-05-06T03:00:00Z,41.535047081,5.391995383069559
2020-05-06T04:00:00Z,41.187452949749996,26.107599181562065
2020-05-06T05:00:00Z,37.89414705475,46.823202980054575
2020-05-06T06:00:00Z,38.262644164250005,46.823202980054575
2020-05-06T07:00:00Z,38.0181386635,46.823202980054575
2020-05-06T08:00:00Z,39.20546707,57.38290676206064
2020-05-06T09:00:00Z,38.949320355750004,71.96011714660587
2020-05-06T10:00:00Z,38.883181897,81.95537664245768
2020-05-06T11:00:00Z,38.738042018499996,88.59974152271096
2020-05-06T12:00:00Z,37.95183873,94.28687229044453
2020-05-06T13:00:00Z,39.9916193335,99.06768617764004
2020-05-06T14:00:00Z,39.788596768,95.99912959247762
2020-05-06T15:00:00Z,38.96026540025,94.63369747819942
2020-05-06T16:00:00Z,40.60029561425,96.47331769866834
2020-05-06T17:00:00Z,33.60468595325,96.14808514633215
2020-05-06T18:00:00Z,43.2566365395,86.94867460618129
2020-05-06T19:00:00Z,55.3413014765,79.59656988675651
2020-05-06T20:00:00Z,52.83045651125,70.7364524509371
2020-05-06T21:00:00Z,53.049145592500004,68.19284293727733
2020-05-06T22:00:00Z,54.785186705,68.63848766628726
2020-05-06T23:00:00Z,58.65873322575,9.797911076045958
2020-05-07T00:00:00Z,61.2738676325,9.402232006791147
2020-05-07T01:00:00Z,61.071301889,9.552076021619635
2020-05-07T02:00:00Z,59.892083661499996,9.96941872423304
2020-05-07T03:00:00Z,46.2087850465,9.736728227432502
2020-05-07T04:00:00Z,44.7223726305,33.708083179917544
2020-05-07T05:00:00Z,42.267179375750004,58.09035825160276
2020-05-07T06:00:00Z,41.83587537275,56.25343849650535
2020-05-07T07:00:00Z,41.77624074325,62.96980161369858
2020-05-07T08:00:00Z,41.397325308,75.45783559660147
2020-05-07T09:00:00Z,41.63040285325,83.23673825141016
2020-05-07T10:00:00Z,40.9937531945,88.27424418330213
2020-05-07T11:00:00Z,39.881648763,90.73406854784875
2020-05-07T12:00:00Z,41.113613620500004,92.1968210600319
2020-05-07T13:00:00Z,42.85971777625,91.61003100280617
2020-05-07T14:00:00Z,43.583307628,89.85418807814658
2020-05-07T15:00:00Z,53.475762423000006,90.4283900923371
2020-05-07T16:00:00Z,49.65768204025,88.58968441790863
2020-05-07T17:00:00Z,59.83632660325,89.28698022254895
2020-05-07T18:00:00Z,62.360669322,78.4290845280415
2020-05-07T19:00:00Z,63.51656875425,72.74439940612012
2020-05-07T20:00:00Z,64.05386158025,70.80933940309009
2020-05-07T21:00:00Z,63.253618393500005,69.58822707284251
2020-05-07T22:00:00Z,64.864312434,67.79269058756952
2020-05-07T23:00:00Z,63.66479343875,11.19858056515748
2020-05-08T00:00:00Z,62.055172364,10.627924587917326
2020-05-08T01:00:00Z,62.8365548075,10.309362307593005
2020-05-08T02:00:00Z,55.821191744000004,10.007582927458335
2020-05-08T03:00:00Z,43.00455609625,9.889570160509829
2020-05-08T04:00:00Z,48.3083972925,37.72813015674149
2020-05-08T05:00:00Z,43.628609987000004,65.16876198107464
2020-05-08T06:00:00Z,41.037091907000004,66.75165133816431
2020-05-08T07:00:00Z,41.64762729075,68.80501818575051
2020-05-08T08:00:00Z,40.917296506,82.19417721829116
2020-05-08T09:00:00Z,41.2027747205,87.89650696530322
2020-05-08T10:00:00Z,41.140678264,85.03570762148416
2020-05-08T11:00:00Z,40.5082182175,86.54944836342881
2020-05-08T12:00:00Z,42.3722957695,90.51407154260737
2020-05-08T13:00:00Z,42.732915059,94.57444446078019
2020-05-08T14:00:00Z,43.433904201,88.55883207518485
2020-05-08T15:00:00Z,42.41323706675,82.36284580100342
2020-05-08T16:00:00Z,53.0672167965,74.20148988671917
2020-05-08T17:00:00Z,59.52687090725,65.00088497290005
2020-05-08T18:00:00Z,61.26090619375,54.37954107250728
2020-05-08T19:00:00Z,64.28798195425,47.651819506404536
2020-05-08T20:00:00Z,66.64431091975,36.33098136484076
2020-05-08T21:00:00Z,62.680200449750004,35.33835132142358
2020-05-08T22:00:00Z,64.34475880725,35.33835132142358
2020-05-08T23:00:00Z,64.818223166,5.391995383069559
2020-05-09T00:00:00Z,64.35492400049999,7.218022211044552
2020-05-09T01:00:00Z,44.318390562,7.218022211044552
2020-05-09T02:00:00Z,44.410505031250004,7.218022211044552
2020-05-09T03:00:00Z,42.23388962175,7.218022211044552
2020-05-09T04:00:00Z,40.31226910025,7.218022211044552
2020-05-09T05:00:00Z,39.96228692575,7.218022211044552
2020-05-09T06:00:00Z,39.50400860925,7.218022211044552
2020-05-09T07:00:00Z,35.101720662000005,7.218022211044552
2020-05-09T08:00:00Z,33.2683872855,7.218022211044552
2020-05-09T09:00:00Z,34.387954745749994,8.190163860343265
2020-05-09T10:00:00Z,33.70284345425,10.18693570582212
2020-05-09T11:00:00Z,34.868456068,11.074692169497684
2020-05-09T12:00:00Z,33.686208714,12.00892943185589
2020-05-09T13:00:00Z,33.81215511875,13.499101742982985
2020-05-09T14:00:00Z,33.660576607,13.47442221258274
2020-05-09T15:00:00Z,35.4109640985,11.987592869092135
2020-05-09T16:00:00Z,34.192973326,11.085690212545883
2020-05-09T17:00:00Z,32.96876038975,8.47397738765898
2020-05-09T18:00:00Z,33.34342323875,7.218022211044552
2020-05-09T19:00:00Z,35.2460008865,7.218022211044552
2020-05-09T20:00:00Z,34.115040414,7.218022211044552
2020-05-09T21:00:00Z,34.58712863525,7.218022211044552
2020-05-09T22:00:00Z,33.3959832625,7.218022211044552
2020-05-09T23:00:00Z,34.559098379000005,7.218022211044552
2020-05-10T00:00:00Z,34.573616684499996,7.218022211044552
2020-05-10T01:00:00Z,33.6327998435,7.218022211044552
2020-05-10T02:00:00Z,33.38230582275,7.218022211044552
2020-05-10T03:00:00Z,32.0734439175,7.218022211044552
2020-05-10T04:00:00Z,34.93162901025,7.218022211044552
2020-05-10T05:00:00Z,33.3460805005,7.218022211044552
2020-05-10T06:00:00Z,37.04539706925,7.218022211044552
2020-05-10T07:00:00Z,38.208477819,7.218022211044552
2020-05-10T08:00:00Z,38.17203933625,7.218022211044552
2020-05-10T09:00:00Z,37.36105630025,7.218022211044552
2020-05-10T10:00:00Z,36.493317832,7.218022211044552
2020-05-10T11:00:00Z,36.2004743865,7.218022211044552
2020-05-10T12:00:00Z,36.148637666,7.764231832463241
2020-05-10T13:00:00Z,34.285050975,8.904009410184107
2020-05-10T14:00:00Z,36.46725812075,9.956878705027966
2020-05-10T15:00:00Z,34.799104334249996,10.267515753473166
2020-05-10T16:00:00Z,31.37377134075,9.341743482223354
2020-05-10T17:00:00Z,32.458854605,7.519980856241652
2020-05-10T18:00:00Z,33.072567566749996,7.218022211044552
2020-05-10T19:00:00Z,34.723665377,7.218022211044552
2020-05-10T20:00:00Z,34.3775967055,7.218022211044552
2020-05-10T21:00:00Z,32.79866649825,7.218022211044552
2020-05-10T22:00:00Z,34.29235529575,7.218022211044552
2020-05-10T23:00:00Z,34.7624037055,7.218022211044552
2020-05-11T00:00:00Z,35.59813304225,5.391995383069559
2020-05-11T01:00:00Z,34.99306770625,5.391995383069559
2020-05-11T02:00:00Z,36.98769772725,5.391995383069559
2020-05-11T03:00:00Z,37.945542451,5.391995383069559
2020-05-11T04:00:00Z,36.375089889250006,26.107599181562065
2020-05-11T05:00:00Z,37.6437450155,46.823202980054575
2020-05-11T06:00:00Z,38.103332610500004,46.823202980054575
2020-05-11T07:00:00Z,37.17358334625,46.81276940888223
2020-05-11T08:00:00Z,36.8100900325,54.57754649062097
2020-05-11T09:00:00Z,37.68413250575,65.0878178151501
2020-05-11T10:00:00Z,38.118497611500004,75.69218178048462
2020-05-11T11:00:00Z,38.522713947750006,76.60811122625881
2020-05-11T12:00:00Z,38.676893135,67.86386646586173
2020-05-11T13:00:00Z,40.97222078025,59.35697196356717
2020-05-11T14:00:00Z,42.4980891785,53.15855904183406
2020-05-11T15:00:00Z,49.41564459200001,52.68131239461707
2020-05-11T16:00:00Z,41.45647006275,53.82269347567247
2020-05-11T17:00:00Z,39.88812998125,54.26588894687625
2020-05-11T18:00:00Z,34.63757429975,48.73635767488875
2020-05-11T19:00:00Z,37.32244040825,48.20414031055457
2020-05-11T20:00:00Z,36.3097436785,48.20414031055457
2020-05-11T21:00:00Z,39.166591338749996,48.20414031055457
2020-05-11T22:00:00Z,41.11281842975,48.20414031055457
2020-05-11T23:00:00Z,34.97298359,5.391995383069559
2020-05-12T00:00:00Z,35.1646297015,5.391995383069559
2020-05-12T01:00:00Z,36.1053673955,5.391995383069559
2020-05-12T02:00:00Z,24.0240368025,5.391995383069559
2020-05-12T03:00:00Z,27.38242454375,5.391995383069559
2020-05-12T04:00:00Z,26.727771865,26.107599181562065
2020-05-12T05:00:00Z,34.77413528525,46.823202980054575
2020-05-12T06:00:00Z,35.194631036,46.823202980054575
2020-05-12T07:00:00Z,31.652626599999998,46.823202980054575
2020-05-12T08:00:00Z,34.945039653,52.68131239461707
2020-05-12T09:00:00Z,35.330281886,52.68131239461707
2020-05-12T10:00:00Z,33.81010743225,52.68131239461707
2020-05-12T11:00:00Z,34.322369015250004,56.240324373166295
2020-05-12T12:00:00Z,38.713853961750004,58.161164812632
2020-05-12T13:00:00Z,40.8068102595,57.126160676613615
2020-05-12T14:00:00Z,38.121196145249996,62.095457678821205
2020-05-12T15:00:00Z,38.26050504875,62.46245480707399
2020-05-12T16:00:00Z,32.643176429250005,59.782795272113674
2020-05-12T17:00:00Z,31.304350447750004,60.66972637839445
2020-05-12T18:00:00Z,36.868197407500006,54.07640806302035
2020-05-12T19:00:00Z,35.6102492355,48.44892227399855
2020-05-12T20:00:00Z,36.132804037,48.20414031055458
2020-05-12T21:00:00Z,31.071706005000003,48.20414031055458
2020-05-12T22:00:00Z,31.771048874,48.20414031055458
2020-05-12T23:00:00Z,32.16094385375,5.391995383069559
2020-05-13T00:00:00Z,32.79876010525,5.391995383069559
2020-05-13T01:00:00Z,35.09148789475,5.391995383069559
2020-05-13T02:00:00Z,33.9056781875,5.391995383069559
2020-05-13T03:00:00Z,37.36854061625,5.391995383069559
2020-05-13T04:00:00Z,38.55901043925,26.107599181562065
2020-05-13T05:00:00Z,36.82197353175,46.823202980054575
2020-05-13T06:00:00Z,36.89663143375,46.823202980054575
2020-05-13T07:00:00Z,37.541334229499995,46.823202980054575
2020-05-13T08:00:00Z,36.697885785,53.11846762471646
2020-05-13T09:00:00Z,38.3248211185,58.24774129532448
2020-05-13T10:00:00Z,37.75426181625,61.38638252715031
2020-05-13T11:00:00Z,39.1557580545,65.3301612318948
2020-05-13T12:00:00Z,39.09258693675,65.03523154874038
2020-05-13T13:00:00Z,39.6691420975,65.61099108867606
2020-05-13T14:00:00Z,44.16083642925,64.67321471042773
2020-05-13T15:00:00Z,48.26102146275,62.073351997983515
2020-05-13T16:00:00Z,40.705565183000004,59.949565889127115
2020-05-13T17:00:00Z,37.48037421925,58.71599391292208
2020-05-13T18:00:00Z,38.78979141875,51.617721599666545
2020-05-13T19:00:00Z,36.9651067805,48.20414031055458
2020-05-13T20:00:00Z,37.3788060205,48.20414031055458
2020-05-13T21:00:00Z,31.50374067125,48.20414031055458
2020-05-13T22:00:00Z,27.12386917925,48.20414031055458
2020-05-13T23:00:00Z,20.03073595975,5.391995383069559
2020-05-14T00:00:00Z,30.259001059,5.391995383069559
2020-05-14T01:00:00Z,30.055693323,5.391995383069559
2020-05-14T02:00:00Z,33.06394204225,5.391995383069559
2020-05-14T03:00:00Z,36.39282453825,5.391995383069559
2020-05-14T04:00:00Z,38.315296283,26.107599181562065
2020-05-14T05:00:00Z,37.7053429915,46.823202980054575
2020-05-14T06:00:00Z,37.39736091225,46.823202980054575
2020-05-14T07:00:00Z,38.17257673475,46.823202980054575
2020-05-14T08:00:00Z,38.32410587125,56.712851232977926
2020-05-14T09:00:00Z,37.654628525,65.3381471060465
2020-05-14T10:00:00Z,38.592837188749996,65.35533658226625
2020-05-14T11:00:00Z,38.20191922275,61.73963463663235
2020-05-14T12:00:00Z,39.513986296,65.70158634973407
2020-05-14T13:00:00Z,41.8913263015,64.40220850236699
2020-05-14T14:00:00Z,41.12074829775,60.46675938563728
2020-05-14T15:00:00Z,39.341496452,58.16645836627313
2020-05-14T16:00:00Z,39.8943373895,54.21175094418318
2020-05-14T17:00:00Z,38.67896728325,50.09056695341452
2020-05-14T18:00:00Z,41.92177734575,43.67662369056798
2020-05-14T19:00:00Z,40.450475881500005,43.67662369056798
2020-05-14T20:00:00Z,39.10358131175,43.676623690567986
2020-05-14T21:00:00Z,38.8555305275,43.676623690567986
2020-05-14T22:00:00Z,39.4686638345,43.676623690567986
2020-05-14T23:00:00Z,35.843932109,5.391995383069559
2020-05-15T00:00:00Z,39.302384369,5.391995383069559
2020-05-15T01:00:00Z,39.081877352250004,5.391995383069559
2020-05-15T02:00:00Z,39.27753947875,5.391995383069559
2020-05-15T03:00:00Z,40.005976151,5.391995383069559
2020-05-15T04:00:00Z,38.2665019615,26.107599181562065
2020-05-15T05:00:00Z,37.607751183000005,46.823202980054575
2020-05-15T06:00:00Z,36.88998448375,46.823202980054575
2020-05-15T07:00:00Z,38.40695175925,46.823202980054575
2020-05-15T08:00:00Z,38.2231241675,53.433338903051464
2020-05-15T09:00:00Z,38.54426731825,64.7583882136495
2020-05-15T10:00:00Z,38.61782297675,71.6407846506415
2020-05-15T11:00:00Z,38.69262622875,75.71887696594605
2020-05-15T12:00:00Z,38.96490191475,78.73257292243844
2020-05-15T13:00:00Z,38.960652484,79.91926259885493
2020-05-15T14:00:00Z,42.93995831775,81.68591160880572
2020-05-15T15:00:00Z,46.153352211750004,78.69759268876014
2020-05-15T16:00:00Z,39.50759414025,77.53095203228764
2020-05-15T17:00:00Z,38.81783705275,76.00676385330253
2020-05-15T18:00:00Z,39.09358173375,65.51338668477007
2020-05-15T19:00:00Z,42.69487512975,55.64081682591428
2020-05-15T20:00:00Z,39.674782463,47.86044493022728
2020-05-15T21:00:00Z,42.419112430750005,44.872592395113955
2020-05-15T22:00:00Z,44.064843465,43.7338752716411
2020-05-15T23:00:00Z,52.9811977485,5.391995383069559
2020-05-16T00:00:00Z,53.38486098425,7.218022211044552
2020-05-16T01:00:00Z,49.47096670175,7.218022211044552
2020-05-16T02:00:00Z,41.417276874500004,7.218022211044552
2020-05-16T03:00:00Z,39.31388635375,7.218022211044552
2020-05-16T04:00:00Z,40.107059105,7.218022211044552
2020-05-16T05:00:00Z,40.4786165215,7.218022211044552
2020-05-16T06:00:00Z,40.459591756,7.218022211044552
2020-05-16T07:00:00Z,35.3810352115,7.218022211044552
2020-05-16T08:00:00Z,33.52728081825,8.35486061096986
2020-05-16T09:00:00Z,32.4058350975,11.270779022727638
2020-05-16T10:00:00Z,34.6893236175,13.294452817609844
2020-05-16T11:00:00Z,34.109266322500005,13.987711225123803
2020-05-16T12:00:00Z,33.95563093975,14.47536574064735
2020-05-16T13:00:00Z,34.420339285,14.862061732720244
2020-05-16T14:00:00Z,34.2202109215,15.114778882347622
2020-05-16T15:00:00Z,34.7152775595,14.9441250303124
2020-05-16T16:00:00Z,35.180136721,14.379930867062711
2020-05-16T17:00:00Z,34.0209615375,13.200561623576291
2020-05-16T18:00:00Z,32.769205084,10.353416052958067
2020-05-16T19:00:00Z,33.1704792615,8.895665302612613
2020-05-16T20:00:00Z,29.34074099725,9.41089324534038
2020-05-16T21:00:00Z,30.7751427985,9.47817530304099
2020-05-16T22:00:00Z,36.56976627,8.853015371077035
2020-05-16T23:00:00Z,31.573069515,9.109325987875918
2020-05-17T00:00:00Z,30.700688284,9.254808709433354
2020-05-17T01:00:00Z,34.134723912249996,8.991008313244004
2020-05-17T02:00:00Z,36.418389833,9.032611445665426
2020-05-17T03:00:00Z,34.119804643500004,9.14758091949254
2020-05-17T04:00:00Z,33.174298619750004,8.881100757102804
2020-05-17T05:00:00Z,33.655534498250006,7.769451705751772
2020-05-17T06:00:00Z,36.90514008225,7.218022211044552
2020-05-17T07:00:00Z,38.421518973,7.218022211044552
2020-05-17T08:00:00Z,34.3570724875,7.218022211044552
2020-05-17T09:00:00Z,35.42615837825,7.52121952051448
2020-05-17T10:00:00Z,32.77332150325,11.372607774890255
2020-05-17T11:00:00Z,33.85500805775,14.537203573249682
2020-05-17T12:00:00Z,35.23627463425,14.535117505631217
2020-05-17T13:00:00Z,37.688950227,13.658071503868937
2020-05-17T14:00:00Z,34.963621017,12.830418929955849
2020-05-17T15:00:00Z,36.64439364374999,13.874590413892985
2020-05-17T16:00:00Z,38.15429217875,14.682807066152217
2020-05-17T17:00:00Z,36.65238861175,13.317438828417663
2020-05-17T18:00:00Z,34.87669538475,9.909196720724063
2020-05-17T19:00:00Z,37.24470639525,7.456119955882108
2020-05-17T20:00:00Z,34.30719387925,7.218022211044552
2020-05-17T21:00:00Z,27.893336077,7.218022211044552
2020-05-17T22:00:00Z,30.839305749749997,7.218022211044552
2020-05-17T23:00:00Z,27.421463996,7.218022211044552
2020-05-18T00:00:00Z,10.9144096355,5.391995383069559
2020-05-18T01:00:00Z,10.25890392425,5.391995383069559
2020-05-18T02:00:00Z,25.488029953999998,5.391995383069559
2020-05-18T03:00:00Z,34.160319484750005,5.391995383069559
2020-05-18T04:00:00Z,31.67120694425,26.107599181562065
2020-05-18T05:00:00Z,34.723868878,46.71160026675088
2020-05-18T06:00:00Z,33.48270185375,45.69578560145605
2020-05-18T07:00:00Z,33.96226101725,44.16319594659746
2020-05-18T08:00:00Z,32.25580857475,52.68131239461707
2020-05-18T09:00:00Z,33.38764721225,53.012287083685834
2020-05-18T10:00:00Z,35.9230605245,59.71708952483152
2020-05-18T11:00:00Z,32.5628995855,64.28396520230466
2020-05-18T12:00:00Z,34.27487143775,67.36813485499253
2020-05-18T13:00:00Z,36.01557121675,69.02856910425342
2020-05-18T14:00:00Z,40.80131191975,69.0656387917578
2020-05-18T15:00:00Z,43.275099294,68.45296626344818
2020-05-18T16:00:00Z,34.246358424250005,68.05624408884952
2020-05-18T17:00:00Z,32.0265407515,66.24802522587062
2020-05-18T18:00:00Z,35.12723281625,57.85067983347487
2020-05-18T19:00:00Z,35.050577264,50.063193968111406
2020-05-18T20:00:00Z,33.44282619425,48.20414031055457
2020-05-18T21:00:00Z,22.9117723075,48.20414031055457
2020-05-18T22:00:00Z,26.53990872625,48.20414031055457
2020-05-18T23:00:00Z,31.562053190749996,5.391995383069559
2020-05-19T00:00:00Z,32.5736989755,5.391995383069559
2020-05-19T01:00:00Z,33.974801007749996,5.391995383069559
2020-05-19T02:00:00Z,36.24549587600001,5.391995383069559
2020-05-19T03:00:00Z,38.691757457250006,5.391995383069559
2020-05-19T04:00:00Z,40.11223766925,26.107599181562065
2020-05-19T05:00:00Z,38.411760538500005,46.823202980054575
2020-05-19T06:00:00Z,39.25947336125,46.823202980054575
2020-05-19T07:00:00Z,39.8649441685,46.823202980054575
2020-05-19T08:00:00Z,40.049550058,52.68131239461707
2020-05-19T09:00:00Z,39.9478485065,55.055464710037974
2020-05-19T10:00:00Z,38.75671276825,62.988748589256105
2020-05-19T11:00:00Z,39.5748807325,67.07507015474545
2020-05-19T12:00:00Z,40.575659983,66.91583865481414
2020-05-19T13:00:00Z,42.0151453415,68.55199781581935
2020-05-19T14:00:00Z,45.22194769825,71.08235016825293
2020-05-19T15:00:00Z,48.184500199249996,72.91738197052958
2020-05-19T16:00:00Z,48.46816386525,73.4330789969143
2020-05-19T17:00:00Z,46.683145208250004,72.6855085967799
2020-05-19T18:00:00Z,41.4636358175,63.8781377722393
2020-05-19T19:00:00Z,36.77457090725,54.11026501504105
2020-05-19T20:00:00Z,30.855709509249998,48.20414031055458
2020-05-19T21:00:00Z,34.625492163749996,48.20414031055458
2020-05-19T22:00:00Z,30.01049230125,48.20414031055458
2020-05-19T23:00:00Z,34.3281850305,5.391995383069559
2020-05-20T00:00:00Z,37.0172801385,5.391995383069559
2020-05-20T01:00:00Z,35.4278272135,5.391995383069559
2020-05-20T02:00:00Z,37.661376273500004,5.391995383069559
2020-05-20T03:00:00Z,38.5350384595,5.391995383069559
2020-05-20T04:00:00Z,39.580816608250004,26.107599181562065
2020-05-20T05:00:00Z,38.55271571475,46.823202980054575
2020-05-20T06:00:00Z,39.98096719575,46.823202980054575
2020-05-20T07:00:00Z,38.3795108285,46.823202980054575
2020-05-20T08:00:00Z,38.3329955,53.11468990450188
2020-05-20T09:00:00Z,37.802361876,58.34860858943309
2020-05-20T10:00:00Z,37.40025507275,65.51859816689654
2020-05-20T11:00:00Z,38.9624277005,71.49926020822663
2020-05-20T12:00:00Z,39.7276695735,77.04259691416783
2020-05-20T13:00:00Z,41.471543134,80.85161225715879
2020-05-20T14:00:00Z,40.27530722375,80.128884886809
2020-05-20T15:00:00Z,43.9508942945,78.92941489425642
2020-05-20T16:00:00Z,41.474728582,78.66870851459201
2020-05-20T17:00:00Z,41.813573707,74.53421591460587
2020-05-20T18:00:00Z,41.35170743325,66.65488569852029
2020-05-20T19:00:00Z,48.09978561325,61.47668499642145
2020-05-20T20:00:00Z,44.255410527,51.90435102639016
2020-05-20T21:00:00Z,40.35152855575,48.20414031055458
2020-05-20T22:00:00Z,41.8463904665,48.20414031055458
2020-05-20T23:00:00Z,40.008137485000006,5.391995383069559
2020-05-21T00:00:00Z,42.1931730375,5.391995383069559
2020-05-21T01:00:00Z,38.924069429250004,5.391995383069559
2020-05-21T02:00:00Z,40.73244962525,5.391995383069559
2020-05-21T03:00:00Z,42.48040481475,5.391995383069559
2020-05-21T04:00:00Z,40.729137623,26.107599181562065
2020-05-21T05:00:00Z,38.953959683250005,46.823202980054575
2020-05-21T06:00:00Z,38.190656081,46.823202980054575
2020-05-21T07:00:00Z,38.614438097749996,46.823202980054575
2020-05-21T08:00:00Z,37.2016307715,58.25917889275586
2020-05-21T09:00:00Z,36.8149701345,70.41479869298588
2020-05-21T10:00:00Z,37.19541424975,75.9644113997202
2020-05-21T11:00:00Z,38.1146914065,80.63454890198784
2020-05-21T12:00:00Z,35.546165807250006,83.68078514166582
2020-05-21T13:00:00Z,37.8233608745,83.46518260855288
2020-05-21T14:00:00Z,39.34424794325,83.12475938512938
2020-05-21T15:00:00Z,39.249082748,83.91865887442991
2020-05-21T16:00:00Z,43.005349961,85.84597327377784
2020-05-21T17:00:00Z,42.475724398,87.03983371452844
2020-05-21T18:00:00Z,41.672073040499995,78.77781273517708
2020-05-21T19:00:00Z,38.424759724750004,70.07802853505429
2020-05-21T20:00:00Z,37.05591326425,61.11688938260194
2020-05-21T21:00:00Z,38.262324783,56.938975889800645
2020-05-21T22:00:00Z,40.8125730715,52.330762688359634
2020-05-21T23:00:00Z,51.661270895,5.391995383069559
2020-05-22T00:00:00Z,54.396146359,5.391995383069559
2020-05-22T01:00:00Z,55.6074213335,5.391995383069559
2020-05-22T02:00:00Z,48.308194129,5.391995383069559
2020-05-22T03:00:00Z,41.83475664425,5.391995383069559
2020-05-22T04:00:00Z,40.44292923650001,26.107599181562065
2020-05-22T05:00:00Z,37.33024201325,46.823202980054575
2020-05-22T06:00:00Z,38.54364436625,46.823202980054575
2020-05-22T07:00:00Z,37.978037703750005,46.823202980054575
2020-05-22T08:00:00Z,37.15942397575,53.531271773656194
2020-05-22T09:00:00Z,37.19046937625,64.06362490661255
2020-05-22T10:00:00Z,36.8598140235,70.24467531183187
2020-05-22T11:00:00Z,36.6912204155,72.76565495555117
2020-05-22T12:00:00Z,37.58766208575,75.16333707678267
2020-05-22T13:00:00Z,43.71644651,79.56216898959036
2020-05-22T14:00:00Z,39.34775675975,82.51257466138458
2020-05-22T15:00:00Z,36.516915323,84.03684652332358
2020-05-22T16:00:00Z,36.63209572675,83.51354169404473
2020-05-22T17:00:00Z,40.381512112,83.31343571043175
2020-05-22T18:00:00Z,44.58894866775,77.28872238492184
2020-05-22T19:00:00Z,35.92483447225,69.27258111814669
2020-05-22T20:00:00Z,37.74095980075,60.6595149030271
2020-05-22T21:00:00Z,37.766944969,55.23917763155922
2020-05-22T22:00:00Z,50.7880778165,52.204566948417515
2020-05-22T23:00:00Z,53.354703449750005,5.391995383069559
2020-05-23T00:00:00Z,49.366765545999996,7.218022211044552
2020-05-23T01:00:00Z,53.161883221,7.218022211044552
2020-05-23T02:00:00Z,50.059120261000004,7.218022211044552
2020-05-23T03:00:00Z,40.412391770250004,7.218022211044552
2020-05-23T04:00:00Z,40.74231346975,7.218022211044552
2020-05-23T05:00:00Z,38.94767911475,7.218022211044552
2020-05-23T06:00:00Z,38.92504649125,7.218022211044552
2020-05-23T07:00:00Z,33.15134463025,7.218022211044552
2020-05-23T08:00:00Z,32.74746897275,8.966732421695797
2020-05-23T09:00:00Z,32.68773014825,13.202909188510905
2020-05-23T10:00:00Z,31.953702311,15.133681263024187
2020-05-23T11:00:00Z,31.956588349500002,15.876216473212668
2020-05-23T12:00:00Z,32.5236500445,16.741998968811313
2020-05-23T13:00:00Z,33.27752270725,16.667561657207603
2020-05-23T14:00:00Z,32.4389414145,16.072785167585316
2020-05-23T15:00:00Z,31.717330711000002,16.403397336123806
2020-05-23T16:00:00Z,31.929232234500002,16.239843322885022
2020-05-23T17:00:00Z,32.96084041525,16.13515754945571
2020-05-23T18:00:00Z,33.40740816375,15.504457952003342
2020-05-23T19:00:00Z,40.8424784315,13.154606285829617
2020-05-23T20:00:00Z,43.7699771195,9.206081415169477
2020-05-23T21:00:00Z,42.742686098250005,7.218022211044552
2020-05-23T22:00:00Z,44.42363586525,7.218022211044552
2020-05-23T23:00:00Z,44.43043459975,7.218022211044552
2020-05-24T00:00:00Z,45.8123047365,7.218022211044552
2020-05-24T01:00:00Z,46.0944679275,7.218022211044552
2020-05-24T02:00:00Z,37.06459763975,7.218022211044552
2020-05-24T03:00:00Z,32.55740688675,7.218022211044552
2020-05-24T04:00:00Z,33.1916400195,7.218022211044552
2020-05-24T05:00:00Z,32.87576255025,7.218022211044552
2020-05-24T06:00:00Z,37.32613844725,7.218022211044552
2020-05-24T07:00:00Z,38.376379173000004,7.631883055332297
2020-05-24T08:00:00Z,37.24609467925,11.065942162574231
2020-05-24T09:00:00Z,38.3470310675,14.967083209855689
2020-05-24T10:00:00Z,37.296824785750005,17.397646231654477
2020-05-24T11:00:00Z,38.37737443625,18.856688922392937
2020-05-24T12:00:00Z,37.7513200405,19.978965812302118
2020-05-24T13:00:00Z,38.532172628249995,20.270055246604347
2020-05-24T14:00:00Z,37.586568524,19.997947816770534
2020-05-24T15:00:00Z,37.800222395,19.813942853406793
2020-05-24T16:00:00Z,38.82467692625,19.37098230162579
2020-05-24T17:00:00Z,48.45268604625,19.179737783732758
2020-05-24T18:00:00Z,54.05895550675,18.782518043900673
2020-05-24T19:00:00Z,54.912482035,17.55815243583166
2020-05-24T20:00:00Z,54.72224204375,16.801394080195074
2020-05-24T21:00:00Z,54.57163556175,16.514419124282252
2020-05-24T22:00:00Z,56.81792504475,16.315325954708626
2020-05-24T23:00:00Z,57.575256982,14.73753318092771
2020-05-25T00:00:00Z,58.365406658,11.894820484514419
2020-05-25T01:00:00Z,58.662254223999994,12.074046280923724
2020-05-25T02:00:00Z,58.494369868,12.294564821946762
2020-05-25T03:00:00Z,47.71010256875,12.457640996635192
2020-05-25T04:00:00Z,54.2771811135,41.732381423534605
2020-05-25T05:00:00Z,53.74082147525,71.76531652755091
2020-05-25T06:00:00Z,42.42449033675,71.11444633593361
2020-05-25T07:00:00Z,40.85713578075,73.10346192374517
2020-05-25T08:00:00Z,41.44344879025,86.03629093217782
2020-05-25T09:00:00Z,48.73794655725,91.90262384454512
2020-05-25T10:00:00Z,49.764825135500004,99.01270906330238
2020-05-25T11:00:00Z,49.842167465749995,105.98311300308698
2020-05-25T12:00:00Z,46.59124333325,110.99372468670293
2020-05-25T13:00:00Z,39.899935183749996,115.59692042762148
2020-05-25T14:00:00Z,46.215982294,111.77211956111479
2020-05-25T15:00:00Z,53.95302154825,106.30380949318867
2020-05-25T16:00:00Z,54.86777215275001,106.9594938869816
2020-05-25T17:00:00Z,57.55701857075,104.86442971153843
2020-05-25T18:00:00Z,60.97666283775,92.75470608763901
2020-05-25T19:00:00Z,60.622387138,77.52649872190598
2020-05-25T20:00:00Z,59.67047012275,69.51879406876088
2020-05-25T21:00:00Z,60.8910402275,69.31991544401282
2020-05-25T22:00:00Z,61.66956624675,68.41263421537995
2020-05-25T23:00:00Z,63.596944349249995,14.481884099665567
2020-05-26T00:00:00Z,63.347847764,14.446440126021182
2020-05-26T01:00:00Z,64.5639430195,14.708399716940495
2020-05-26T02:00:00Z,62.70801849525,14.725281281651151
2020-05-26T03:00:00Z,48.35502220075,14.237380361568116
2020-05-26T04:00:00Z,44.02281149125,44.821167706305744
2020-05-26T05:00:00Z,46.77436707425,78.12193012327123
2020-05-26T06:00:00Z,41.8535417395,79.46085921280424
2020-05-26T07:00:00Z,46.626493043500005,78.8218339545987
2020-05-26T08:00:00Z,52.45842109425,83.16355696601977
2020-05-26T09:00:00Z,58.10040725,92.17580989824609
2020-05-26T10:00:00Z,42.011932215499996,98.2588080235674
2020-05-26T11:00:00Z,42.876877953000005,98.86106778777749
2020-05-26T12:00:00Z,47.7405008545,92.56663562453136
2020-05-26T13:00:00Z,57.60992589575,94.12480900373002
2020-05-26T14:00:00Z,65.90142983025,95.00812106524282
2020-05-26T15:00:00Z,64.82536368675,77.21614054428093
2020-05-26T16:00:00Z,63.8484924265,37.56715351168806
2020-05-26T17:00:00Z,61.489434613,37.00245467518854
2020-05-26T18:00:00Z,49.99201370575,32.19602549893779
2020-05-26T19:00:00Z,71.57165800224999,30.240020391055616
2020-05-26T20:00:00Z,57.7356569015,27.419154255663884
2020-05-26T21:00:00Z,68.71211387125001,25.521029750434764
2020-05-26T22:00:00Z,70.529278914,23.92158747026548
2020-05-26T23:00:00Z,72.09527853125,17.63271397622963
2020-05-27T00:00:00Z,70.632358229,17.598349127132785
2020-05-27T01:00:00Z,69.42424575725,17.415121881387503
2020-05-27T02:00:00Z,68.839524657,16.63063818095532
2020-05-27T03:00:00Z,66.534729216,15.738359350176841
2020-05-27T04:00:00Z,65.36114054975,48.0795721971723
2020-05-27T05:00:00Z,66.453847738,72.28878127081772
2020-05-27T06:00:00Z,64.81585583025,68.96632563910232
2020-05-27T07:00:00Z,64.06283030450001,69.2024191390607
2020-05-27T08:00:00Z,64.44379661525001,79.34135843250303
2020-05-27T09:00:00Z,62.84360239,44.30643508804503
2020-05-27T10:00:00Z,61.825443408,33.20659862670662
2020-05-27T11:00:00Z,60.47521298575,34.07758040986224
2020-05-27T12:00:00Z,53.0874962955,34.7568456713101
2020-05-27T13:00:00Z,52.02793770375,34.280108640797586
2020-05-27T14:00:00Z,49.87130213575,33.678636897034664
2020-05-27T15:00:00Z,66.5361629795,32.976260793828125
2020-05-27T16:00:00Z,64.76985245875,33.64755207364957
2020-05-27T17:00:00Z,66.17149419075,33.13854581547142
2020-05-27T18:00:00Z,66.10170015175,25.733559714550914
2020-05-27T19:00:00Z,67.52613677175,21.975581648666946
2020-05-27T20:00:00Z,66.03166593575,15.648808833898482
2020-05-27T21:00:00Z,62.81323351575,10.574225841707484
2020-05-27T22:00:00Z,62.6797081235,8.66220122811167
2020-05-27T23:00:00Z,65.181309054,5.391995383069559
2020-05-28T00:00:00Z,66.39130266625,5.391995383069559
2020-05-28T01:00:00Z,64.74891966575001,5.391995383069559
2020-05-28T02:00:00Z,58.97220255025,5.391995383069559
2020-05-28T03:00:00Z,44.734665712500004,5.391995383069559
2020-05-28T04:00:00Z,44.00284042125,26.107599181562065
2020-05-28T05:00:00Z,41.98942691475,46.823202980054575
2020-05-28T06:00:00Z,40.40083567325,46.823202980054575
2020-05-28T07:00:00Z,41.99423961825,46.823202980054575
2020-05-28T08:00:00Z,40.458740607500005,60.311824961262666
2020-05-28T09:00:00Z,40.3397920605,73.6273116555231
2020-05-28T10:00:00Z,38.8655831445,77.05886225388703
2020-05-28T11:00:00Z,38.177967945249996,77.65510499519412
2020-05-28T12:00:00Z,39.867768472,78.1240249551681
2020-05-28T13:00:00Z,43.44494154575,77.04714732726048
2020-05-28T14:00:00Z,45.363354386,76.83052101016752
2020-05-28T15:00:00Z,46.416522508,77.88348845142733
2020-05-28T16:00:00Z,41.79940867975,77.54462763098256
2020-05-28T17:00:00Z,42.245750059500004,73.65620771289802
2020-05-28T18:00:00Z,40.38666241475,60.887592712230266
2020-05-28T19:00:00Z,43.77076529675,47.29334033272653
2020-05-28T20:00:00Z,44.34346193175,39.86586794141018
2020-05-28T21:00:00Z,38.25071773775,39.86586794141018
2020-05-28T22:00:00Z,45.33193277575,39.86586794141018
2020-05-28T23:00:00Z,55.4990440595,5.391995383069559
2020-05-29T00:00:00Z,53.303815892,5.391995383069559
2020-05-29T01:00:00Z,39.35563880125,5.391995383069559
2020-05-29T02:00:00Z,39.12622595,5.391995383069559
2020-05-29T03:00:00Z,39.8690131875,5.391995383069559
2020-05-29T04:00:00Z,38.71963293925,26.107599181562065
2020-05-29T05:00:00Z,38.71763592325,46.823202980054575
2020-05-29T06:00:00Z,38.6467879775,46.823202980054575
2020-05-29T07:00:00Z,37.7889236115,46.823202980054575
2020-05-29T08:00:00Z,37.82666055775,52.68131239461707
2020-05-29T09:00:00Z,37.597613568999996,52.68131239461707
2020-05-29T10:00:00Z,36.928780341,52.68131239461707
2020-05-29T11:00:00Z,36.35449639375,60.63666725802973
2020-05-29T12:00:00Z,38.39077790275,70.37108150616494
2020-05-29T13:00:00Z,37.2931418465,69.28521410234617
2020-05-29T14:00:00Z,40.10748843025,67.79317365712076
2020-05-29T15:00:00Z,44.500486935750004,67.49746437970427
2020-05-29T16:00:00Z,35.496800073,69.12276200176797
2020-05-29T17:00:00Z,34.44237590025,68.51320311861882
2020-05-29T18:00:00Z,35.33620609625,61.46911303985816
2020-05-29T19:00:00Z,37.4457384755,54.8159291816201
2020-05-29T20:00:00Z,34.845655368,49.89708815399951
2020-05-29T21:00:00Z,30.70409742375,48.52325082581731
2020-05-29T22:00:00Z,21.77773879575,48.04991469553477
2020-05-29T23:00:00Z,24.5579504615,6.204067809208026
2020-05-30T00:00:00Z,27.5920795965,8.433506565064555
2020-05-30T01:00:00Z,31.39175718475,8.98345511252732
2020-05-30T02:00:00Z,33.71821248725,9.434611984744608
2020-05-30T03:00:00Z,28.7290106255,9.262938711585845
2020-05-30T04:00:00Z,19.15887059825,8.985546680622823
2020-05-30T05:00:00Z,14.18108919225,9.066057278903198
2020-05-30T06:00:00Z,21.221962032249998,9.22013833635462
2020-05-30T07:00:00Z,9.88415194125,9.705076740763651
2020-05-30T08:00:00Z,14.0529226445,11.12334905262499
2020-05-30T09:00:00Z,11.67322000325,14.005961132225904
2020-05-30T10:00:00Z,28.6799613525,15.41626363998257
2020-05-30T11:00:00Z,30.6308302475,15.522007268858198
2020-05-30T12:00:00Z,30.443203297,15.326623838293607
2020-05-30T13:00:00Z,31.22225361025,12.438630416003635
2020-05-30T14:00:00Z,31.685493777250002,11.972819954113703
2020-05-30T15:00:00Z,31.524718535,12.746198827060136
2020-05-30T16:00:00Z,32.40672033,11.683982287039992
2020-05-30T17:00:00Z,34.1282292165,10.116428360672932
2020-05-30T18:00:00Z,37.266414863,8.605809553995645
2020-05-30T19:00:00Z,36.76023515775,7.307368809837513
2020-05-30T20:00:00Z,35.07794830575,7.218022211044552
2020-05-30T21:00:00Z,30.254439804249998,7.218022211044552
2020-05-30T22:00:00Z,30.23805875675,7.218022211044552
2020-05-30T23:00:00Z,31.04817740075,7.218022211044552
2020-05-31T00:00:00Z,32.26128504825,7.218022211044552
2020-05-31T01:00:00Z,31.919183708,7.218022211044552
2020-05-31T02:00:00Z,31.456247179,7.218022211044552
2020-05-31T03:00:00Z,30.421395255500002,7.218022211044552
2020-05-31T04:00:00Z,31.2444541375,7.218022211044552
2020-05-31T05:00:00Z,27.253173599500002,7.218022211044552
2020-05-31T06:00:00Z,32.930345699,7.218022211044552
2020-05-31T07:00:00Z,35.69381681925,7.218022211044552
2020-05-31T08:00:00Z,36.019403743750004,7.613502704651297
2020-05-31T09:00:00Z,36.10825295325,9.666373229688354
2020-05-31T10:00:00Z,36.02741956075,11.365195418487712
2020-05-31T11:00:00Z,36.2929504575,12.262447033454055
2020-05-31T12:00:00Z,36.7419314105,11.822964815495947
2020-05-31T13:00:00Z,37.2238992615,11.839323178495357
2020-05-31T14:00:00Z,36.02983822425,12.584143346680003
2020-05-31T15:00:00Z,35.6758889375,12.572127999888115
2020-05-31T16:00:00Z,36.176320577,11.91533089641265
2020-05-31T17:00:00Z,40.21752984575,10.923959065851967
2020-05-31T18:00:00Z,42.128843163750005,9.089977806921771
2020-05-31T19:00:00Z,36.38363103725,7.316902306273467
2020-05-31T20:00:00Z,34.282955725250005,7.218022211044552
2020-05-31T21:00:00Z,34.720458019999995,7.218022211044552
2020-05-31T22:00:00Z,35.81877360275,7.218022211044552
2020-05-31T23:00:00Z,33.604782378500005,7.218022211044552
2020-06-01T00:00:00Z,38.6801995955,5.391995383069559
2020-06-01T01:00:00Z,37.01722176925,5.391995383069559
2020-06-01T02:00:00Z,37.473454390499995,5.391995383069559
2020-06-01T03:00:00Z,37.8404448855,5.391995383069559
2020-06-01T04:00:00Z,37.943075097,26.107599181562065
2020-06-01T05:00:00Z,37.0605678945,46.373761934021026
2020-06-01T06:00:00Z,35.913550758,44.68891089132675
2020-06-01T07:00:00Z,36.59894052825,42.6048849152207
2020-06-01T08:00:00Z,35.749187512,57.98227906162827
2020-06-01T09:00:00Z,36.3700363525,66.29631737949013
2020-06-01T10:00:00Z,35.80101567225,72.27639662261728
2020-06-01T11:00:00Z,36.984919532,78.96673097601621
2020-06-01T12:00:00Z,38.2679827265,82.52836896301697
2020-06-01T13:00:00Z,39.442381851,83.81304117131216
2020-06-01T14:00:00Z,41.928430212,86.32140368125418
2020-06-01T15:00:00Z,43.178585069,85.87019634401399
2020-06-01T16:00:00Z,37.49785463525,84.72427194556259
2020-06-01T17:00:00Z,38.5324111835,82.9211999192077
2020-06-01T18:00:00Z,38.26714314825,74.30365841490715
2020-06-01T19:00:00Z,36.270956402500005,69.21759618894502
2020-06-01T20:00:00Z,36.45427387975,57.269746239031726
2020-06-01T21:00:00Z,38.51134738325,55.85163129154523
2020-06-01T22:00:00Z,44.3908155555,66.82205972655028
2020-06-01T23:00:00Z,51.7496305725,10.30872617341858
2020-06-02T00:00:00Z,52.08117954275,8.429871576822993
2020-06-02T01:00:00Z,48.668567117,7.429936979854322
2020-06-02T02:00:00Z,39.6110214845,7.619648489696069
2020-06-02T03:00:00Z,39.0426920635,8.314667156097022
2020-06-02T04:00:00Z,38.5416142375,35.27290863446884
2020-06-02T05:00:00Z,38.01008607325,63.52129258368511
2020-06-02T06:00:00Z,37.350885737249996,66.2386945192888
2020-06-02T07:00:00Z,39.49696176875,69.18830255175169
2020-06-02T08:00:00Z,39.87280095625,84.71856011307412
2020-06-02T09:00:00Z,37.85830171775,92.3694006903795
2020-06-02T10:00:00Z,37.793743738749995,99.07034967324074
2020-06-02T11:00:00Z,38.357669716749996,94.6630047914798
2020-06-02T12:00:00Z,39.025194035,94.90456776815078
2020-06-02T13:00:00Z,41.02864042825,97.09992091255447
2020-06-02T14:00:00Z,41.4396107435,99.82924046899632
2020-06-02T15:00:00Z,47.52889029825,95.15420022738367
2020-06-02T16:00:00Z,56.377531511499996,89.93237789507147
2020-06-02T17:00:00Z,58.4782653385,84.61206288101292
2020-06-02T18:00:00Z,60.67989610475,76.06981753528999
2020-06-02T19:00:00Z,59.65622382275,69.88098996504397
2020-06-02T20:00:00Z,63.27637053875,63.53385740145791
2020-06-02T21:00:00Z,64.534564279,59.91262921466691
2020-06-02T22:00:00Z,61.961872999,59.380033052413204
2020-06-02T23:00:00Z,62.51879256,15.547445068801373
2020-06-03T00:00:00Z,63.7278369565,15.207780381229991
2020-06-03T01:00:00Z,63.35614703350001,14.924976385381292
2020-06-03T02:00:00Z,62.5586457,14.442845631009083
2020-06-03T03:00:00Z,59.650389868,13.890163740748958
2020-06-03T04:00:00Z,60.578960478249996,44.88726506824553
2020-06-03T05:00:00Z,58.850907667499996,78.34305264756951
2020-06-03T06:00:00Z,57.14616819625,78.87951834408256
2020-06-03T07:00:00Z,45.0634132035,80.92540205122393
2020-06-03T08:00:00Z,43.278476617,84.22989677049485
2020-06-03T09:00:00Z,41.088470772,86.48790956012259
2020-06-03T10:00:00Z,41.29848144275,83.99598923794332
2020-06-03T11:00:00Z,41.690410472500005,86.93270727483548
2020-06-03T12:00:00Z,40.971961351750004,89.18086288768143
2020-06-03T13:00:00Z,42.637187836500004,72.4016312105333
2020-06-03T14:00:00Z,40.79741463725,35.0421273353598
2020-06-03T15:00:00Z,41.817269199500004,34.8419818240068
2020-06-03T16:00:00Z,61.130203943,34.06317934229509
2020-06-03T17:00:00Z,64.93272672325,33.12668309598936
2020-06-03T18:00:00Z,64.8257650765,27.949677168412585
2020-06-03T19:00:00Z,65.58443499275,22.630446313537227
2020-06-03T20:00:00Z,67.775376242,18.441507955058146
2020-06-03T21:00:00Z,65.75392703575,18.60076992797973
2020-06-03T22:00:00Z,66.0443822455,18.33105671066605
2020-06-03T23:00:00Z,66.02924071075,12.958796905909061
2020-06-04T00:00:00Z,65.1782691,12.794070903862169
2020-06-04T01:00:00Z,64.52965724175,12.025667950505701
2020-06-04T02:00:00Z,61.451557395250006,11.163152321840832
2020-06-04T03:00:00Z,47.39612535075,12.055582727280276
2020-06-04T04:00:00Z,44.716687296,42.08970704561916
2020-06-04T05:00:00Z,41.388940411250005,72.32541223521079
2020-06-04T06:00:00Z,39.7554811355,74.511938868508
2020-06-04T07:00:00Z,40.211970916,78.90035179621975
2020-06-04T08:00:00Z,39.78232364975,81.28352068878992
2020-06-04T09:00:00Z,39.496319611749996,55.35636846273338
2020-06-04T10:00:00Z,39.32586443475,32.0833924862996
2020-06-04T11:00:00Z,39.051868586750004,31.839335886929682
2020-06-04T12:00:00Z,39.6953610675,31.09603681644405
2020-06-04T13:00:00Z,42.172846411,30.95121394811146
2020-06-04T14:00:00Z,41.63468209625,30.27351192571082
2020-06-04T15:00:00Z,41.599769481,29.95764551553728
2020-06-04T16:00:00Z,57.083946873,30.17810989594977
2020-06-04T17:00:00Z,59.1430934965,28.197049507115185
2020-06-04T18:00:00Z,61.6394443025,19.99662176572369
2020-06-04T19:00:00Z,62.652610969,14.701399613175404
2020-06-04T20:00:00Z,62.32456971425,9.331537660888817
2020-06-04T21:00:00Z,61.9496334855,7.939394633720073
2020-06-04T22:00:00Z,64.06763094325001,7.939394633720073
2020-06-04T23:00:00Z,64.28540075975,5.391995383069559
2020-06-05T00:00:00Z,62.507849106250006,5.391995383069559
2020-06-05T01:00:00Z,60.78755159475,5.391995383069559
2020-06-05T02:00:00Z,43.05010030025,5.391995383069559
2020-06-05T03:00:00Z,39.628893398749995,5.391995383069559
2020-06-05T04:00:00Z,38.8242127635,26.107599181562065
2020-06-05T05:00:00Z,36.284649788500005,46.823202980054575
2020-06-05T06:00:00Z,32.746005749000005,46.823202980054575
2020-06-05T07:00:00Z,32.35681245925,46.823202980054575
2020-06-05T08:00:00Z,29.89074401575,52.68131239461707
2020-06-05T09:00:00Z,31.94012532725,52.68131239461707
2020-06-05T10:00:00Z,30.278110369,52.68131239461707
2020-06-05T11:00:00Z,14.93128466425,55.16761754977879
2020-06-05T12:00:00Z,11.185578065,56.64351814656526
2020-06-05T13:00:00Z,11.32954767725,59.975421966483744
2020-06-05T14:00:00Z,16.030510554750002,62.16354116201089
2020-06-05T15:00:00Z,11.1332325845,57.6790148366996
2020-06-05T16:00:00Z,10.19805613275,52.90442027475288
2020-06-05T17:00:00Z,15.000042228,52.68131239461707
2020-06-05T18:00:00Z,13.22664870125,48.20414031055457
2020-06-05T19:00:00Z,14.538411477750001,48.20414031055457
2020-06-05T20:00:00Z,13.462830306999999,48.20414031055458
2020-06-05T21:00:00Z,13.61009460625,48.20414031055458
2020-06-05T22:00:00Z,11.387887096250001,48.20414031055458
2020-06-05T23:00:00Z,10.08192846475,5.391995383069559
2020-06-06T00:00:00Z,10.33358008275,7.218022211044552
2020-06-06T01:00:00Z,11.59931306725,7.218022211044552
2020-06-06T02:00:00Z,10.542302013,7.218022211044552
2020-06-06T03:00:00Z,17.814606204249998,7.218022211044552
2020-06-06T04:00:00Z,25.57407063575,7.218022211044552
2020-06-06T05:00:00Z,21.3898752005,7.218022211044552
2020-06-06T06:00:00Z,10.05713731075,7.218022211044552
2020-06-06T07:00:00Z,16.900276325,7.218022211044552
2020-06-06T08:00:00Z,31.024053674,7.218022211044552
2020-06-06T09:00:00Z,31.133915673,7.218022211044552
2020-06-06T10:00:00Z,28.1112398955,7.878891891479526
2020-06-06T11:00:00Z,27.882966600750002,8.71698745504688
2020-06-06T12:00:00Z,30.1022423135,10.20215978973175
2020-06-06T13:00:00Z,30.3247854725,12.04333020773024
2020-06-06T14:00:00Z,29.37010354675,13.530712164914716
2020-06-06T15:00:00Z,20.5624580785,13.72298278604536
2020-06-06T16:00:00Z,22.01295365775,12.999235451993549
2020-06-06T17:00:00Z,22.91065017875,12.012753697768447
2020-06-06T18:00:00Z,13.74696271675,10.141143611720036
2020-06-06T19:00:00Z,10.727593061,7.8379516841524
2020-06-06T20:00:00Z,10.762233287499999,7.218022211044552
2020-06-06T21:00:00Z,12.501491921500001,7.218022211044552
2020-06-06T22:00:00Z,15.39391345775,7.218022211044552
2020-06-06T23:00:00Z,11.903990759,7.218022211044552
2020-06-07T00:00:00Z,12.24285729,7.218022211044552
2020-06-07T01:00:00Z,21.04073142575,7.218022211044552
2020-06-07T02:00:00Z,13.292457459,7.218022211044552
2020-06-07T03:00:00Z,13.734500483000001,7.218022211044552
2020-06-07T04:00:00Z,21.3233987915,7.218022211044552
2020-06-07T05:00:00Z,30.34382044675,7.218022211044552
2020-06-07T06:00:00Z,32.66850183175,7.218022211044552
2020-06-07T07:00:00Z,35.18570657475,7.218022211044552
2020-06-07T08:00:00Z,34.339483338499996,7.218022211044552
2020-06-07T09:00:00Z,34.10070847725,7.484727747462047
2020-06-07T10:00:00Z,36.0652212495,9.208928621536916
2020-06-07T11:00:00Z,35.120609605750005,10.502819826962137
2020-06-07T12:00:00Z,34.605454483500004,11.265684613012091
2020-06-07T13:00:00Z,34.2048421305,11.539313235333703
2020-06-07T14:00:00Z,33.94500363325,11.918420579701202
2020-06-07T15:00:00Z,35.00258288475,12.785738722208366
2020-06-07T16:00:00Z,28.59028589525,12.816971853556973
2020-06-07T17:00:00Z,20.28299261675,11.761381042888893
2020-06-07T18:00:00Z,25.993219686,10.192865821057476
2020-06-07T19:00:00Z,23.5476969915,8.282247615566941
2020-06-07T20:00:00Z,21.3316081975,7.218022211044552
2020-06-07T21:00:00Z,20.592198147250002,7.218022211044552
2020-06-07T22:00:00Z,26.42646352075,7.218022211044552
2020-06-07T23:00:00Z,30.72862591525,7.218022211044552
2020-06-08T00:00:00Z,26.40761572525,5.391995383069559
2020-06-08T01:00:00Z,30.92208606325,5.391995383069559
2020-06-08T02:00:00Z,30.370804040499998,5.391995383069559
2020-06-08T03:00:00Z,35.95786160275,5.391995383069559
2020-06-08T04:00:00Z,38.383800906750004,26.107599181562065
2020-06-08T05:00:00Z,36.37641321825,46.823202980054575
2020-06-08T06:00:00Z,36.831830564,46.72574500602182
2020-06-08T07:00:00Z,37.479018423,47.681224097120676
2020-06-08T08:00:00Z,36.566511603500004,63.385843980134574
2020-06-08T09:00:00Z,36.420625547,74.22134919735467
2020-06-08T10:00:00Z,36.93592149325,80.26760831992091
2020-06-08T11:00:00Z,35.416833835,83.79488999277434
2020-06-08T12:00:00Z,34.747994342,83.54358692058209
2020-06-08T13:00:00Z,36.623817104,82.87111477773999
2020-06-08T14:00:00Z,35.90693954525,84.89632409123644
2020-06-08T15:00:00Z,36.73749727525,87.42016313982782
2020-06-08T16:00:00Z,37.53400647275,88.9008243881868
2020-06-08T17:00:00Z,38.19800706,88.96213415443397
2020-06-08T18:00:00Z,43.76974557325,81.61526185046539
2020-06-08T19:00:00Z,45.005823635,76.79705125936876
2020-06-08T20:00:00Z,43.95739261625,70.23706186524994
2020-06-08T21:00:00Z,44.75659356425,64.98472742424516
2020-06-08T22:00:00Z,52.176058460250005,61.46146185965499
2020-06-08T23:00:00Z,56.74476030675,8.150304638612274
2020-06-09T00:00:00Z,54.93270594125,6.956987890414948
2020-06-09T01:00:00Z,56.4897369125,5.550803285726965
2020-06-09T02:00:00Z,57.03596033875,5.501172410707131
2020-06-09T03:00:00Z,43.54727448525,5.47907856442859
2020-06-09T04:00:00Z,40.217290449000004,28.425866546680094
2020-06-09T05:00:00Z,39.7410336935,50.92362866760317
2020-06-09T06:00:00Z,38.4624178855,50.60332012668483
2020-06-09T07:00:00Z,37.9770237575,52.92373889994772
2020-06-09T08:00:00Z,37.6124603115,70.35965424883896
2020-06-09T09:00:00Z,38.5454646425,82.21816390706363
2020-06-09T10:00:00Z,37.87831412625,86.88678156361536
2020-06-09T11:00:00Z,37.53636008525,91.23555361171597
2020-06-09T12:00:00Z,37.84766760775,97.40161203166433
2020-06-09T13:00:00Z,38.97008164425,102.59948590015931
2020-06-09T14:00:00Z,37.6307381805,103.69515336020378
2020-06-09T15:00:00Z,38.301571664250005,104.7041730123634
2020-06-09T16:00:00Z,41.19146691075,105.25359688841328
2020-06-09T17:00:00Z,56.87780508224999,93.47622816849436
2020-06-09T18:00:00Z,57.438641319,76.99000789461464
2020-06-09T19:00:00Z,56.320392191500005,72.04596732250235
2020-06-09T20:00:00Z,58.04206855325,68.12295804272424
2020-06-09T21:00:00Z,59.727090337750006,64.09193984859095
2020-06-09T22:00:00Z,56.624771246499996,59.15227033097205
2020-06-09T23:00:00Z,60.081371516000004,8.968311521347845
2020-06-10T00:00:00Z,60.52023656025,7.838959313911543
2020-06-10T01:00:00Z,60.448931769249995,7.699076264202189
2020-06-10T02:00:00Z,59.45730144425,7.529852982714269
2020-06-10T03:00:00Z,52.34067169725,6.947115286748414
2020-06-10T04:00:00Z,41.2423204615,31.070475690932017
2020-06-10T05:00:00Z,40.4051503655,56.80031590858527
2020-06-10T06:00:00Z,40.287407733500004,58.076541341630616
2020-06-10T07:00:00Z,39.26835703575,60.037592023844
2020-06-10T08:00:00Z,37.93965517375,76.67616159514931
2020-06-10T09:00:00Z,38.32251358825,89.46068318973921
2020-06-10T10:00:00Z,37.82239339775,89.50846039609245
2020-06-10T11:00:00Z,35.9202732545,84.24200947882575
2020-06-10T12:00:00Z,38.0015344715,87.94046235387712
2020-06-10T13:00:00Z,38.344402806,86.0274571657107
2020-06-10T14:00:00Z,38.488433772499995,83.10613613941028
2020-06-10T15:00:00Z,38.80275057925,85.17844903649541
2020-06-10T16:00:00Z,38.717405499,90.1673178360927
2020-06-10T17:00:00Z,52.5058416095,90.25978906305792
2020-06-10T18:00:00Z,55.966101381,82.07179232180259
2020-06-10T19:00:00Z,56.88351660625,75.57216962545967
2020-06-10T20:00:00Z,58.780491383,69.41953694333702
2020-06-10T21:00:00Z,57.974425911,59.4791161937717
2020-06-10T22:00:00Z,60.10004250875,51.42486302085647
2020-06-10T23:00:00Z,60.675201442,5.747773575150681
2020-06-11T00:00:00Z,61.7116821505,5.391995383069559
2020-06-11T01:00:00Z,62.482885521250005,5.391995383069559
2020-06-11T02:00:00Z,62.525193107999996,5.391995383069559
2020-06-11T03:00:00Z,48.644550101250005,5.391995383069559
2020-06-11T04:00:00Z,40.91839461325,27.352483726181312
2020-06-11T05:00:00Z,39.3911569225,53.26927492086446
2020-06-11T06:00:00Z,39.07686369375,57.52057305244388
2020-06-11T07:00:00Z,38.854262874,61.26213417067963
2020-06-11T08:00:00Z,38.1190624745,78.44672067223496
2020-06-11T09:00:00Z,36.10405706275,85.05889004539438
2020-06-11T10:00:00Z,38.560425526,83.86094721928644
2020-06-11T11:00:00Z,37.7897939125,87.516645733512
2020-06-11T12:00:00Z,36.9103204345,86.81132689683459
2020-06-11T13:00:00Z,37.9649641185,82.51957010377234
2020-06-11T14:00:00Z,37.72287585025,80.54454638037244
2020-06-11T15:00:00Z,43.205058830750005,81.4439527186592
2020-06-11T16:00:00Z,43.06099075425,85.06370928257351
2020-06-11T17:00:00Z,51.04735412475,79.06351324232257
2020-06-11T18:00:00Z,58.12714981875,63.86421663529227
2020-06-11T19:00:00Z,56.8316899215,57.63304674268489
2020-06-11T20:00:00Z,55.344272561500006,48.580662996988025
2020-06-11T21:00:00Z,56.452929934000004,43.09578338746669
2020-06-11T22:00:00Z,59.18121674575,39.918765080916764
2020-06-11T23:00:00Z,58.495346418,5.843145793720683
2020-06-12T00:00:00Z,59.23030773675,5.391995383069559
2020-06-12T01:00:00Z,58.632811401,5.391995383069559
2020-06-12T02:00:00Z,49.108222239,5.391995383069559
2020-06-12T03:00:00Z,40.3628220725,5.391995383069559
2020-06-12T04:00:00Z,39.871351349,26.107599181562065
2020-06-12T05:00:00Z,38.4443582525,46.823202980054575
2020-06-12T06:00:00Z,38.3364104255,48.43710015653256
2020-06-12T07:00:00Z,37.68780963325,53.07297792058852
2020-06-12T08:00:00Z,35.1811029115,62.870051219824454
2020-06-12T09:00:00Z,35.34412081825,65.94533039625246
2020-06-12T10:00:00Z,36.2666932625,68.6191335291719
2020-06-12T11:00:00Z,36.412374259749996,68.57301531016101
2020-06-12T12:00:00Z,36.837350036749996,63.84821991621004
2020-06-12T13:00:00Z,37.7260864035,61.83272202467655
2020-06-12T14:00:00Z,35.951486663500006,62.91802303297974
2020-06-12T15:00:00Z,35.32742341775,63.60481404654074
2020-06-12T16:00:00Z,36.77105704125,62.755614910135684
2020-06-12T17:00:00Z,34.32984031875,61.839867072156835
2020-06-12T18:00:00Z,33.3511015735,54.67383286159507
2020-06-12T19:00:00Z,31.842069019500002,47.25416333944895
2020-06-12T20:00:00Z,29.6431939895,40.5065407533658
2020-06-12T21:00:00Z,24.03510921,39.86586794141018
2020-06-12T22:00:00Z,16.342421312,39.86586794141018
2020-06-12T23:00:00Z,12.189147300750001,5.391995383069559
2020-06-13T00:00:00Z,29.83083930575,7.218022211044552
2020-06-13T01:00:00Z,29.447905314,7.218022211044552
2020-06-13T02:00:00Z,33.594772728500004,7.218022211044552
2020-06-13T03:00:00Z,35.985687185,7.218022211044552
2020-06-13T04:00:00Z,35.87418209075,7.218022211044552
2020-06-13T05:00:00Z,37.24582076875,7.218022211044552
2020-06-13T06:00:00Z,36.509048899999996,7.218022211044552
2020-06-13T07:00:00Z,31.499322633,7.218022211044552
2020-06-13T08:00:00Z,30.02405035675,7.446117341495537
2020-06-13T09:00:00Z,29.824235998,8.984283532453116
2020-06-13T10:00:00Z,26.43627288125,10.541848824496379
2020-06-13T11:00:00Z,29.98138387175,11.95614313459142
2020-06-13T12:00:00Z,31.765317204749998,12.621451735591874
2020-06-13T13:00:00Z,31.54056014675,12.819325839864817
2020-06-13T14:00:00Z,31.96315554925,13.08460690726702
2020-06-13T15:00:00Z,30.22992285025,12.938888068791643
2020-06-13T16:00:00Z,29.97406837325,12.714759373433258
2020-06-13T17:00:00Z,28.7742824575,11.943802115711579
2020-06-13T18:00:00Z,26.743299334,10.547784983691454
2020-06-13T19:00:00Z,24.36657468075,8.070088098938905
2020-06-13T20:00:00Z,15.6809117885,7.218022211044552
2020-06-13T21:00:00Z,13.02242606425,7.218022211044552
2020-06-13T22:00:00Z,15.021126074249999,7.218022211044552
2020-06-13T23:00:00Z,25.195482628,7.218022211044552
2020-06-14T00:00:00Z,30.10337330525,7.218022211044552
2020-06-14T01:00:00Z,28.37640196375,7.218022211044552
2020-06-14T02:00:00Z,29.8431822345,7.218022211044552
2020-06-14T03:00:00Z,30.53722956275,7.218022211044552
2020-06-14T04:00:00Z,31.245500245000002,7.218022211044552
2020-06-14T05:00:00Z,31.5921309055,7.218022211044552
2020-06-14T06:00:00Z,35.390925758,7.218022211044552
2020-06-14T07:00:00Z,36.2748016025,7.218022211044552
2020-06-14T08:00:00Z,36.4382023075,7.39867395090212
2020-06-14T09:00:00Z,36.225437299,9.408172675532832
2020-06-14T10:00:00Z,35.419861897000004,12.16171855690014
2020-06-14T11:00:00Z,36.348884433,13.926020482248965
2020-06-14T12:00:00Z,36.918254986,15.051576356273124
2020-06-14T13:00:00Z,37.2715812505,15.316909176997235
2020-06-14T14:00:00Z,37.09035094,14.890180237202152
2020-06-14T15:00:00Z,44.003409268249996,14.60200090759036
2020-06-14T16:00:00Z,39.42186100675,15.001042233667386
2020-06-14T17:00:00Z,37.22457225125,15.642841527410114
2020-06-14T18:00:00Z,35.93291523325,15.272613371145617
2020-06-14T19:00:00Z,35.62050446525,13.705254830158376
2020-06-14T20:00:00Z,34.14242641075,11.826501345230668
2020-06-14T21:00:00Z,35.92740121825,10.664729570184868
2020-06-14T22:00:00Z,36.467576808,9.462005060212414
2020-06-14T23:00:00Z,36.25660232375,9.396559327605578
2020-06-15T00:00:00Z,38.02212769875,7.4083629270398745
2020-06-15T01:00:00Z,39.140388206,6.785266466811509
2020-06-15T02:00:00Z,39.1685352285,5.975350061900053
2020-06-15T03:00:00Z,39.7062576165,5.738279140515907
2020-06-15T04:00:00Z,38.31992555175,28.955413401736195
2020-06-15T05:00:00Z,38.573782626,52.37710915742469
2020-06-15T06:00:00Z,38.485693765,57.055551720882654
2020-06-15T07:00:00Z,38.41674802075,63.26946484491412
2020-06-15T08:00:00Z,37.57666315025,77.42294928389599
2020-06-15T09:00:00Z,37.22097680475,83.33982610204819
2020-06-15T10:00:00Z,36.985345713,84.37249524283995
2020-06-15T11:00:00Z,36.992586870000004,85.03787747925946
2020-06-15T12:00:00Z,36.883060406249996,84.75916901637706
2020-06-15T13:00:00Z,37.618023744249996,82.99157683857554
2020-06-15T14:00:00Z,38.642584479250004,82.03400036989309
2020-06-15T15:00:00Z,37.76443852125,81.6846335033471
2020-06-15T16:00:00Z,38.17380207925,78.02704512381516
2020-06-15T17:00:00Z,36.165428888,73.34475490917714
2020-06-15T18:00:00Z,38.105376877750004,65.0274034519327
2020-06-15T19:00:00Z,43.32955250925,58.0704315564312
2020-06-15T20:00:00Z,49.79551297825,49.54062644254408
2020-06-15T21:00:00Z,47.88164738975,43.72024764386412
2020-06-15T22:00:00Z,53.4677272765,41.819017771422786
2020-06-15T23:00:00Z,51.99605209475,5.391995383069559
2020-06-16T00:00:00Z,52.04149415175,5.391995383069559
2020-06-16T01:00:00Z,41.531156032,5.391995383069559
2020-06-16T02:00:00Z,38.87079200175,5.391995383069559
2020-06-16T03:00:00Z,39.81717095125,5.391995383069559
2020-06-16T04:00:00Z,37.43118638725,26.107599181562065
2020-06-16T05:00:00Z,36.06951903625,46.823202980054575
2020-06-16T06:00:00Z,35.11894201475,46.823202980054575
2020-06-16T07:00:00Z,34.345322433,46.823202980054575
2020-06-16T08:00:00Z,36.214968795749996,58.77403100681542
2020-06-16T09:00:00Z,35.5661313445,67.52277673046144
2020-06-16T10:00:00Z,36.5052520065,74.37680621041612
2020-06-16T11:00:00Z,36.6576091245,80.57620645146723
2020-06-16T12:00:00Z,37.4065751245,81.65416254051883
2020-06-16T13:00:00Z,37.339981005,81.94490786192556
2020-06-16T14:00:00Z,36.8340613955,83.0874393205285
2020-06-16T15:00:00Z,43.20336323325,83.5530610029267
2020-06-16T16:00:00Z,45.99079995025,82.73590874712612
2020-06-16T17:00:00Z,47.3355330235,80.84691935538629
2020-06-16T18:00:00Z,44.2896641145,71.20823991149653
2020-06-16T19:00:00Z,39.3687328935,66.47349516944422
2020-06-16T20:00:00Z,42.79891017875,59.76635060672985
2020-06-16T21:00:00Z,48.416554277749995,54.5957341012619
2020-06-16T22:00:00Z,52.60506072175,51.217305030582864
2020-06-16T23:00:00Z,52.74612043125,6.99822699368895
2020-06-17T00:00:00Z,54.544285033,6.866527726735506
2020-06-17T01:00:00Z,55.47087584975,7.017639502316771
2020-06-17T02:00:00Z,50.819499828000005,6.483418851895535
2020-06-17T03:00:00Z,40.38544959075,6.744622685122899
2020-06-17T04:00:00Z,39.89524619925,33.42444456616632
2020-06-17T05:00:00Z,38.838268797,60.27520889164201
2020-06-17T06:00:00Z,39.53912970225,61.68371082934895
2020-06-17T07:00:00Z,38.63462075125,63.988429744187016
2020-06-17T08:00:00Z,36.06408276375,78.66500110069894
2020-06-17T09:00:00Z,34.5761143235,86.55251139118889
2020-06-17T10:00:00Z,37.22913515975,92.86718433688323
2020-06-17T11:00:00Z,36.4044929335,96.03870472213714
2020-06-17T12:00:00Z,34.31378558325,91.78430418192549
2020-06-17T13:00:00Z,35.95316620975,89.54917367965115
2020-06-17T14:00:00Z,38.3587290645,89.49462285446047
2020-06-17T15:00:00Z,38.160233282,90.39830315588233
2020-06-17T16:00:00Z,47.389909556750005,91.49186059759161
2020-06-17T17:00:00Z,55.772881216,91.19060969476715
2020-06-17T18:00:00Z,54.26110670975,84.35053035727881
2020-06-17T19:00:00Z,54.26339696425,78.76735926247365
2020-06-17T20:00:00Z,54.571893760250006,72.38610673990874
2020-06-17T21:00:00Z,55.176398347500005,70.93536290829485
2020-06-17T22:00:00Z,57.04124756425,70.75995424688816
2020-06-17T23:00:00Z,59.0765199325,13.048978100949203
2020-06-18T00:00:00Z,61.283063636,11.824635639080284
2020-06-18T01:00:00Z,60.59364573175,11.01852301429519
2020-06-18T02:00:00Z,61.134952178,10.525895523711824
2020-06-18T03:00:00Z,62.5064862465,10.356167144199206
2020-06-18T04:00:00Z,58.2040989645,39.672157263440376
2020-06-18T05:00:00Z,56.13959683275,70.97364748887749
2020-06-18T06:00:00Z,51.99488816625,70.85117424050884
2020-06-18T07:00:00Z,39.71176811325,73.90847166727426
2020-06-18T08:00:00Z,39.550971217,86.65553258315165
2020-06-18T09:00:00Z,40.010182390000004,92.82185561104622
2020-06-18T10:00:00Z,40.04457920525,90.18812393814355
2020-06-18T11:00:00Z,40.60429959625,94.27132478807887
2020-06-18T12:00:00Z,42.06755922975,95.40540031037453
2020-06-18T13:00:00Z,41.69547227175,92.0307382013032
2020-06-18T14:00:00Z,52.938212571,90.02097525693303
2020-06-18T15:00:00Z,59.404664843249996,86.52271708523068
2020-06-18T16:00:00Z,60.51455099625,84.69914924725707
2020-06-18T17:00:00Z,61.533582089,83.86305665355096
2020-06-18T18:00:00Z,63.42059046,75.90257862071512
2020-06-18T19:00:00Z,62.69888484025,70.05281722439615
2020-06-18T20:00:00Z,61.42592688325,62.30970989781525
2020-06-18T21:00:00Z,63.755650489749996,55.776014706000296
2020-06-18T22:00:00Z,66.29604611625,56.36652037657207
2020-06-18T23:00:00Z,60.30072360275,10.740684049220818
2020-06-19T00:00:00Z,62.7502915405,9.295872623376733
2020-06-19T01:00:00Z,63.840937450249996,5.863680277282832
2020-06-19T02:00:00Z,63.341311249,5.391995383069559
2020-06-19T03:00:00Z,45.618784172999995,5.391995383069559
2020-06-19T04:00:00Z,43.1818583965,26.107599181562065
2020-06-19T05:00:00Z,41.98686582575,46.823202980054575
2020-06-19T06:00:00Z,40.825219535,46.823202980054575
2020-06-19T07:00:00Z,38.87396255975,46.823202980054575
2020-06-19T08:00:00Z,38.50981482225,52.68131239461707
2020-06-19T09:00:00Z,37.556239724,55.58271672840669
2020-06-19T10:00:00Z,38.0654442445,64.66835501598406
2020-06-19T11:00:00Z,38.261736139250004,71.19443556830062
2020-06-19T12:00:00Z,38.7972413335,74.07101865480094
2020-06-19T13:00:00Z,38.33518049975,77.12020443035772
2020-06-19T14:00:00Z,37.98031710725,76.6515086575298
2020-06-19T15:00:00Z,38.073331275,71.24298671044302
2020-06-19T16:00:00Z,37.131432735000004,67.54946977228559
2020-06-19T17:00:00Z,37.132962855500004,61.67080967325437
2020-06-19T18:00:00Z,35.1641489,48.69538929261084
2020-06-19T19:00:00Z,37.5716042125,43.785757071240745
2020-06-19T20:00:00Z,37.65661906025,43.67662369056798
2020-06-19T21:00:00Z,36.81515872725,43.67662369056798
2020-06-19T22:00:00Z,38.4191226325,43.67662369056798
2020-06-19T23:00:00Z,38.3671716565,5.391995383069559
2020-06-20T00:00:00Z,37.73597605175,7.218022211044552
2020-06-20T01:00:00Z,39.0308063155,7.218022211044552
2020-06-20T02:00:00Z,38.80454670275,7.218022211044552
2020-06-20T03:00:00Z,38.7671627335,7.218022211044552
2020-06-20T04:00:00Z,37.611050471249996,7.218022211044552
2020-06-20T05:00:00Z,37.989892697,7.218022211044552
2020-06-20T06:00:00Z,37.480057470249996,7.218022211044552
2020-06-20T07:00:00Z,31.685687385999998,7.218022211044552
2020-06-20T08:00:00Z,31.74944181475,7.218022211044552
2020-06-20T09:00:00Z,31.61935379175,7.218022211044552
2020-06-20T10:00:00Z,31.64962292225,7.738820384102261
2020-06-20T11:00:00Z,31.05887246275,9.823563425691232
2020-06-20T12:00:00Z,31.4873398915,11.59607722699125
2020-06-20T13:00:00Z,31.268501838749998,13.36589578240686
2020-06-20T14:00:00Z,29.782441473749998,14.496225581978717
2020-06-20T15:00:00Z,30.2007460855,14.360279136427204
2020-06-20T16:00:00Z,30.67778418625,13.502660264105776
2020-06-20T17:00:00Z,29.532620124250002,12.628397326236414
2020-06-20T18:00:00Z,30.52374561075,11.476468698679568
2020-06-20T19:00:00Z,31.45534708425,8.960928564713809
2020-06-20T20:00:00Z,31.46108062,7.368328265006922
2020-06-20T21:00:00Z,32.09504403525,7.218022211044552
2020-06-20T22:00:00Z,30.58968227175,7.218022211044552
2020-06-20T23:00:00Z,31.8941855885,7.218022211044552
2020-06-21T00:00:00Z,31.14106443575,7.218022211044552
2020-06-21T01:00:00Z,31.738789899,7.218022211044552
2020-06-21T02:00:00Z,32.7646994265,7.218022211044552
2020-06-21T03:00:00Z,32.137617326,7.218022211044552
2020-06-21T04:00:00Z,32.4167018555,7.218022211044552
2020-06-21T05:00:00Z,31.101126548750003,7.218022211044552
2020-06-21T06:00:00Z,35.0209728185,7.2777819948000655
2020-06-21T07:00:00Z,36.017488348499995,8.962213660972477
2020-06-21T08:00:00Z,36.96838067075,12.460424421259711
2020-06-21T09:00:00Z,37.435144886,15.396134302190385
2020-06-21T10:00:00Z,36.531810711,17.230642319794157
2020-06-21T11:00:00Z,36.674293041,18.307050316613203
2020-06-21T12:00:00Z,36.621558117999996,18.89611268152618
2020-06-21T13:00:00Z,37.78489993125,19.469715723539792
2020-06-21T14:00:00Z,37.11841125625,20.44095480615786
2020-06-21T15:00:00Z,44.793192320500005,20.36831139870461
2020-06-21T16:00:00Z,38.5605776915,18.54606778002169
2020-06-21T17:00:00Z,41.83518069025,17.124415015581636
2020-06-21T18:00:00Z,52.936986616,15.479601958335113
2020-06-21T19:00:00Z,51.6377955855,11.838007294051042
2020-06-21T20:00:00Z,51.192392429,8.388761869454482
2020-06-21T21:00:00Z,51.544501889500005,7.218022211044552
2020-06-21T22:00:00Z,53.54770932275,7.218022211044552
2020-06-21T23:00:00Z,53.175506021749996,7.218022211044552
2020-06-22T00:00:00Z,54.71942121125,5.391995383069559
2020-06-22T01:00:00Z,52.20598950325,5.391995383069559
2020-06-22T02:00:00Z,40.6698558235,5.391995383069559
2020-06-22T03:00:00Z,39.32503739925,5.391995383069559
2020-06-22T04:00:00Z,37.874312709499996,26.107599181562065
2020-06-22T05:00:00Z,37.32734619475,46.04918558057519
2020-06-22T06:00:00Z,33.643986556,43.44640055527718
2020-06-22T07:00:00Z,35.45310597025,42.31605114773524
2020-06-22T08:00:00Z,36.099035675500005,67.4200053116572
2020-06-22T09:00:00Z,36.4282698245,77.03203894861709
2020-06-22T10:00:00Z,37.16808097375,84.00596983515162
2020-06-22T11:00:00Z,37.181043898249996,85.60727685929524
2020-06-22T12:00:00Z,38.5947818585,86.39455335883105
2020-06-22T13:00:00Z,39.65303038275,84.90558521283911
2020-06-22T14:00:00Z,38.89261869625,85.59609529390463
2020-06-22T15:00:00Z,39.206066744750004,86.93882444641598
2020-06-22T16:00:00Z,39.2088750655,81.59393317487418
2020-06-22T17:00:00Z,38.8018529435,73.34466168482
2020-06-22T18:00:00Z,37.02077992225,57.69368529846589
2020-06-22T19:00:00Z,37.508563967,49.11734973642282
2020-06-22T20:00:00Z,36.3279894125,48.20414031055457
2020-06-22T21:00:00Z,35.873025303,48.20414031055457
2020-06-22T22:00:00Z,35.75688032275,48.20414031055457
2020-06-22T23:00:00Z,34.6108971305,5.391995383069559
2020-06-23T00:00:00Z,34.710384246000004,5.391995383069559
2020-06-23T01:00:00Z,36.40691727425,5.391995383069559
2020-06-23T02:00:00Z,37.775955999000004,5.391995383069559
2020-06-23T03:00:00Z,37.66226005925,5.391995383069559
2020-06-23T04:00:00Z,37.6341156845,26.107599181562065
2020-06-23T05:00:00Z,36.270166049500006,46.823202980054575
2020-06-23T06:00:00Z,36.834692757,46.823202980054575
2020-06-23T07:00:00Z,36.352754472,47.36634097448402
2020-06-23T08:00:00Z,35.8500875275,61.74152178272694
2020-06-23T09:00:00Z,35.612119215,68.20929830726973
2020-06-23T10:00:00Z,34.4904701655,74.87059754550766
2020-06-23T11:00:00Z,35.124464219000004,81.9680117817579
2020-06-23T12:00:00Z,36.39698809625,86.92929784740583
2020-06-23T13:00:00Z,37.6865805945,80.41190671781483
2020-06-23T14:00:00Z,36.86272688175,73.59859106100524
2020-06-23T15:00:00Z,37.62753703525,66.19800572569261
2020-06-23T16:00:00Z,37.17509202025,57.84821354518283
2020-06-23T17:00:00Z,37.847021468,51.94149366536855
2020-06-23T18:00:00Z,36.75553263225,43.42454481348642
2020-06-23T19:00:00Z,36.028078341,40.60718769863036
2020-06-23T20:00:00Z,36.17032304825,39.86586794141018
2020-06-23T21:00:00Z,35.4596747815,39.86586794141018
2020-06-23T22:00:00Z,37.372756835,39.86586794141018
2020-06-23T23:00:00Z,35.38378777225,5.391995383069559
2020-06-24T00:00:00Z,34.388173248,5.391995383069559
2020-06-24T01:00:00Z,36.08419642025,5.391995383069559
2020-06-24T02:00:00Z,36.76092294375,5.391995383069559
2020-06-24T03:00:00Z,35.908216629,5.391995383069559
2020-06-24T04:00:00Z,35.64858059125,26.107599181562065
2020-06-24T05:00:00Z,33.914633374000005,46.823202980054575
2020-06-24T06:00:00Z,33.84661864325,46.823202980054575
2020-06-24T07:00:00Z,35.5827737615,46.823202980054575
2020-06-24T08:00:00Z,35.010095944750006,53.82694608313457
2020-06-24T09:00:00Z,35.651299722,62.57646074851575
2020-06-24T10:00:00Z,36.290270745,70.97359795337395
2020-06-24T11:00:00Z,36.41739427225,74.11208480573823
2020-06-24T12:00:00Z,37.3175940765,79.03164191959969
2020-06-24T13:00:00Z,37.6095388165,77.63365719553613
2020-06-24T14:00:00Z,36.761600854,77.67211965353883
2020-06-24T15:00:00Z,37.6419094355,80.86227613865256
2020-06-24T16:00:00Z,38.73054672075,80.95200159353395
2020-06-24T17:00:00Z,43.029952461250005,77.15473121353591
2020-06-24T18:00:00Z,35.466174934,69.24988322118016
2020-06-24T19:00:00Z,35.5396449625,62.454133956829345
2020-06-24T20:00:00Z,35.87550765075,54.09821792776573
2020-06-24T21:00:00Z,34.9347546975,47.33414512880971
2020-06-24T22:00:00Z,38.945361397,44.35040951288821
2020-06-24T23:00:00Z,50.67607783175,5.391995383069559
2020-06-25T00:00:00Z,51.661858844,5.391995383069559
2020-06-25T01:00:00Z,51.9698261155,5.391995383069559
2020-06-25T02:00:00Z,45.082801996,5.391995383069559
2020-06-25T03:00:00Z,39.064340526,5.391995383069559
2020-06-25T04:00:00Z,39.220364731000004,26.107599181562065
2020-06-25T05:00:00Z,37.044980463,46.823202980054575
2020-06-25T06:00:00Z,35.6662578975,46.823202980054575
2020-06-25T07:00:00Z,34.40055128975,49.973202427814236
2020-06-25T08:00:00Z,33.77242166175,68.31473371935003
2020-06-25T09:00:00Z,34.01721929425,77.72081885300756
2020-06-25T10:00:00Z,34.859451856250004,76.23992583028542
2020-06-25T11:00:00Z,34.3575990785,76.31529763126714
2020-06-25T12:00:00Z,35.654167691750004,72.91649582216259
2020-06-25T13:00:00Z,36.06476132025,73.27679052838904
2020-06-25T14:00:00Z,36.93586677725,73.47124476563681
2020-06-25T15:00:00Z,36.42304240675,73.52512496355199
2020-06-25T16:00:00Z,35.865416021,70.29975500748057
2020-06-25T17:00:00Z,36.10193124275,63.38571357188658
2020-06-25T18:00:00Z,34.19527000325,55.235814141680954
2020-06-25T19:00:00Z,35.43922881175,48.16822370563893
2020-06-25T20:00:00Z,38.1231172745,40.41252857705178
2020-06-25T21:00:00Z,39.7690267885,39.86586794141018
2020-06-25T22:00:00Z,36.9705887565,39.86586794141018
2020-06-25T23:00:00Z,37.980783794000004,5.391995383069559
2020-06-26T00:00:00Z,35.52523664825,5.391995383069559
2020-06-26T01:00:00Z,37.71520901725,5.391995383069559
2020-06-26T02:00:00Z,36.79454128075,5.391995383069559
2020-06-26T03:00:00Z,37.08029436,5.391995383069559
2020-06-26T04:00:00Z,38.02655979475,26.107599181562065
2020-06-26T05:00:00Z,35.660282673,46.823202980054575
2020-06-26T06:00:00Z,35.711456931,46.823202980054575
2020-06-26T07:00:00Z,34.66496547325,47.41880834508671
2020-06-26T08:00:00Z,34.1506527885,60.8203405284015
2020-06-26T09:00:00Z,34.9044711915,70.3817453095136
2020-06-26T10:00:00Z,34.527588874,76.4107597984374
2020-06-26T11:00:00Z,35.15284680475,77.72696410099446
2020-06-26T12:00:00Z,35.9500875075,75.55936276060866
2020-06-26T13:00:00Z,36.158681176,74.89488772948975
2020-06-26T14:00:00Z,36.263692021749996,74.2363818088946
2020-06-26T15:00:00Z,36.527274763499996,72.94253016942828
2020-06-26T16:00:00Z,35.775112906,71.0217254709587
2020-06-26T17:00:00Z,34.753901757,68.26928780901618
2020-06-26T18:00:00Z,34.528577800250005,60.64205137133211
2020-06-26T19:00:00Z,34.84069187325,56.500615321358474
2020-06-26T20:00:00Z,34.2359580215,46.80513200492604
2020-06-26T21:00:00Z,34.56123957225,40.30695901821422
2020-06-26T22:00:00Z,35.00075828425,39.86586794141018
2020-06-26T23:00:00Z,34.895950778,5.391995383069559
2020-06-27T00:00:00Z,36.545887924,7.218022211044552
2020-06-27T01:00:00Z,37.323821738250004,7.218022211044552
2020-06-27T02:00:00Z,38.4729043425,7.218022211044552
2020-06-27T03:00:00Z,38.47511629725,7.218022211044552
2020-06-27T04:00:00Z,37.080279452,7.218022211044552
2020-06-27T05:00:00Z,36.151122596,7.218022211044552
2020-06-27T06:00:00Z,36.842634583,7.218022211044552
2020-06-27T07:00:00Z,32.16969772075,7.218022211044552
2020-06-27T08:00:00Z,30.56262192975,7.218022211044552
2020-06-27T09:00:00Z,29.55609567675,7.218022211044552
2020-06-27T10:00:00Z,30.65656261225,7.457073749760025
2020-06-27T11:00:00Z,30.30292712225,8.156836340246189
2020-06-27T12:00:00Z,30.417035474000002,8.935941538192537
2020-06-27T13:00:00Z,31.2246648855,10.909674500640492
2020-06-27T14:00:00Z,30.3312350055,11.752750882844133
2020-06-27T15:00:00Z,30.898551195750002,11.436256490991275
2020-06-27T16:00:00Z,31.149965604,11.869537513230224
2020-06-27T17:00:00Z,30.16084637325,10.001634372830924
2020-06-27T18:00:00Z,30.0216558505,7.397414199157503
2020-06-27T19:00:00Z,26.053381262000002,7.218022211044552
2020-06-27T20:00:00Z,27.259987562750002,7.218022211044552
2020-06-27T21:00:00Z,29.289692431,7.218022211044552
2020-06-27T22:00:00Z,28.967865477,7.218022211044552
2020-06-27T23:00:00Z,29.0054422805,7.218022211044552
2020-06-28T00:00:00Z,28.2232547065,7.218022211044552
2020-06-28T01:00:00Z,24.878469098750003,7.218022211044552
2020-06-28T02:00:00Z,18.64455132125,7.218022211044552
2020-06-28T03:00:00Z,21.86736444975,7.218022211044552
2020-06-28T04:00:00Z,12.399509836250001,7.218022211044552
2020-06-28T05:00:00Z,12.44462101175,7.218022211044552
2020-06-28T06:00:00Z,14.653726044999999,7.218022211044552
2020-06-28T07:00:00Z,15.296857952749999,7.218022211044552
2020-06-28T08:00:00Z,14.490153203750001,7.218022211044552
2020-06-28T09:00:00Z,23.03054309025,7.739886020322285
2020-06-28T10:00:00Z,24.442022869749998,10.137762774890751
2020-06-28T11:00:00Z,17.6687113425,12.137837633122903
2020-06-28T12:00:00Z,25.688088374499998,13.435943626852886
2020-06-28T13:00:00Z,17.9688907585,14.066615436794269
2020-06-28T14:00:00Z,11.38287544,14.578782832071491
2020-06-28T15:00:00Z,17.0422359155,15.218349830762865
2020-06-28T16:00:00Z,16.264405716749998,14.861434900020825
2020-06-28T17:00:00Z,10.36144181025,14.38963026023894
2020-06-28T18:00:00Z,12.92104372225,12.83755524127473
2020-06-28T19:00:00Z,10.74666530925,9.689916076951985
2020-06-28T20:00:00Z,10.85226044825,7.319065693222285
2020-06-28T21:00:00Z,14.4329501895,7.218022211044552
2020-06-28T22:00:00Z,20.5996798505,7.218022211044552
2020-06-28T23:00:00Z,25.38097253275,7.218022211044552
2020-06-29T00:00:00Z,30.00337780375,5.391995383069559
2020-06-29T01:00:00Z,33.567639959000005,5.391995383069559
2020-06-29T02:00:00Z,34.7977237375,5.391995383069559
2020-06-29T03:00:00Z,35.038719102,5.391995383069559
2020-06-29T04:00:00Z,43.86224001675,26.107599181562065
2020-06-29T05:00:00Z,35.457642176,46.823202980054575
2020-06-29T06:00:00Z,35.0144629095,46.58473014254385
2020-06-29T07:00:00Z,35.180197939,45.573560225259534
2020-06-29T08:00:00Z,36.06970395175,59.983022590616315
2020-06-29T09:00:00Z,37.162431454,71.63376216656084
2020-06-29T10:00:00Z,36.09008302875,75.24307067044589
2020-06-29T11:00:00Z,35.99510231275,78.50849939405481
2020-06-29T12:00:00Z,35.857904313,81.68789627423519
2020-06-29T13:00:00Z,36.81433938225,82.94059926019052
2020-06-29T14:00:00Z,37.2935765825,84.14551612554935
2020-06-29T15:00:00Z,37.33851169475,83.50250821397611
2020-06-29T16:00:00Z,37.527317327000006,82.51545066302823
2020-06-29T17:00:00Z,36.700458172,82.54360821450051
2020-06-29T18:00:00Z,37.96902426975,76.4266956927111
2020-06-29T19:00:00Z,39.70088773925,72.29998406138725
2020-06-29T20:00:00Z,39.855737850000004,59.2695329760445
2020-06-29T21:00:00Z,38.31150444525,55.23473240409418
2020-06-29T22:00:00Z,35.36906131725,59.8227680247969
2020-06-29T23:00:00Z,37.2160367055,8.471241839874406
2020-06-30T00:00:00Z,37.6957312375,9.189298635698059
2020-06-30T01:00:00Z,49.50363541075,9.584900927117642
2020-06-30T02:00:00Z,43.5289924855,9.178194960404932
2020-06-30T03:00:00Z,38.312870409750005,7.567236437120181
2020-06-30T04:00:00Z,38.24559062825,32.95577236431074
2020-06-30T05:00:00Z,37.87210705675,57.5044188484726
2020-06-30T06:00:00Z,38.0724316545,60.70907951113938
2020-06-30T07:00:00Z,38.7797724125,65.59151066746873
2020-06-30T08:00:00Z,36.9715969825,79.74750595666609
2020-06-30T09:00:00Z,37.1338769405,87.61280156052824
2020-06-30T10:00:00Z,37.45539267375,91.0596306115378
2020-06-30T11:00:00Z,37.278368061250006,87.05797222095008
2020-06-30T12:00:00Z,38.56109220525,85.3212945151963
2020-06-30T13:00:00Z,40.31828114725,86.58845275458089
2020-06-30T14:00:00Z,39.6410643795,86.50408987868164
2020-06-30T15:00:00Z,41.374124377,81.9054554877293
2020-06-30T16:00:00Z,45.57032351275,80.03333897159473
2020-06-30T17:00:00Z,56.71702627925,76.25420989069032
2020-06-30T18:00:00Z,52.77005651425,67.47035136157453
2020-06-30T19:00:00Z,47.452102874750004,60.55702225603268
2020-06-30T20:00:00Z,55.075220168,49.27172595266604
2020-06-30T21:00:00Z,55.48149349175,40.92364170701654
2020-06-30T22:00:00Z,54.6069682655,39.86586794141018
2020-06-30T23:00:00Z,53.844285712,5.391995383069559
2020-07-01T00:00:00Z,54.26304703075,5.391995383069559
2020-07-01T01:00:00Z,53.77595277925,5.391995383069559
2020-07-01T02:00:00Z,45.140274245,5.391995383069559
2020-07-01T03:00:00Z,39.702131256499996,5.391995383069559
2020-07-01T04:00:00Z,39.2497704425,26.107599181562065
2020-07-01T05:00:00Z,37.19365567675,46.823202980054575
2020-07-01T06:00:00Z,37.31684831925,46.823202980054575
2020-07-01T07:00:00Z,37.04570249925,50.08336860345233
2020-07-01T08:00:00Z,36.36869977875,66.08675080130095
2020-07-01T09:00:00Z,36.2163770025,73.64786982779877
2020-07-01T10:00:00Z,37.10298130575,75.91560289796269
2020-07-01T11:00:00Z,36.264127374750004,76.96457215493328
2020-07-01T12:00:00Z,36.56037094225,77.93050497823917
2020-07-01T13:00:00Z,37.40015630675,80.61690379840958
2020-07-01T14:00:00Z,37.45221636325,78.81474690724752
2020-07-01T15:00:00Z,35.81736373575,76.90760657517949
2020-07-01T16:00:00Z,41.99746331075,74.35538426661493
2020-07-01T17:00:00Z,39.619485045000005,71.02820835441861
2020-07-01T18:00:00Z,40.1207771705,64.16721266111959
2020-07-01T19:00:00Z,36.0378285915,53.319598207647005
2020-07-01T20:00:00Z,36.884485194,48.20414031055457
2020-07-01T21:00:00Z,36.46416660475,48.20414031055457
2020-07-01T22:00:00Z,35.154463325500004,48.20414031055457
2020-07-01T23:00:00Z,34.6181621625,5.391995383069559
2020-07-02T00:00:00Z,34.588147887750004,5.391995383069559
2020-07-02T01:00:00Z,37.39398893525,5.391995383069559
2020-07-02T02:00:00Z,38.38958775375,5.391995383069559
2020-07-02T03:00:00Z,37.30471229925,5.391995383069559
2020-07-02T04:00:00Z,36.88843706575,26.107599181562065
2020-07-02T05:00:00Z,36.922660207250004,46.823202980054575
2020-07-02T06:00:00Z,35.3241090905,46.823202980054575
2020-07-02T07:00:00Z,37.090763632000005,47.88849203890792
2020-07-02T08:00:00Z,35.97489211675,60.285816569330194
2020-07-02T09:00:00Z,37.07572995025,68.89613527411345
2020-07-02T10:00:00Z,37.0991681975,73.47315166161385
2020-07-02T11:00:00Z,36.62078450175,74.71453255707887
2020-07-02T12:00:00Z,38.196088792750004,75.43494771800769
2020-07-02T13:00:00Z,37.9461087185,75.59006658624052
2020-07-02T14:00:00Z,38.737621741,74.96317860095616
2020-07-02T15:00:00Z,36.88165088875,74.2821105037312
2020-07-02T16:00:00Z,38.498739867,71.6415976242333
2020-07-02T17:00:00Z,42.260700194,69.15757667440589
2020-07-02T18:00:00Z,40.81161682125,60.11069929007822
2020-07-02T19:00:00Z,36.22890637825,51.22811219734
2020-07-02T20:00:00Z,39.189193209500004,48.20414031055457
2020-07-02T21:00:00Z,29.15600812875,48.20414031055457
2020-07-02T22:00:00Z,28.702856075,48.20414031055457
2020-07-02T23:00:00Z,23.189318412,5.391995383069559
2020-07-03T00:00:00Z,32.85172719075,5.391995383069559
2020-07-03T01:00:00Z,34.357962174250005,5.391995383069559
2020-07-03T02:00:00Z,34.535752959250004,5.391995383069559
2020-07-03T03:00:00Z,35.587657178,5.391995383069559
2020-07-03T04:00:00Z,36.948974404750004,26.107599181562065
2020-07-03T05:00:00Z,36.47669830275,46.823202980054575
2020-07-03T06:00:00Z,35.787911903,46.823202980054575
2020-07-03T07:00:00Z,36.2479263595,46.823202980054575
2020-07-03T08:00:00Z,36.51265543125,52.68131239461707
2020-07-03T09:00:00Z,35.4800461935,52.68131239461707
2020-07-03T10:00:00Z,35.2813124895,56.047211433537804
2020-07-03T11:00:00Z,35.4580981155,65.63240852323688
2020-07-03T12:00:00Z,35.289171757000005,71.17825287345309
2020-07-03T13:00:00Z,34.731300212,74.73309356418244
2020-07-03T14:00:00Z,36.03636312375,79.3888707652959
2020-07-03T15:00:00Z,36.53198243375,82.39523187944047
2020-07-03T16:00:00Z,35.5372528005,83.1761386394621
2020-07-03T17:00:00Z,35.67637686175,79.7309431932916
2020-07-03T18:00:00Z,34.9186804875,69.1721885107766
2020-07-03T19:00:00Z,35.650726706,63.34949059448535
2020-07-03T20:00:00Z,35.95479689075,54.076491966797526
2020-07-03T21:00:00Z,36.26131223475,48.444965071123534
2020-07-03T22:00:00Z,36.479337177750004,48.20414031055457
2020-07-03T23:00:00Z,38.27695082175,5.391995383069559
2020-07-04T00:00:00Z,37.06965392625,7.218022211044552
2020-07-04T01:00:00Z,37.442487402750004,7.218022211044552
2020-07-04T02:00:00Z,38.500102237250005,7.218022211044552
2020-07-04T03:00:00Z,39.3708815635,7.218022211044552
2020-07-04T04:00:00Z,39.75368735175,7.218022211044552
2020-07-04T05:00:00Z,39.09226219875,7.218022211044552
2020-07-04T06:00:00Z,38.03387677875,7.218022211044552
2020-07-04T07:00:00Z,33.818514281,7.218022211044552
2020-07-04T08:00:00Z,34.21999859575,10.122455300152417
2020-07-04T09:00:00Z,32.7860933615,14.70349675357158
2020-07-04T10:00:00Z,33.584805900250004,17.049921946693317
2020-07-04T11:00:00Z,32.4213914095,18.272432340261332
2020-07-04T12:00:00Z,32.73767593775,19.46230728450144
2020-07-04T13:00:00Z,32.937830760749996,20.667744269221416
2020-07-04T14:00:00Z,32.859960295,20.996952916961945
2020-07-04T15:00:00Z,33.01378616675,21.766614494240887
2020-07-04T16:00:00Z,32.75473409775,22.166969124336084
2020-07-04T17:00:00Z,34.26167097575,21.640479443981814
2020-07-04T18:00:00Z,45.262614315,20.75197484702943
2020-07-04T19:00:00Z,48.1759501315,18.9531117007689
2020-07-04T20:00:00Z,47.739533935500006,16.771904979529136
2020-07-04T21:00:00Z,47.94613484975,15.590853031938092
2020-07-04T22:00:00Z,49.090649593,14.638895401572643
2020-07-04T23:00:00Z,50.866899738,13.393081489219385
2020-07-05T00:00:00Z,52.59111890275,12.689552201361437
2020-07-05T01:00:00Z,50.4822041835,11.925728612835151
2020-07-05T02:00:00Z,51.544257636,10.731781695869566
2020-07-05T03:00:00Z,44.7149008795,8.792677295424113
2020-07-05T04:00:00Z,36.88779632175,7.370013872457445
2020-07-05T05:00:00Z,40.938198059,7.42126313773655
2020-07-05T06:00:00Z,39.0213576765,8.217264552479996
2020-07-05T07:00:00Z,40.31142585675,9.117943181007037
2020-07-05T08:00:00Z,38.87909199225,11.967383852677093
2020-07-05T09:00:00Z,39.387305882,15.31559939886053
2020-07-05T10:00:00Z,38.775940410749996,17.438572428640395
2020-07-05T11:00:00Z,38.51618794625,18.697936277295362
2020-07-05T12:00:00Z,38.33282192025,19.711590024957783
2020-07-05T13:00:00Z,38.63194824275,20.75002592719399
2020-07-05T14:00:00Z,37.7005660415,22.043803067975475
2020-07-05T15:00:00Z,44.92132621725,22.364769128408508
2020-07-05T16:00:00Z,41.95074214,22.093995026314495
2020-07-05T17:00:00Z,51.2839995375,20.94856032372464
2020-07-05T18:00:00Z,54.25084642425,18.74877791730068
2020-07-05T19:00:00Z,55.33808241625,16.80294482811665
2020-07-05T20:00:00Z,54.710354437999996,13.923164237894197
2020-07-05T21:00:00Z,58.12246174325,11.235004437518304
2020-07-05T22:00:00Z,58.00563797225,9.889647901763034
2020-07-05T23:00:00Z,57.855266536,9.270812340082916
2020-07-06T00:00:00Z,59.4708641265,6.742910775332012
2020-07-06T01:00:00Z,59.66582545075,5.838005211158157
2020-07-06T02:00:00Z,59.836288442,5.391995383069559
2020-07-06T03:00:00Z,46.2015196285,5.391995383069559
2020-07-06T04:00:00Z,40.2807337015,26.440416217171435
2020-07-06T05:00:00Z,40.24737800475,46.823202980054575
2020-07-06T06:00:00Z,40.409411789,46.991533728899014
2020-07-06T07:00:00Z,40.11504341725,50.86306420954513
2020-07-06T08:00:00Z,38.731994328,65.66261828555945
2020-07-06T09:00:00Z,39.3138485125,74.40417261742134
2020-07-06T10:00:00Z,38.64314283075,81.25832529013279
2020-07-06T11:00:00Z,39.022229492,84.56036383975625
2020-07-06T12:00:00Z,38.629240926,87.46846828187459
2020-07-06T13:00:00Z,39.26594435175,90.64868293174743
2020-07-06T14:00:00Z,38.1117674295,93.22776519409815
2020-07-06T15:00:00Z,40.299839652,93.53696933530254
2020-07-06T16:00:00Z,42.10642934825,90.01469051792968
2020-07-06T17:00:00Z,44.831652883000004,85.99166793293824
2020-07-06T18:00:00Z,44.092282126,77.48041592984691
2020-07-06T19:00:00Z,49.52282723975,69.83108052355546
2020-07-06T20:00:00Z,55.4529865305,58.79557288959707
2020-07-06T21:00:00Z,57.775496763250004,49.85868901911274
2020-07-06T22:00:00Z,59.777400266,48.20414031055458
2020-07-06T23:00:00Z,56.0367323105,5.391995383069559
2020-07-07T00:00:00Z,52.8670688415,5.391995383069559
2020-07-07T01:00:00Z,53.41811153325,5.391995383069559
2020-07-07T02:00:00Z,39.25792133225,5.391995383069559
2020-07-07T03:00:00Z,39.5717200685,5.391995383069559
2020-07-07T04:00:00Z,38.43018672375,26.107599181562065
2020-07-07T05:00:00Z,38.30436197725,46.823202980054575
2020-07-07T06:00:00Z,38.51006329375,46.823202980054575
2020-07-07T07:00:00Z,37.605029612500005,46.823202980054575
2020-07-07T08:00:00Z,39.0611280245,60.00692881002799
2020-07-07T09:00:00Z,37.09319687375,71.49789959286237
2020-07-07T10:00:00Z,38.134967735000004,78.92973440499675
2020-07-07T11:00:00Z,38.2293794625,83.5104805634841
2020-07-07T12:00:00Z,40.896892192500005,86.20432782382812
2020-07-07T13:00:00Z,40.939733367,88.41274757695203
2020-07-07T14:00:00Z,41.00007364525,91.63067897609774
2020-07-07T15:00:00Z,41.841809472499996,91.44149518609191
2020-07-07T16:00:00Z,39.562205807,86.1228578421962
2020-07-07T17:00:00Z,41.46227616775,82.07131916572432
2020-07-07T18:00:00Z,44.224999207,75.3819237610801
2020-07-07T19:00:00Z,50.45503869725,70.53961386023141
2020-07-07T20:00:00Z,49.26446563575,63.68247883384847
2020-07-07T21:00:00Z,62.56112902375,56.21678950862732
2020-07-07T22:00:00Z,59.07602322025,51.33954406605793
2020-07-07T23:00:00Z,62.46386275975,6.2527658920206175
2020-07-08T00:00:00Z,60.48305174075,5.683733968386889
2020-07-08T01:00:00Z,61.47130987775,5.9245178568607235
2020-07-08T02:00:00Z,61.13233849775,6.222968018818803
2020-07-08T03:00:00Z,44.56030474125,6.266021941589649
2020-07-08T04:00:00Z,41.965541265750005,28.4436483467608
2020-07-08T05:00:00Z,40.52614837325,49.55772841278052
2020-07-08T06:00:00Z,40.338814913,50.57937227750322
2020-07-08T07:00:00Z,40.929711366,55.218206486641556
2020-07-08T08:00:00Z,40.173618166500006,73.07025588974663
2020-07-08T09:00:00Z,38.6797670125,84.09342142201136
2020-07-08T10:00:00Z,38.7329175035,88.89284900126198
2020-07-08T11:00:00Z,38.96874385825,85.35697329828386
2020-07-08T12:00:00Z,38.775612857750005,77.74285692824925
2020-07-08T13:00:00Z,42.40909880625,78.03289360855808
2020-07-08T14:00:00Z,40.69189961875,78.06886448803891
2020-07-08T15:00:00Z,42.0456900285,79.59872491075954
2020-07-08T16:00:00Z,42.55877517575,79.49825337711093
2020-07-08T17:00:00Z,42.932233094,76.23715419138566
2020-07-08T18:00:00Z,42.43291827075,67.34852946634868
2020-07-08T19:00:00Z,44.6953459915,59.72062045368857
2020-07-08T20:00:00Z,44.0070287505,48.92579453668242
2020-07-08T21:00:00Z,51.803264912749995,40.658650594083824
2020-07-08T22:00:00Z,56.086965711,39.86586794141018
2020-07-08T23:00:00Z,57.3591565175,5.391995383069559
2020-07-09T00:00:00Z,59.9817070495,5.391995383069559
2020-07-09T01:00:00Z,55.49291624200001,5.391995383069559
2020-07-09T02:00:00Z,40.864891369249996,5.391995383069559
2020-07-09T03:00:00Z,40.890986276,5.391995383069559
2020-07-09T04:00:00Z,41.756012015500005,26.107599181562065
2020-07-09T05:00:00Z,38.849550039,46.823202980054575
2020-07-09T06:00:00Z,38.699633478,46.823202980054575
2020-07-09T07:00:00Z,38.64981678725,51.59303374546011
2020-07-09T08:00:00Z,37.56804560175,70.41639028239241
2020-07-09T09:00:00Z,38.54250102725,79.73351599314698
2020-07-09T10:00:00Z,38.248179060249996,87.28142080148515
2020-07-09T11:00:00Z,38.499101716249996,82.00428029504074
2020-07-09T12:00:00Z,39.8719872675,80.15956558456617
2020-07-09T13:00:00Z,39.85961284725,82.80755210158486
2020-07-09T14:00:00Z,39.950978182,83.65008448450664
2020-07-09T15:00:00Z,38.4630365325,85.53450484037707
2020-07-09T16:00:00Z,43.2366048235,87.7227462265911
2020-07-09T17:00:00Z,42.24036852525,89.04221452960533
2020-07-09T18:00:00Z,44.3144954995,82.83832856711017
2020-07-09T19:00:00Z,49.16186511975,76.03757178886659
2020-07-09T20:00:00Z,54.930425223,70.10029966542908
2020-07-09T21:00:00Z,60.1945384615,66.16674958092803
2020-07-09T22:00:00Z,61.65849087675,62.56937396061934
2020-07-09T23:00:00Z,59.419417091999996,11.543173593834958
2020-07-10T00:00:00Z,61.1455443255,11.062234834760226
2020-07-10T01:00:00Z,62.4864317065,9.830896489535968
2020-07-10T02:00:00Z,60.48214099175,8.483596699543568
2020-07-10T03:00:00Z,51.9427144565,7.16673876327698
2020-07-10T04:00:00Z,42.2762235145,28.61049017135865
2020-07-10T05:00:00Z,42.48612336525,48.86569530470958
2020-07-10T06:00:00Z,42.16273832075,46.823202980054575
2020-07-10T07:00:00Z,41.344517167,46.823202980054575
2020-07-10T08:00:00Z,39.30922611075,64.20010076863396
2020-07-10T09:00:00Z,38.64717460425,78.30681929833302
2020-07-10T10:00:00Z,39.279463799,80.60876563033538
2020-07-10T11:00:00Z,38.935105995,78.00771032843646
2020-07-10T12:00:00Z,39.2692405455,81.62069502272011
2020-07-10T13:00:00Z,40.135781182500004,83.9187182283011
2020-07-10T14:00:00Z,40.4906659325,83.3348970147376
2020-07-10T15:00:00Z,43.7349471105,80.64358052104386
2020-07-10T16:00:00Z,38.69726993175,77.261021329984
2020-07-10T17:00:00Z,43.07981691725,76.05359976308463
2020-07-10T18:00:00Z,43.0098888355,69.69250848044861
2020-07-10T19:00:00Z,44.04674861025,68.70616944315499
2020-07-10T20:00:00Z,56.0638538425,64.1928158665668
2020-07-10T21:00:00Z,56.53878130425,57.75751518403509
2020-07-10T22:00:00Z,55.590769044,53.045703200397384
2020-07-10T23:00:00Z,30.70121242275,6.85334476941766
2020-07-11T00:00:00Z,10.21955901125,8.829580559266548
2020-07-11T01:00:00Z,21.18480818275,10.557733572417364
2020-07-11T02:00:00Z,42.06161294425,11.94980284300791
2020-07-11T03:00:00Z,42.40989146275,11.998425849486225
2020-07-11T04:00:00Z,40.611176544,11.565977264926998
2020-07-11T05:00:00Z,42.1973741205,11.369578437723277
2020-07-11T06:00:00Z,41.74968213025,11.543714997697565
2020-07-11T07:00:00Z,41.22860807525,11.365232351274566
2020-07-11T08:00:00Z,39.95553615025,13.04724122033257
2020-07-11T09:00:00Z,41.71947615875,16.134149892486896
2020-07-11T10:00:00Z,39.686353936,18.39511928507116
2020-07-11T11:00:00Z,41.24582922775,19.711146170331475
2020-07-11T12:00:00Z,40.07106006575,20.860901533775888
2020-07-11T13:00:00Z,40.6366782625,22.01412408221117
2020-07-11T14:00:00Z,41.467827667,22.33398909563199
2020-07-11T15:00:00Z,41.990104374,22.256842122754605
2020-07-11T16:00:00Z,43.3042960615,23.2342774490276
2020-07-11T17:00:00Z,41.3812015595,23.379765927934315
2020-07-11T18:00:00Z,41.95563097,21.993994846218808
2020-07-11T19:00:00Z,42.0676264575,19.759820546561695
2020-07-11T20:00:00Z,40.863026621,17.015242192756023
2020-07-11T21:00:00Z,42.50957840225,14.345303936031316
2020-07-11T22:00:00Z,41.116791052,13.073603615944506
2020-07-11T23:00:00Z,42.112292851,12.518816456845142
2020-07-12T00:00:00Z,44.093091288000004,12.465512419055965
2020-07-12T01:00:00Z,42.14500371225,12.607716985658126
2020-07-12T02:00:00Z,39.3284573535,13.034346444132515
2020-07-12T03:00:00Z,42.2431277825,12.2881069466359
2020-07-12T04:00:00Z,40.5263271025,11.189120312460442
2020-07-12T05:00:00Z,41.285649962,10.058723341859897
2020-07-12T06:00:00Z,41.14135635375,9.046157330928239
2020-07-12T07:00:00Z,41.2647998975,8.658027757208949
2020-07-12T08:00:00Z,39.518815102,11.517196238741487
2020-07-12T09:00:00Z,42.004079919000006,15.93048593672099
2020-07-12T10:00:00Z,42.853776965,18.3397054013611
2020-07-12T11:00:00Z,42.0641495535,19.573311194196005
2020-07-12T12:00:00Z,41.153283934,20.938378408407296
2020-07-12T13:00:00Z,39.2253362375,20.59155079155686
2020-07-12T14:00:00Z,41.382191467249996,20.492591598252464
2020-07-12T15:00:00Z,41.45378287675,21.467984132734387
2020-07-12T16:00:00Z,42.264435665,21.327441979267142
2020-07-12T17:00:00Z,41.414027533500004,20.60081433246632
2020-07-12T18:00:00Z,43.840738827500005,19.826983246185023
2020-07-12T19:00:00Z,42.901086103749996,17.27962896786962
2020-07-12T20:00:00Z,40.40658992,13.818253071047012
2020-07-12T21:00:00Z,42.53909813975,11.645299549940017
2020-07-12T22:00:00Z,40.77406587475,10.972676469199817
2020-07-12T23:00:00Z,41.53585393875,10.3689981210728
2020-07-13T00:00:00Z,41.71821220525,7.388185211407133
2020-07-13T01:00:00Z,41.930293154000005,5.927636984242703
2020-07-13T02:00:00Z,42.752105569250006,5.391995383069559
2020-07-13T03:00:00Z,41.15483971125,5.391995383069559
2020-07-13T04:00:00Z,41.772065877,26.107599181562065
2020-07-13T05:00:00Z,41.490640603,46.823202980054575
2020-07-13T06:00:00Z,40.5246073355,46.823202980054575
2020-07-13T07:00:00Z,40.395259412,46.823202980054575
2020-07-13T08:00:00Z,38.62332957925,55.05033621500264
2020-07-13T09:00:00Z,39.937798963000006,63.846222273091705
2020-07-13T10:00:00Z,41.639056998,72.01286924587271
2020-07-13T11:00:00Z,42.0191849715,76.02481611419141
2020-07-13T12:00:00Z,40.0119859325,78.96307453462515
2020-07-13T13:00:00Z,40.97148694775,82.96975288007013
2020-07-13T14:00:00Z,41.1230895355,83.50838861644851
2020-07-13T15:00:00Z,41.8323960035,83.13128487466226
2020-07-13T16:00:00Z,43.021060105000004,80.5180597885541
2020-07-13T17:00:00Z,41.7562653685,75.24040137684418
2020-07-13T18:00:00Z,39.335302212,64.33543931357451
2020-07-13T19:00:00Z,41.73174604675,54.22363524339002
2020-07-13T20:00:00Z,41.15501536625,48.20414031055458
2020-07-13T21:00:00Z,42.774704021000005,48.20414031055458
2020-07-13T22:00:00Z,41.74911272125,48.20414031055458
2020-07-13T23:00:00Z,39.926974742,5.391995383069559
2020-07-14T00:00:00Z,42.872859113749996,5.391995383069559
2020-07-14T01:00:00Z,41.620204583,5.391995383069559
2020-07-14T02:00:00Z,40.7290489655,5.391995383069559
2020-07-14T03:00:00Z,41.806639606000005,5.391995383069559
2020-07-14T04:00:00Z,40.5887121655,26.107599181562065
2020-07-14T05:00:00Z,43.6780617265,46.823202980054575
2020-07-14T06:00:00Z,40.385016221,47.075570298913554
2020-07-14T07:00:00Z,38.909716271250005,51.743244973001566
2020-07-14T08:00:00Z,42.693101170750005,64.49430638210218
2020-07-14T09:00:00Z,40.9039556915,71.80500042802586
2020-07-14T10:00:00Z,40.26696813225,77.7907993038943
2020-07-14T11:00:00Z,41.184001531,78.60612214671379
2020-07-14T12:00:00Z,40.42206558875,79.01073959796557
2020-07-14T13:00:00Z,41.7123033275,80.24818670224047
2020-07-14T14:00:00Z,42.356748874750004,82.2250183719399
2020-07-14T15:00:00Z,42.31049884025,79.79778949618375
2020-07-14T16:00:00Z,41.304485697749996,71.50160995172885
2020-07-14T17:00:00Z,38.895132024750005,61.89354671153216
2020-07-14T18:00:00Z,40.395236089,49.28959594743774
2020-07-14T19:00:00Z,40.75281727375,48.20414031055457
2020-07-14T20:00:00Z,44.04773072025,48.20414031055457
2020-07-14T21:00:00Z,41.088881006,48.20414031055457
2020-07-14T22:00:00Z,39.68925560325,48.20414031055457
2020-07-14T23:00:00Z,41.00400205075,5.391995383069559
2020-07-15T00:00:00Z,38.56876362325,5.391995383069559
2020-07-15T01:00:00Z,36.268955354,5.391995383069559
2020-07-15T02:00:00Z,35.771877844,5.391995383069559
2020-07-15T03:00:00Z,35.419090398,5.391995383069559
2020-07-15T04:00:00Z,37.0542531445,26.107599181562065
2020-07-15T05:00:00Z,36.65644739575,46.823202980054575
2020-07-15T06:00:00Z,34.435766932250004,46.823202980054575
2020-07-15T07:00:00Z,35.013887202250004,46.823202980054575
2020-07-15T08:00:00Z,34.51589331875,57.50745693828869
2020-07-15T09:00:00Z,34.07618052325,68.19570462562416
2020-07-15T10:00:00Z,34.281455563,75.26515008158637
2020-07-15T11:00:00Z,34.73855332775,78.27807084502498
2020-07-15T12:00:00Z,35.50496267625,79.55527696752999
2020-07-15T13:00:00Z,35.73314702275,81.54525643930839
2020-07-15T14:00:00Z,35.3925436065,80.48985734898433
2020-07-15T15:00:00Z,34.8768861305,75.61814393273282
2020-07-15T16:00:00Z,37.13846072225,71.20246975710168
2020-07-15T17:00:00Z,37.23647926225,65.17492589637402
2020-07-15T18:00:00Z,37.196275557,53.23707696583644
2020-07-15T19:00:00Z,36.7591833725,48.53557376998595
2020-07-15T20:00:00Z,36.196507429250005,48.20414031055457
2020-07-15T21:00:00Z,33.06994285825,48.20414031055457
2020-07-15T22:00:00Z,33.02336421575,48.20414031055457
2020-07-15T23:00:00Z,42.968070378,5.391995383069559
2020-07-16T00:00:00Z,41.4041858465,5.391995383069559
2020-07-16T01:00:00Z,36.252347928750005,5.391995383069559
2020-07-16T02:00:00Z,36.050081911999996,5.391995383069559
2020-07-16T03:00:00Z,36.20192434,5.391995383069559
2020-07-16T04:00:00Z,35.6393095165,26.107599181562065
2020-07-16T05:00:00Z,35.8200831415,46.823202980054575
2020-07-16T06:00:00Z,34.89864415025,46.823202980054575
2020-07-16T07:00:00Z,34.678893512,46.823202980054575
2020-07-16T08:00:00Z,33.84108818725,52.68131239461707
2020-07-16T09:00:00Z,34.73146918925,52.68131239461707
2020-07-16T10:00:00Z,34.168940225499995,55.08888655426001
2020-07-16T11:00:00Z,35.366666512,64.05137366453998
2020-07-16T12:00:00Z,36.886504679750004,72.21453374961476
2020-07-16T13:00:00Z,36.403356804,76.69446616341914
2020-07-16T14:00:00Z,35.02896937075,79.21668258969585
2020-07-16T15:00:00Z,42.503624333000005,75.37899938534768
2020-07-16T16:00:00Z,42.312406314,70.06905717777971
2020-07-16T17:00:00Z,42.094643233250004,65.80145974918698
2020-07-16T18:00:00Z,37.300369146,57.03567431768
2020-07-16T19:00:00Z,33.875297311,51.09696832209527
2020-07-16T20:00:00Z,34.06044847775,48.20414031055457
2020-07-16T21:00:00Z,35.40891604525,48.20414031055457
2020-07-16T22:00:00Z,36.14125156525,48.20414031055457
2020-07-16T23:00:00Z,38.7738316545,5.391995383069559
2020-07-17T00:00:00Z,36.064604906499994,5.391995383069559
2020-07-17T01:00:00Z,37.496915737500004,5.391995383069559
2020-07-17T02:00:00Z,37.44309188875,5.391995383069559
2020-07-17T03:00:00Z,37.053912788,5.391995383069559
2020-07-17T04:00:00Z,34.19724128125,26.107599181562065
2020-07-17T05:00:00Z,36.071504005,46.823202980054575
2020-07-17T06:00:00Z,37.20859086225,46.823202980054575
2020-07-17T07:00:00Z,37.989908262,46.823202980054575
2020-07-17T08:00:00Z,36.767958834750004,53.42472526582512
2020-07-17T09:00:00Z,35.922470549500005,59.240000543466785
2020-07-17T10:00:00Z,37.37474806825,69.13783376738768
2020-07-17T11:00:00Z,36.821102407,74.72811226557796
2020-07-17T12:00:00Z,35.816749427000005,74.83284799234666
2020-07-17T13:00:00Z,36.163528047,74.68777674161134
2020-07-17T14:00:00Z,32.77916134875,73.60797973088448
2020-07-17T15:00:00Z,32.651855441500004,70.96022040143316
2020-07-17T16:00:00Z,32.38996773475,68.13864603606741
2020-07-17T17:00:00Z,33.591337773999996,62.21381312141693
2020-07-17T18:00:00Z,32.1807918135,51.27438686964011
2020-07-17T19:00:00Z,31.70260702675,48.20414031055457
2020-07-17T20:00:00Z,33.568174932000005,48.20414031055457
2020-07-17T21:00:00Z,32.43627755925,48.20414031055457
2020-07-17T22:00:00Z,34.4428121295,48.20414031055457
2020-07-17T23:00:00Z,34.381965173,5.391995383069559
2020-07-18T00:00:00Z,32.99863659275,7.218022211044552
2020-07-18T01:00:00Z,33.443722142249996,7.218022211044552
2020-07-18T02:00:00Z,34.114576128500005,7.218022211044552
2020-07-18T03:00:00Z,33.937223904,7.218022211044552
2020-07-18T04:00:00Z,34.4525829685,7.218022211044552
2020-07-18T05:00:00Z,35.34390404775,7.218022211044552
2020-07-18T06:00:00Z,35.849197831249995,7.218022211044552
2020-07-18T07:00:00Z,33.250276448250006,7.218022211044552
2020-07-18T08:00:00Z,32.54237735775,7.218022211044552
2020-07-18T09:00:00Z,31.881029129,8.627943267379711
2020-07-18T10:00:00Z,33.005880142500004,11.325066663725078
2020-07-18T11:00:00Z,33.30812039425,13.099441671426131
2020-07-18T12:00:00Z,33.57023660175,13.727401441162076
2020-07-18T13:00:00Z,34.11108778,14.131558264475078
2020-07-18T14:00:00Z,34.49446468225,14.356736924397216
2020-07-18T15:00:00Z,33.5250087105,14.545063797094016
2020-07-18T16:00:00Z,33.5050417655,14.450995165924438
2020-07-18T17:00:00Z,35.06880768525,14.237646554004188
2020-07-18T18:00:00Z,33.641464407499996,13.29969672304623
2020-07-18T19:00:00Z,31.946315882,10.383749503154487
2020-07-18T20:00:00Z,32.05245687125,7.5585001207468965
2020-07-18T21:00:00Z,31.90436272425,7.218022211044552
2020-07-18T22:00:00Z,33.740734720000006,7.218022211044552
2020-07-18T23:00:00Z,32.732432711,7.218022211044552
2020-07-19T00:00:00Z,32.72846196425,7.218022211044552
2020-07-19T01:00:00Z,34.3616604025,7.218022211044552
2020-07-19T02:00:00Z,33.189990717,7.218022211044552
2020-07-19T03:00:00Z,33.68484305225,7.218022211044552
2020-07-19T04:00:00Z,32.799529946250004,7.218022211044552
2020-07-19T05:00:00Z,32.18474688525,7.218022211044552
2020-07-19T06:00:00Z,37.56417164375,7.218022211044552
2020-07-19T07:00:00Z,37.015872566249996,7.218022211044552
2020-07-19T08:00:00Z,37.072980854250005,7.218022211044552
2020-07-19T09:00:00Z,37.3371117435,7.218022211044552
2020-07-19T10:00:00Z,36.6769330085,7.626834176820965
2020-07-19T11:00:00Z,36.12792759175,9.503530890331835
2020-07-19T12:00:00Z,37.95388182725,11.201501838615561
2020-07-19T13:00:00Z,38.1906539715,12.348656200072819
2020-07-19T14:00:00Z,37.77774683375,12.543600446706302
2020-07-19T15:00:00Z,44.3302699355,11.877611886142452
2020-07-19T16:00:00Z,42.426615295750004,10.809020896620538
2020-07-19T17:00:00Z,36.71412063025,9.768128932945885
2020-07-19T18:00:00Z,36.33783295925,8.41652808660858
2020-07-19T19:00:00Z,35.383738975,7.278105556047743
2020-07-19T20:00:00Z,34.740967043,7.218022211044552
2020-07-19T21:00:00Z,36.0895731845,7.218022211044552
2020-07-19T22:00:00Z,34.091822910750004,7.218022211044552
2020-07-19T23:00:00Z,33.478633604500004,7.218022211044552
2020-07-20T00:00:00Z,33.75926437575,5.391995383069559
2020-07-20T01:00:00Z,35.6538466235,5.391995383069559
2020-07-20T02:00:00Z,36.978861775,5.391995383069559
2020-07-20T03:00:00Z,36.708671217,5.391995383069559
2020-07-20T04:00:00Z,37.52596211275,26.107599181562065
2020-07-20T05:00:00Z,36.20688392925,46.817565442361385
2020-07-20T06:00:00Z,36.00034596025,46.313673039056326
2020-07-20T07:00:00Z,34.40597277725,45.12682927620117
2020-07-20T08:00:00Z,35.032183715500004,52.68131239461707
2020-07-20T09:00:00Z,34.233075951000004,52.68131239461707
2020-07-20T10:00:00Z,35.0754431055,52.95067509875559
2020-07-20T11:00:00Z,36.10597783475,58.11264182252624
2020-07-20T12:00:00Z,36.46606913725,65.52596086824667
2020-07-20T13:00:00Z,36.454660498,67.25648162505897
2020-07-20T14:00:00Z,34.406762691750004,68.76963739408419
2020-07-20T15:00:00Z,36.00502053525,68.01295083165985
2020-07-20T16:00:00Z,41.6718381895,67.07747286881093
2020-07-20T17:00:00Z,41.98937035,67.43779820034794
2020-07-20T18:00:00Z,45.960451479,57.686286383442514
2020-07-20T19:00:00Z,42.100681307,49.73536171735596
2020-07-20T20:00:00Z,45.716034123,48.20414031055457
2020-07-20T21:00:00Z,42.2406661635,48.20414031055457
2020-07-20T22:00:00Z,38.39272013225,48.20414031055457
2020-07-20T23:00:00Z,35.7806055265,5.391995383069559
2020-07-21T00:00:00Z,37.447898376,5.391995383069559
2020-07-21T01:00:00Z,36.93395962725,5.391995383069559
2020-07-21T02:00:00Z,37.631113395750006,5.391995383069559
2020-07-21T03:00:00Z,37.701471436,5.391995383069559
2020-07-21T04:00:00Z,38.094711399,26.107599181562065
2020-07-21T05:00:00Z,37.541852972,46.823202980054575
2020-07-21T06:00:00Z,36.128146725,46.823202980054575
2020-07-21T07:00:00Z,35.9714599135,46.823202980054575
2020-07-21T08:00:00Z,34.24388879125,53.78432123473085
2020-07-21T09:00:00Z,36.647570193250004,58.02143424007564
2020-07-21T10:00:00Z,35.56815922625,62.87966543897003
2020-07-21T11:00:00Z,36.08458348375,66.08703775815472
2020-07-21T12:00:00Z,35.95359775775,64.26006988110832
2020-07-21T13:00:00Z,40.529715820999996,71.47558441704619
2020-07-21T14:00:00Z,39.8648332235,76.52028734425369
2020-07-21T15:00:00Z,35.188763357250004,76.23232544503453
2020-07-21T16:00:00Z,33.76794560725,74.43935686995196
2020-07-21T17:00:00Z,31.6793262345,65.97600397363375
2020-07-21T18:00:00Z,34.4780202085,49.96695230373998
2020-07-21T19:00:00Z,34.36679895525,42.72370175938674
2020-07-21T20:00:00Z,33.804506399,41.771245815989076
2020-07-21T21:00:00Z,34.202989927,41.771245815989076
2020-07-21T22:00:00Z,36.91345909275,41.771245815989076
2020-07-21T23:00:00Z,38.8142821375,5.391995383069559
2020-07-22T00:00:00Z,45.0233761915,5.391995383069559
2020-07-22T01:00:00Z,33.809265491000005,5.391995383069559
2020-07-22T02:00:00Z,33.9601577115,5.391995383069559
2020-07-22T03:00:00Z,35.2602145945,5.391995383069559
2020-07-22T04:00:00Z,36.256269986250004,26.107599181562065
2020-07-22T05:00:00Z,33.58449156575,46.823202980054575
2020-07-22T06:00:00Z,34.513355005250006,46.823202980054575
2020-07-22T07:00:00Z,31.47164157775,46.823202980054575
2020-07-22T08:00:00Z,34.23023355425,53.065575660134726
2020-07-22T09:00:00Z,30.74423207125,59.892002188284
2020-07-22T10:00:00Z,32.5737608525,65.88493569526035
2020-07-22T11:00:00Z,33.521636442,69.9444041060092
2020-07-22T12:00:00Z,32.385012242,75.43874519566795
2020-07-22T13:00:00Z,33.36670668125,75.01442175263495
2020-07-22T14:00:00Z,31.637961011,73.71100830360653
2020-07-22T15:00:00Z,32.21082991175,70.4225357861373
2020-07-22T16:00:00Z,31.336586556249998,67.73846272865657
2020-07-22T17:00:00Z,35.46239750125,63.78306993996135
2020-07-22T18:00:00Z,36.058472803499996,54.41156421672869
2020-07-22T19:00:00Z,35.815465676,49.53424965449998
2020-07-22T20:00:00Z,35.91121469725,46.111665317373706
2020-07-22T21:00:00Z,29.477398769500002,43.825986960279195
2020-07-22T22:00:00Z,30.626265516500002,43.67662369056798
2020-07-22T23:00:00Z,32.1416291785,5.391995383069559
2020-07-23T00:00:00Z,34.9692867355,5.391995383069559
2020-07-23T01:00:00Z,35.38418965075,5.391995383069559
2020-07-23T02:00:00Z,36.512681502250004,5.391995383069559
2020-07-23T03:00:00Z,35.61551991325,5.391995383069559
2020-07-23T04:00:00Z,37.878192299750005,26.107599181562065
2020-07-23T05:00:00Z,33.948264317,46.823202980054575
2020-07-23T06:00:00Z,35.232972294250004,46.823202980054575
2020-07-23T07:00:00Z,35.500652507,46.823202980054575
2020-07-23T08:00:00Z,34.983196134,53.85716590414182
2020-07-23T09:00:00Z,36.04492317475,58.95813187805141
2020-07-23T10:00:00Z,35.11300384425,61.643707003172075
2020-07-23T11:00:00Z,37.01019693925,65.54437491114408
2020-07-23T12:00:00Z,38.56438098225,71.76266873461671
2020-07-23T13:00:00Z,37.03139180775,75.57537152029639
2020-07-23T14:00:00Z,42.624157555,74.73702575604648
2020-07-23T15:00:00Z,42.259662679,72.90116327057446
2020-07-23T16:00:00Z,38.69614508625,72.79404068699117
2020-07-23T17:00:00Z,46.42947237,69.50691288058076
2020-07-23T18:00:00Z,50.77206713975,61.91731366279259
2020-07-23T19:00:00Z,41.8015276055,51.765423520812575
2020-07-23T20:00:00Z,43.6481775185,43.67662369056798
2020-07-23T21:00:00Z,43.12914827025,43.67662369056798
2020-07-23T22:00:00Z,38.71377457825,43.67662369056798
2020-07-23T23:00:00Z,40.274700317,5.391995383069559
2020-07-24T00:00:00Z,41.3182787115,5.391995383069559
2020-07-24T01:00:00Z,39.694527431000004,5.391995383069559
2020-07-24T02:00:00Z,38.47077625125,5.391995383069559
2020-07-24T03:00:00Z,39.27608921475,5.391995383069559
2020-07-24T04:00:00Z,40.191721521000005,26.107599181562065
2020-07-24T05:00:00Z,39.2848577505,46.823202980054575
2020-07-24T06:00:00Z,37.93414710725,46.823202980054575
2020-07-24T07:00:00Z,38.1351927585,46.823202980054575
2020-07-24T08:00:00Z,37.157358829,52.68131239461707
2020-07-24T09:00:00Z,37.46627846,58.12435269293276
2020-07-24T10:00:00Z,38.2523206055,69.09980661217647
2020-07-24T11:00:00Z,37.8964758125,75.61791540629254
2020-07-24T12:00:00Z,35.9820273405,77.21765415597325
2020-07-24T13:00:00Z,37.79656060075,73.98568541296606
2020-07-24T14:00:00Z,35.487901061,74.07910787268486
2020-07-24T15:00:00Z,36.485552212,73.95474739121522
2020-07-24T16:00:00Z,41.19415372975,69.80809621558981
2020-07-24T17:00:00Z,41.5990619555,66.06125689336794
2020-07-24T18:00:00Z,40.07907092325,55.62686564071505
2020-07-24T19:00:00Z,41.27288219725,47.412440798829266
2020-07-24T20:00:00Z,39.533493377,43.67662369056798
2020-07-24T21:00:00Z,37.374044944000005,43.67662369056798
2020-07-24T22:00:00Z,35.715289692,43.67662369056798
2020-07-24T23:00:00Z,35.369014871750004,5.391995383069559
2020-07-25T00:00:00Z,36.52968788775,7.218022211044552
2020-07-25T01:00:00Z,36.688523469,7.218022211044552
2020-07-25T02:00:00Z,36.75088619175,7.218022211044552
2020-07-25T03:00:00Z,36.744534834250004,7.218022211044552
2020-07-25T04:00:00Z,35.05489019,7.218022211044552
2020-07-25T05:00:00Z,36.062339961,7.218022211044552
2020-07-25T06:00:00Z,36.5132771185,7.218022211044552
2020-07-25T07:00:00Z,30.725174919,7.263555361957301
2020-07-25T08:00:00Z,32.04191822725,8.737016325889165
2020-07-25T09:00:00Z,32.79241795525,11.419361462369139
2020-07-25T10:00:00Z,32.26281910825,13.211426754414171
2020-07-25T11:00:00Z,32.24031016075,14.266412168662225
2020-07-25T12:00:00Z,32.87343275475,15.019580875322353
2020-07-25T13:00:00Z,33.099242638999996,15.754039175975779
2020-07-25T14:00:00Z,33.2594213965,15.855527116564215
2020-07-25T15:00:00Z,32.7052244765,15.579651503544905
2020-07-25T16:00:00Z,32.91997597700001,14.886396822972976
2020-07-25T17:00:00Z,32.18691194225,12.497349714364518
2020-07-25T18:00:00Z,31.79172042475,9.224034689596815
2020-07-25T19:00:00Z,32.48407019875,7.289687883436575
2020-07-25T20:00:00Z,31.87053714325,7.218022211044552
2020-07-25T21:00:00Z,31.964382799,7.218022211044552
2020-07-25T22:00:00Z,32.46395864875,7.218022211044552
2020-07-25T23:00:00Z,32.990680733000005,7.218022211044552
2020-07-26T00:00:00Z,32.81839055675,7.218022211044552
2020-07-26T01:00:00Z,31.1513977175,7.218022211044552
2020-07-26T02:00:00Z,33.49068634625,7.218022211044552
2020-07-26T03:00:00Z,34.61576387625,7.218022211044552
2020-07-26T04:00:00Z,34.5463802305,7.218022211044552
2020-07-26T05:00:00Z,32.7118635915,7.218022211044552
2020-07-26T06:00:00Z,37.38088527225,7.218022211044552
2020-07-26T07:00:00Z,39.158976518,7.218022211044552
2020-07-26T08:00:00Z,38.26719509275,7.218022211044552
2020-07-26T09:00:00Z,38.37203553125,7.799823930120354
2020-07-26T10:00:00Z,38.41251841175,11.071750628746575
2020-07-26T11:00:00Z,39.1161188305,13.266485153876667
2020-07-26T12:00:00Z,39.188814662,14.32918247938461
2020-07-26T13:00:00Z,39.126218915500004,14.956705147737294
2020-07-26T14:00:00Z,38.56438953125,15.29971752738794
2020-07-26T15:00:00Z,38.55141848275,15.172714972942538
2020-07-26T16:00:00Z,38.37449171625,14.22377331467139
2020-07-26T17:00:00Z,36.70479973575,12.809201885046495
2020-07-26T18:00:00Z,38.1082071465,10.134350579119939
2020-07-26T19:00:00Z,44.384403987750005,7.571277172273098
2020-07-26T20:00:00Z,39.451670764,7.218022211044552
2020-07-26T21:00:00Z,35.44532854125,7.218022211044552
2020-07-26T22:00:00Z,37.600797041999996,7.218022211044552
2020-07-26T23:00:00Z,36.54820133175,7.218022211044552
2020-07-27T00:00:00Z,37.27106178525,5.391995383069559
2020-07-27T01:00:00Z,39.06303478275,5.391995383069559
2020-07-27T02:00:00Z,39.8239402855,5.391995383069559
2020-07-27T03:00:00Z,39.33970881425,5.391995383069559
2020-07-27T04:00:00Z,37.97622023975,26.107599181562065
2020-07-27T05:00:00Z,38.26560617275,46.7538934663092
2020-07-27T06:00:00Z,38.375126509750004,45.95678447084468
2020-07-27T07:00:00Z,38.073867386,44.311953282925415
2020-07-27T08:00:00Z,38.43868289275,54.63424143853561
2020-07-27T09:00:00Z,38.830244049,67.41912935778464
2020-07-27T10:00:00Z,37.6160935975,76.50424065139853
2020-07-27T11:00:00Z,38.38001854275,83.36063047670406
2020-07-27T12:00:00Z,39.3776525635,86.4604735603486
2020-07-27T13:00:00Z,39.94688337575,85.94455495892426
2020-07-27T14:00:00Z,40.72694814375,80.87443534002327
2020-07-27T15:00:00Z,42.42699429925,79.266190811814
2020-07-27T16:00:00Z,42.1566652195,78.72210746394946
2020-07-27T17:00:00Z,40.531122230250006,73.08241884653759
2020-07-27T18:00:00Z,37.2620429005,57.70751646042113
2020-07-27T19:00:00Z,39.926322501499996,46.35911741723051
2020-07-27T20:00:00Z,40.012190429,43.79269710119297
2020-07-27T21:00:00Z,40.45490591975,44.213372576708664
2020-07-27T22:00:00Z,38.534038514,43.67662369056798
2020-07-27T23:00:00Z,39.6580372195,5.391995383069559
2020-07-28T00:00:00Z,41.29252822675,5.391995383069559
2020-07-28T01:00:00Z,38.21014243175,5.391995383069559
2020-07-28T02:00:00Z,39.71557993025,5.391995383069559
2020-07-28T03:00:00Z,40.04291026775,5.391995383069559
2020-07-28T04:00:00Z,39.88177049725,26.107599181562065
2020-07-28T05:00:00Z,38.293256678,46.823202980054575
2020-07-28T06:00:00Z,37.643900511750005,46.823202980054575
2020-07-28T07:00:00Z,37.69954404975,46.823202980054575
2020-07-28T08:00:00Z,37.58449400925,52.68131239461707
2020-07-28T09:00:00Z,36.9908958085,59.76085838801222
2020-07-28T10:00:00Z,37.346631611250004,71.00639815521963
2020-07-28T11:00:00Z,37.08841062725,76.83670199240959
2020-07-28T12:00:00Z,38.6111244435,77.32715125905153
2020-07-28T13:00:00Z,40.0371224195,80.9532494075711
2020-07-28T14:00:00Z,40.86494466825,80.39135438893622
2020-07-28T15:00:00Z,41.11827990975,82.0784860288925
2020-07-28T16:00:00Z,43.063054550000004,81.60221350519906
2020-07-28T17:00:00Z,40.419991505249996,80.09813574509755
2020-07-28T18:00:00Z,38.91761477625,69.51635241872873
2020-07-28T19:00:00Z,40.360599237,56.57323960862485
2020-07-28T20:00:00Z,40.32622044825,47.193570869942285
2020-07-28T21:00:00Z,40.01859537225,45.34234392909108
2020-07-28T22:00:00Z,38.635687839750005,45.04199762611547
2020-07-28T23:00:00Z,39.2564309805,5.391995383069559
2020-07-29T00:00:00Z,42.4901129935,5.391995383069559
2020-07-29T01:00:00Z,39.938826135250004,5.391995383069559
2020-07-29T02:00:00Z,39.916727169750004,5.391995383069559
2020-07-29T03:00:00Z,42.28604933425,5.391995383069559
2020-07-29T04:00:00Z,39.443964477,26.107599181562065
2020-07-29T05:00:00Z,39.42903996025,46.823202980054575
2020-07-29T06:00:00Z,38.27414003,46.823202980054575
2020-07-29T07:00:00Z,39.367308593000004,46.823202980054575
2020-07-29T08:00:00Z,38.974685466749996,53.758113080067126
2020-07-29T09:00:00Z,38.52179781025,64.5564660779924
2020-07-29T10:00:00Z,37.6807506465,69.5941729495783
2020-07-29T11:00:00Z,38.6981180285,74.18736814470377
2020-07-29T12:00:00Z,40.1451668125,80.17333308374893
2020-07-29T13:00:00Z,42.742207257000004,81.16799882570591
2020-07-29T14:00:00Z,40.81246680425,81.40573796213074
2020-07-29T15:00:00Z,42.504096720999996,78.0300531619811
2020-07-29T16:00:00Z,42.25078992575,77.48513260880735
2020-07-29T17:00:00Z,42.699512907499994,77.8551004602655
2020-07-29T18:00:00Z,42.007508147,67.35829833745906
2020-07-29T19:00:00Z,37.83679857275,54.22115259581036
2020-07-29T20:00:00Z,38.27404733425,44.98631079081628
2020-07-29T21:00:00Z,39.189686615,43.871139607192035
2020-07-29T22:00:00Z,42.00996692675,43.315022490339956
2020-07-29T23:00:00Z,39.134322424000004,5.391995383069559
2020-07-30T00:00:00Z,42.663660378500005,5.391995383069559
2020-07-30T01:00:00Z,37.7966867755,5.391995383069559
2020-07-30T02:00:00Z,39.164300663,5.391995383069559
2020-07-30T03:00:00Z,40.60144740125,5.391995383069559
2020-07-30T04:00:00Z,41.59509300675,26.107599181562065
2020-07-30T05:00:00Z,38.846983048750005,46.823202980054575
2020-07-30T06:00:00Z,38.44693802975,46.823202980054575
2020-07-30T07:00:00Z,36.661708594000004,46.823202980054575
2020-07-30T08:00:00Z,36.783836959,52.68131239461707
2020-07-30T09:00:00Z,37.46611151525,52.68131239461707
2020-07-30T10:00:00Z,37.61117139675,56.55126648498469
2020-07-30T11:00:00Z,39.196126797000005,68.24809434188045
2020-07-30T12:00:00Z,38.54581754825,77.03936851564134
2020-07-30T13:00:00Z,46.74499549125,80.36680569212781
2020-07-30T14:00:00Z,42.1198185085,79.33645904479792
2020-07-30T15:00:00Z,39.8971946085,78.43532279532793
2020-07-30T16:00:00Z,41.878810818,78.2799473397345
2020-07-30T17:00:00Z,40.86071123725,74.95310937165694
2020-07-30T18:00:00Z,39.760868344,64.39630474902228
2020-07-30T19:00:00Z,41.9356442705,54.05651502031964
2020-07-30T20:00:00Z,43.3472498125,45.70007722308407
2020-07-30T21:00:00Z,42.60209758675,43.46802020220555
2020-07-30T22:00:00Z,43.86788779925,41.89325010194748
2020-07-30T23:00:00Z,45.4395648865,5.391995383069559
2020-07-31T00:00:00Z,37.566316627,5.391995383069559
2020-07-31T01:00:00Z,40.5652558625,5.391995383069559
2020-07-31T02:00:00Z,41.813731891,5.391995383069559
2020-07-31T03:00:00Z,39.6702082045,5.391995383069559
2020-07-31T04:00:00Z,38.9063280595,26.107599181562065
2020-07-31T05:00:00Z,41.09076397325,46.823202980054575
2020-07-31T06:00:00Z,42.71905548275,46.823202980054575
2020-07-31T07:00:00Z,41.31005451425,46.823202980054575
2020-07-31T08:00:00Z,42.93023096175,52.68131239461707
2020-07-31T09:00:00Z,42.10535098675,57.59109807799998
2020-07-31T10:00:00Z,42.41829013325,70.43487595146065
2020-07-31T11:00:00Z,41.33444619725,82.68055092620959
2020-07-31T12:00:00Z,42.12508711425,82.10247425569584
2020-07-31T13:00:00Z,43.8846635755,81.39707663794259
2020-07-31T14:00:00Z,41.43050427875,83.33672761714229
2020-07-31T15:00:00Z,40.4850464285,83.9188206931647
2020-07-31T16:00:00Z,41.60423325175,82.11514612607256
2020-07-31T17:00:00Z,41.375196789499995,80.63912426487285
2020-07-31T18:00:00Z,41.821015844,73.81521163645967
2020-07-31T19:00:00Z,41.68804767725,66.20357528110834
2020-07-31T20:00:00Z,41.60950483075,54.06876801884382
2020-07-31T21:00:00Z,48.84509915025,45.685344181037735
2020-07-31T22:00:00Z,54.71249453425,41.86151601413289
2020-07-31T23:00:00Z,53.44890046325,5.391995383069559
2020-08-01T00:00:00Z,53.7271148525,7.218022211044552
2020-08-01T01:00:00Z,52.85051238375,7.218022211044552
2020-08-01T02:00:00Z,47.6887231525,7.218022211044552
2020-08-01T03:00:00Z,39.51241462425,7.218022211044552
2020-08-01T04:00:00Z,38.34353930625,7.218022211044552
2020-08-01T05:00:00Z,38.2820953145,7.218022211044552
2020-08-01T06:00:00Z,37.575641054,7.218022211044552
2020-08-01T07:00:00Z,33.82581883575,7.218022211044552
2020-08-01T08:00:00Z,33.7370453975,8.356284566814535
2020-08-01T09:00:00Z,32.02317543475,11.658628044817073
2020-08-01T10:00:00Z,32.001885953750005,14.446999842828847
2020-08-01T11:00:00Z,32.73835245125,16.275527745849086
2020-08-01T12:00:00Z,32.15941404225,17.48075527847901
2020-08-01T13:00:00Z,34.425355775,18.35244345868085
2020-08-01T14:00:00Z,33.87962518575,18.95169490737782
2020-08-01T15:00:00Z,32.21609506425,19.570942042756794
2020-08-01T16:00:00Z,30.590620157500002,19.754368200517497
2020-08-01T17:00:00Z,30.70489769625,18.86588332520815
2020-08-01T18:00:00Z,31.592846170500003,16.904884787726658
2020-08-01T19:00:00Z,37.0267770065,13.626981130256487
2020-08-01T20:00:00Z,44.07876697025,9.631558399870029
2020-08-01T21:00:00Z,45.132368152249995,7.319733774885034
2020-08-01T22:00:00Z,45.9478825125,7.218022211044552
2020-08-01T23:00:00Z,45.91694270475,7.218022211044552
2020-08-02T00:00:00Z,44.698413878,7.218022211044552
2020-08-02T01:00:00Z,46.96904860675,7.218022211044552
2020-08-02T02:00:00Z,39.1588261605,7.218022211044552
2020-08-02T03:00:00Z,32.91558200875,7.218022211044552
2020-08-02T04:00:00Z,33.0562108725,7.218022211044552
2020-08-02T05:00:00Z,32.65169028075,7.218022211044552
2020-08-02T06:00:00Z,37.03319261825,7.218022211044552
2020-08-02T07:00:00Z,36.888177632499996,7.218022211044552
2020-08-02T08:00:00Z,36.744593853750004,7.218022211044552
2020-08-02T09:00:00Z,36.36238312575,10.255451856608918
2020-08-02T10:00:00Z,36.28694975325,13.756939126322981
2020-08-02T11:00:00Z,36.4798996515,16.103610879985446
2020-08-02T12:00:00Z,36.80809344425,16.86867941117344
2020-08-02T13:00:00Z,36.75916598925,17.233780974939656
2020-08-02T14:00:00Z,36.880072768000005,18.070764020616938
2020-08-02T15:00:00Z,36.788623253249995,18.60684077767427
2020-08-02T16:00:00Z,35.95057127375,18.6671694450591
2020-08-02T17:00:00Z,36.274970993,18.50873767246927
2020-08-02T18:00:00Z,36.27087666825,17.38047014994958
2020-08-02T19:00:00Z,40.4647947915,14.433179739051392
2020-08-02T20:00:00Z,40.18698340425,12.21139917716094
2020-08-02T21:00:00Z,53.17047168575,12.374175614715877
2020-08-02T22:00:00Z,53.7454381145,12.072444900465461
2020-08-02T23:00:00Z,53.569556651,11.341160023715434
2020-08-03T00:00:00Z,53.78962416025,8.941119036847875
2020-08-03T01:00:00Z,54.632253884,8.70564580230508
2020-08-03T02:00:00Z,47.626729263,8.860924874579142
2020-08-03T03:00:00Z,42.88160312425,8.430597364938459
2020-08-03T04:00:00Z,42.269411575,34.02189645313906
2020-08-03T05:00:00Z,42.14672026375,60.26187026850021
2020-08-03T06:00:00Z,40.559501889,60.714946768988206
2020-08-03T07:00:00Z,41.18881275975,62.716444248838094
2020-08-03T08:00:00Z,41.03651967075,78.6820835051802
2020-08-03T09:00:00Z,40.436138213,88.36438534370518
2020-08-03T10:00:00Z,40.57504810925,94.10279575629397
2020-08-03T11:00:00Z,40.343167384,98.91159077681702
2020-08-03T12:00:00Z,41.65057526425,96.06692487091622
2020-08-03T13:00:00Z,41.474038795750005,89.35845784236318
2020-08-03T14:00:00Z,47.61996353725,90.88882236043575
2020-08-03T15:00:00Z,47.8824472695,93.60613471757401
2020-08-03T16:00:00Z,45.852887134250004,92.56816189827836
2020-08-03T17:00:00Z,61.47641763525,88.98421963972226
2020-08-03T18:00:00Z,58.0809386885,77.18023896484418
2020-08-03T19:00:00Z,58.20758273275,69.52749458259851
2020-08-03T20:00:00Z,56.04466226375,58.50982364585381
2020-08-03T21:00:00Z,57.3763052735,51.84895491121644
2020-08-03T22:00:00Z,58.97289358175,48.5460577631295
2020-08-03T23:00:00Z,58.17419843275,6.329668639408878
2020-08-04T00:00:00Z,59.90076132075,5.879157414779245
2020-08-04T01:00:00Z,59.742193375,5.391995383069559
2020-08-04T02:00:00Z,52.48104998275,5.391995383069559
2020-08-04T03:00:00Z,40.667983873,5.391995383069559
2020-08-04T04:00:00Z,39.2807295205,26.107599181562065
2020-08-04T05:00:00Z,38.028614247,46.823202980054575
2020-08-04T06:00:00Z,38.155432154500005,48.316063572351155
2020-08-04T07:00:00Z,36.89110376075,50.72413164239554
2020-08-04T08:00:00Z,34.94726141175,63.04952196978088
2020-08-04T09:00:00Z,34.908536070000004,69.53903889479419
2020-08-04T10:00:00Z,35.5965405525,73.61612979767042
2020-08-04T11:00:00Z,37.20189564825,76.36478770876269
2020-08-04T12:00:00Z,37.13832845275,76.22724321954819
2020-08-04T13:00:00Z,39.514702806500004,76.49622939589203
2020-08-04T14:00:00Z,37.41401419,77.67329851450019
2020-08-04T15:00:00Z,37.896382386249996,78.44153267422965
2020-08-04T16:00:00Z,49.3857303225,77.82263510956031
2020-08-04T17:00:00Z,54.3138417025,75.00728289230634
2020-08-04T18:00:00Z,48.773009245,61.59574063580753
2020-08-04T19:00:00Z,49.0302994165,54.663765114360956
2020-08-04T20:00:00Z,42.65876669125,50.70000137043949
2020-08-04T21:00:00Z,41.3693583655,47.85491723674035
2020-08-04T22:00:00Z,42.6619269855,44.464464414254884
2020-08-04T23:00:00Z,41.51844050675,5.391995383069559
2020-08-05T00:00:00Z,37.176588978,5.391995383069559
2020-08-05T01:00:00Z,35.9176865725,5.391995383069559
2020-08-05T02:00:00Z,37.249320674,5.391995383069559
2020-08-05T03:00:00Z,33.19298783,5.391995383069559
2020-08-05T04:00:00Z,35.53229058075,26.107599181562065
2020-08-05T05:00:00Z,32.817534877,46.823202980054575
2020-08-05T06:00:00Z,34.94237082775,46.823202980054575
2020-08-05T07:00:00Z,33.97314721775,46.823202980054575
2020-08-05T08:00:00Z,33.41174309375,52.68131239461707
2020-08-05T09:00:00Z,33.30508774075,52.73944390084185
2020-08-05T10:00:00Z,34.9895710265,53.47278358059863
2020-08-05T11:00:00Z,35.7686860195,58.29552046746447
2020-08-05T12:00:00Z,35.3748164675,65.70585861382662
2020-08-05T13:00:00Z,35.90033592,65.60330036580031
2020-08-05T14:00:00Z,34.52047639975,61.043263483639784
2020-08-05T15:00:00Z,33.3239765855,58.6471452440933
2020-08-05T16:00:00Z,36.846186788749996,55.31352031978571
2020-08-05T17:00:00Z,36.979905950749995,52.08477509800154
2020-08-05T18:00:00Z,40.4580030595,45.80122819585282
2020-08-05T19:00:00Z,32.628862791,43.576949119295776
2020-08-05T20:00:00Z,29.29168450275,41.55391473561798
2020-08-05T21:00:00Z,19.10113802875,41.47886880287416
2020-08-05T22:00:00Z,28.938446046,40.943172011289974
2020-08-05T23:00:00Z,16.50577650025,5.391995383069559
2020-08-06T00:00:00Z,16.303912064000002,5.391995383069559
2020-08-06T01:00:00Z,19.81164852375,5.391995383069559
2020-08-06T02:00:00Z,25.2449518655,5.391995383069559
2020-08-06T03:00:00Z,23.353094017,5.391995383069559
2020-08-06T04:00:00Z,28.18236862175,26.107599181562065
2020-08-06T05:00:00Z,33.80460713875,46.823202980054575
2020-08-06T06:00:00Z,33.04381654525,46.823202980054575
2020-08-06T07:00:00Z,31.857178856250002,47.264000728558734
2020-08-06T08:00:00Z,35.538736201,64.26774517278535
2020-08-06T09:00:00Z,34.765864704,76.00307912670371
2020-08-06T10:00:00Z,35.7140226235,77.22982100063597
2020-08-06T11:00:00Z,33.5729272985,77.9043763840269
2020-08-06T12:00:00Z,36.12016054925,76.87945819609435
2020-08-06T13:00:00Z,39.326051856,79.65101350357885
2020-08-06T14:00:00Z,38.1741778875,81.6409801587598
2020-08-06T15:00:00Z,40.312887749,80.85913877297999
2020-08-06T16:00:00Z,40.52760884375,81.05264089684636
2020-08-06T17:00:00Z,42.93454076025,80.32462397032877
2020-08-06T18:00:00Z,43.56058469675,72.65933608859541
2020-08-06T19:00:00Z,41.824484080750004,67.94387519751857
2020-08-06T20:00:00Z,41.181505888,56.58277856840736
2020-08-06T21:00:00Z,51.8685032285,50.001000610248894
2020-08-06T22:00:00Z,54.86726276175,46.837145334518716
2020-08-06T23:00:00Z,54.30875063175,5.444193376092243
2020-08-07T00:00:00Z,59.766134447249996,5.391995383069559
2020-08-07T01:00:00Z,55.582101998,5.391995383069559
2020-08-07T02:00:00Z,56.622983643,5.391995383069559
2020-08-07T03:00:00Z,39.907808083,5.391995383069559
2020-08-07T04:00:00Z,44.561949812,26.107599181562065
2020-08-07T05:00:00Z,36.902603873749996,46.823202980054575
2020-08-07T06:00:00Z,35.971167495,46.823202980054575
2020-08-07T07:00:00Z,35.975337111,51.2888671067003
2020-08-07T08:00:00Z,36.476892835,67.96395727819102
2020-08-07T09:00:00Z,37.26223769225,79.36371983283003
2020-08-07T10:00:00Z,37.455914726,76.86845428935439
2020-08-07T11:00:00Z,36.022231882,76.56202569284498
2020-08-07T12:00:00Z,39.3768328845,76.94027096508215
2020-08-07T13:00:00Z,39.18581275425,77.74299000701889
2020-08-07T14:00:00Z,44.462002143250004,77.71842205312508
2020-08-07T15:00:00Z,37.87845674025,76.49407331226216
2020-08-07T16:00:00Z,36.791189689999996,75.89121296758405
2020-08-07T17:00:00Z,38.1648866185,72.07984478145632
2020-08-07T18:00:00Z,37.3013132905,62.415844764988215
2020-08-07T19:00:00Z,37.7726990975,59.78803478955574
2020-08-07T20:00:00Z,41.503687236,55.529351425729395
2020-08-07T21:00:00Z,39.9013526605,48.91943940624701
2020-08-07T22:00:00Z,48.40310600425,45.47753118936742
2020-08-07T23:00:00Z,47.942346408,5.391995383069559
2020-08-08T00:00:00Z,38.48393085375,7.218022211044552
2020-08-08T01:00:00Z,38.021211842,7.218022211044552
2020-08-08T02:00:00Z,38.99769955775,7.218022211044552
2020-08-08T03:00:00Z,40.347074659,7.218022211044552
2020-08-08T04:00:00Z,40.76475201225,7.218022211044552
2020-08-08T05:00:00Z,39.627633648,7.218022211044552
2020-08-08T06:00:00Z,37.813402025,7.218022211044552
2020-08-08T07:00:00Z,33.59599779575,7.218022211044552
2020-08-08T08:00:00Z,33.94861752925,8.60940903062208
2020-08-08T09:00:00Z,34.3478562665,11.805139768483206
2020-08-08T10:00:00Z,34.58474835475,13.513041463028689
2020-08-08T11:00:00Z,34.57884178675,14.087884588971198
2020-08-08T12:00:00Z,35.1367131655,14.653403904127417
2020-08-08T13:00:00Z,36.41955037975,14.816483572052718
2020-08-08T14:00:00Z,35.905943927500005,15.486078284587183
2020-08-08T15:00:00Z,34.15851549775,15.614647174506388
2020-08-08T16:00:00Z,33.237605737,15.305777895070335
2020-08-08T17:00:00Z,34.830397836,14.48688922437348
2020-08-08T18:00:00Z,33.866055627,12.16651377426148
2020-08-08T19:00:00Z,36.515044487,9.06042093315539
2020-08-08T20:00:00Z,33.765696827,7.302099407720932
2020-08-08T21:00:00Z,32.16014922675,7.218022211044552
2020-08-08T22:00:00Z,33.466159347499996,7.218022211044552
2020-08-08T23:00:00Z,33.27760794925,7.218022211044552
2020-08-09T00:00:00Z,34.0324847515,7.218022211044552
2020-08-09T01:00:00Z,34.203001875,7.218022211044552
2020-08-09T02:00:00Z,34.126257994,7.218022211044552
2020-08-09T03:00:00Z,35.394550460750004,7.218022211044552
2020-08-09T04:00:00Z,34.7204822595,7.218022211044552
2020-08-09T05:00:00Z,35.0975560415,7.218022211044552
2020-08-09T06:00:00Z,37.01726753775,7.218022211044552
2020-08-09T07:00:00Z,38.231072953500004,8.36245569934583
2020-08-09T08:00:00Z,37.4939471825,11.063958117164452
2020-08-09T09:00:00Z,38.062403302999996,14.990377024059937
2020-08-09T10:00:00Z,37.967478165,17.84788137123543
2020-08-09T11:00:00Z,38.25390592625,19.134333331666863
2020-08-09T12:00:00Z,38.2218283385,19.74974122322062
2020-08-09T13:00:00Z,38.131377530500004,20.117801121214356
2020-08-09T14:00:00Z,38.86521020875,19.209683270772043
2020-08-09T15:00:00Z,37.653029610749996,18.084865712379862
2020-08-09T16:00:00Z,38.0392703765,17.97822755118384
2020-08-09T17:00:00Z,41.992458994,17.072037624340375
2020-08-09T18:00:00Z,51.590204087749996,14.17888048438328
2020-08-09T19:00:00Z,53.745217167999996,9.572394755280163
2020-08-09T20:00:00Z,54.42791947925,7.218022211044552
2020-08-09T21:00:00Z,53.557034604500004,7.218022211044552
2020-08-09T22:00:00Z,50.3178338415,7.218022211044552
2020-08-09T23:00:00Z,41.45899315525,7.506633765614001
2020-08-10T00:00:00Z,45.644292217,5.440833161777807
2020-08-10T01:00:00Z,39.1582132385,5.391995383069559
2020-08-10T02:00:00Z,38.182177654250005,5.391995383069559
2020-08-10T03:00:00Z,39.9651337225,5.391995383069559
2020-08-10T04:00:00Z,39.7021856745,26.107599181562065
2020-08-10T05:00:00Z,38.535025654500004,46.823202980054575
2020-08-10T06:00:00Z,38.980366476,46.823202980054575
2020-08-10T07:00:00Z,39.528572453,48.12332989106549
2020-08-10T08:00:00Z,38.340926605,62.951399469801785
2020-08-10T09:00:00Z,39.34120451075,72.71860045153839
2020-08-10T10:00:00Z,39.06270293425,80.9614931784225
2020-08-10T11:00:00Z,38.94940967125,84.5860906499793
2020-08-10T12:00:00Z,40.00409518825,82.5133343779814
2020-08-10T13:00:00Z,41.23084343425,78.53179106844435
2020-08-10T14:00:00Z,40.4492235605,76.17044981556583
2020-08-10T15:00:00Z,43.605008611749994,70.74707871190552
2020-08-10T16:00:00Z,41.63155352825,64.64626118831735
2020-08-10T17:00:00Z,40.32552220325,58.24860468739811
2020-08-10T18:00:00Z,43.228358231,48.505348710481556
2020-08-10T19:00:00Z,41.42331431075,45.08997114276944
2020-08-10T20:00:00Z,41.2513449105,43.92680675956584
2020-08-10T21:00:00Z,41.91036738775,42.87237373964453
2020-08-10T22:00:00Z,42.18777698175,42.12528983066699
2020-08-10T23:00:00Z,40.854910677999996,5.391995383069559
2020-08-11T00:00:00Z,43.559380213749996,5.391995383069559
2020-08-11T01:00:00Z,37.59169983375,5.391995383069559
2020-08-11T02:00:00Z,36.53274635375,5.391995383069559
2020-08-11T03:00:00Z,36.54623886325,5.391995383069559
2020-08-11T04:00:00Z,36.877893504750006,26.107599181562065
2020-08-11T05:00:00Z,36.45159611,46.5863411653286
2020-08-11T06:00:00Z,35.82515197475,46.823202980054575
2020-08-11T07:00:00Z,36.46679354125,48.86825448494858
2020-08-11T08:00:00Z,35.852808855250004,57.95572062881059
2020-08-11T09:00:00Z,33.94090187175,62.06331846693262
2020-08-11T10:00:00Z,34.26016901225,64.28821157498712
2020-08-11T11:00:00Z,35.08873922725,65.29425188788869
2020-08-11T12:00:00Z,36.63459933225,65.03555029595506
2020-08-11T13:00:00Z,38.0590707915,69.38527259517127
2020-08-11T14:00:00Z,37.4399329335,74.46022678788482
2020-08-11T15:00:00Z,39.260925990749996,72.89397807484954
2020-08-11T16:00:00Z,48.3680151345,68.21589417683009
2020-08-11T17:00:00Z,50.919484299000004,63.327307340854745
2020-08-11T18:00:00Z,44.060591311,54.685810969701805
2020-08-11T19:00:00Z,42.354497554,49.74262488946576
2020-08-11T20:00:00Z,41.34039079475,46.39935834782789
2020-08-11T21:00:00Z,39.18670262425,45.44450528032389
2020-08-11T22:00:00Z,42.18829156875,45.03889236755093
2020-08-11T23:00:00Z,39.16801492925,5.391995383069559
2020-08-12T00:00:00Z,40.25849539125,5.391995383069559
2020-08-12T01:00:00Z,36.92784871225,5.391995383069559
2020-08-12T02:00:00Z,38.36992411075,5.391995383069559
2020-08-12T03:00:00Z,37.986764406,5.391995383069559
2020-08-12T04:00:00Z,36.50388818975,26.107599181562065
2020-08-12T05:00:00Z,35.45590087225,47.32148298318115
2020-08-12T06:00:00Z,36.9340901675,47.49122397582849
2020-08-12T07:00:00Z,38.03506855025,46.25852030807744
2020-08-12T08:00:00Z,37.53528910925,53.69825057857752
2020-08-12T09:00:00Z,37.179478867,61.65805875900861
2020-08-12T10:00:00Z,36.70237193525,71.00736271926792
2020-08-12T11:00:00Z,37.8189927155,79.45265232343114
2020-08-12T12:00:00Z,38.55509809525,81.27925380671299
2020-08-12T13:00:00Z,39.914967591,84.88490557307118
2020-08-12T14:00:00Z,39.309338699,85.61571877289325
2020-08-12T15:00:00Z,44.0515104425,85.03445294438345
2020-08-12T16:00:00Z,51.33214972575,82.00976689375858
2020-08-12T17:00:00Z,45.91579932725,79.44755206441094
2020-08-12T18:00:00Z,42.49221547275,70.2916989737902
2020-08-12T19:00:00Z,46.2487285505,58.16963458884672
2020-08-12T20:00:00Z,54.0214000925,52.86143065542597
2020-08-12T21:00:00Z,56.13093865725,56.48750183213895
2020-08-12T22:00:00Z,56.654921922,56.81126319717609
2020-08-12T23:00:00Z,58.1665864435,10.904556317141424
2020-08-13T00:00:00Z,58.904994393500004,12.229794681117646
2020-08-13T01:00:00Z,53.907566897,12.813543029177977
2020-08-13T02:00:00Z,39.084307918250005,12.454478940790644
2020-08-13T03:00:00Z,40.033793653749996,12.588841272390562
2020-08-13T04:00:00Z,40.60470188775,43.85708008974867
2020-08-13T05:00:00Z,40.03600083,74.08996081410758
2020-08-13T06:00:00Z,37.946234511,67.32631167830887
2020-08-13T07:00:00Z,39.061737164,70.44831729993138
2020-08-13T08:00:00Z,38.06636954075,78.67394895661691
2020-08-13T09:00:00Z,37.5497212365,85.02193124183529
2020-08-13T10:00:00Z,39.01708762275,94.5416684520835
2020-08-13T11:00:00Z,38.6975492005,94.18146838164587
2020-08-13T12:00:00Z,39.431624703,89.39593209940783
2020-08-13T13:00:00Z,40.51860087975,55.462913756797796
2020-08-13T14:00:00Z,40.79812566,44.395457454477366
2020-08-13T15:00:00Z,43.05024050725,42.704570568217285
2020-08-13T16:00:00Z,55.285686915750006,38.69884148412392
2020-08-13T17:00:00Z,49.53785242075,38.091011117703104
2020-08-13T18:00:00Z,53.346210296,31.533683105298273
2020-08-13T19:00:00Z,45.61186894475,28.296597518449058
2020-08-13T20:00:00Z,42.54280569775,28.23310137787972
2020-08-13T21:00:00Z,57.3256581765,29.041891534008865
2020-08-13T22:00:00Z,56.72278245125,27.341235461888637
2020-08-13T23:00:00Z,61.513909872250004,17.087883665037154
2020-08-14T00:00:00Z,62.6578009205,17.98081541775308
2020-08-14T01:00:00Z,61.79393426775,17.35215444508191
2020-08-14T02:00:00Z,59.621009789,15.903357538582734
2020-08-14T03:00:00Z,59.71157007725,15.671422079791697
2020-08-14T04:00:00Z,61.47386195375,54.70505825106229
2020-08-14T05:00:00Z,59.069161740750005,85.20301579883585
2020-08-14T06:00:00Z,51.13488157650001,76.77339585037441
2020-08-14T07:00:00Z,59.37054141275,77.07931802774132
2020-08-14T08:00:00Z,56.96524846225,78.78106172161455
2020-08-14T09:00:00Z,53.15517693825,50.991354357368614
2020-08-14T10:00:00Z,43.94742335275,41.27972162330649
2020-08-14T11:00:00Z,56.66330093125,44.33548765120412
2020-08-14T12:00:00Z,56.726526835,36.830931661628675
2020-08-14T13:00:00Z,56.9727502365,36.515180138016525
2020-08-14T14:00:00Z,59.78650426675,37.65961548181355
2020-08-14T15:00:00Z,66.76232713,38.536589587540306
2020-08-14T16:00:00Z,59.45759893425,38.55380132620226
2020-08-14T17:00:00Z,58.29373400075001,37.54102859404362
2020-08-14T18:00:00Z,60.093607187,32.514453016031204
2020-08-14T19:00:00Z,69.10334765025,30.049889851756816
2020-08-14T20:00:00Z,74.085947114,27.302184236884127
2020-08-14T21:00:00Z,71.10289611900001,26.162199309634417
2020-08-14T22:00:00Z,81.56176818525,24.44887536946455
2020-08-14T23:00:00Z,77.02505126125,21.14829369249616
2020-08-15T00:00:00Z,77.9967576745,21.340245295104378
2020-08-15T01:00:00Z,79.11529124625,20.254752831226345
2020-08-15T02:00:00Z,78.946390772,20.371356925371607
2020-08-15T03:00:00Z,76.99906674525,20.137814624835755
2020-08-15T04:00:00Z,75.48137486175,18.82351026040348
2020-08-15T05:00:00Z,72.3468917135,17.486235807916646
2020-08-15T06:00:00Z,68.13067866025,17.194671218328534
2020-08-15T07:00:00Z,60.913317067499996,17.586883484033663
2020-08-15T08:00:00Z,52.041593777,18.707217224755528
2020-08-15T09:00:00Z,47.40627426,21.05868972334307
2020-08-15T10:00:00Z,50.88799084125,23.500082946877882
2020-08-15T11:00:00Z,53.397815235500005,25.76564168320317
2020-08-15T12:00:00Z,39.688166766,28.02389879781622
2020-08-15T13:00:00Z,50.941715909,29.860104708916612
2020-08-15T14:00:00Z,55.63139012575,31.297323688732956
2020-08-15T15:00:00Z,57.39743033975,32.48694408873639
2020-08-15T16:00:00Z,61.868908436,32.60056001037176
2020-08-15T17:00:00Z,57.7841794745,32.31160785345714
2020-08-15T18:00:00Z,60.640177353,31.50063024514993
2020-08-15T19:00:00Z,61.90925715125,28.510705333576247
2020-08-15T20:00:00Z,65.04602748525,25.898768570777708
2020-08-15T21:00:00Z,67.81497114975,24.54733750050353
2020-08-15T22:00:00Z,67.07222756425,23.362553484444618
2020-08-15T23:00:00Z,71.79271632825,22.960027605810033
2020-08-16T00:00:00Z,69.22576411025,23.174932548091018
2020-08-16T01:00:00Z,71.51696085975,22.74251262308801
2020-08-16T02:00:00Z,69.2432343515,21.7446356953733
2020-08-16T03:00:00Z,67.10813806125,19.681266820102366
2020-08-16T04:00:00Z,68.319657982,20.997426175935843
2020-08-16T05:00:00Z,66.8124305285,23.599093132239368
2020-08-16T06:00:00Z,67.6692364615,23.690530682757153
2020-08-16T07:00:00Z,67.41713114325,24.47685666458956
2020-08-16T08:00:00Z,65.29051761125,24.031638937153666
2020-08-16T09:00:00Z,66.67997869025,22.42451273040204
2020-08-16T10:00:00Z,60.0974698325,27.56326393380295
2020-08-16T11:00:00Z,57.77688505125,29.977886623707672
2020-08-16T12:00:00Z,58.455399379,28.713733728819747
2020-08-16T13:00:00Z,55.33141074775,25.904362289026025
2020-08-16T14:00:00Z,58.9759330385,28.32853969424257
2020-08-16T15:00:00Z,60.02315695075,27.856367710311538
2020-08-16T16:00:00Z,63.068582211999995,29.342240632313075
2020-08-16T17:00:00Z,62.82175796,28.22775066036773
2020-08-16T18:00:00Z,69.95718995225,23.536577752399047
2020-08-16T19:00:00Z,72.32464112825,20.49095745740356
2020-08-16T20:00:00Z,69.5492890305,20.606291198236935
2020-08-16T21:00:00Z,66.113866505,21.87523521198789
2020-08-16T22:00:00Z,75.42859404875001,20.13808940751487
2020-08-16T23:00:00Z,69.26943678625,18.986864955446332
2020-08-17T00:00:00Z,77.068449312,17.411103751925097
2020-08-17T01:00:00Z,72.28398532475,17.43344893046374
2020-08-17T02:00:00Z,63.0315230545,17.398148278676967
2020-08-17T03:00:00Z,46.03483478775,17.429309734677222
2020-08-17T04:00:00Z,57.80549351825,53.87405506480467
2020-08-17T05:00:00Z,59.88735799775,90.31593441941816
2020-08-17T06:00:00Z,47.327682064,86.9456919042329
2020-08-17T07:00:00Z,52.0946882105,82.0474342988698
2020-08-17T08:00:00Z,52.673476936,91.84980751222825
2020-08-17T09:00:00Z,57.095982535000005,84.60284272906313
2020-08-17T10:00:00Z,55.598686628500005,76.05878447112984
2020-08-17T11:00:00Z,54.29997962625,67.24237287167072
2020-08-17T12:00:00Z,53.69222131125,31.419175862940836
2020-08-17T13:00:00Z,55.26474157375,29.295926120332688
2020-08-17T14:00:00Z,58.256352464,27.816170837897825
2020-08-17T15:00:00Z,60.74293776249999,25.258109348585847
2020-08-17T16:00:00Z,64.329575181,24.805452663561386
2020-08-17T17:00:00Z,62.035798075,24.798591387727537
2020-08-17T18:00:00Z,57.859683404,19.985870652639036
2020-08-17T19:00:00Z,65.67858220950001,22.409738295035165
2020-08-17T20:00:00Z,67.55752610825,24.71033981980405
2020-08-17T21:00:00Z,63.548946651250006,25.02158911802375
2020-08-17T22:00:00Z,64.6703804295,24.610712376933037
2020-08-17T23:00:00Z,58.69546866925,22.995376360584057
2020-08-18T00:00:00Z,59.153611397249996,21.147591889475745
2020-08-18T01:00:00Z,57.302842010250004,21.3910538107387
2020-08-18T02:00:00Z,47.5094454165,19.40050667522712
2020-08-18T03:00:00Z,63.81991879,17.41557861418828
2020-08-18T04:00:00Z,60.2476655565,56.14190876038505
2020-08-18T05:00:00Z,57.022816428,73.39790636007231
2020-08-18T06:00:00Z,64.82616216,70.56917537163945
2020-08-18T07:00:00Z,59.84127146,72.80242728961014
2020-08-18T08:00:00Z,58.464699089999996,48.15886291144718
2020-08-18T09:00:00Z,59.035232066,28.649972516752904
2020-08-18T10:00:00Z,48.40515041475,30.75506730699357
2020-08-18T11:00:00Z,45.778872958,32.52329087020814
2020-08-18T12:00:00Z,58.56772114375,32.902384202546315
2020-08-18T13:00:00Z,58.623406709250006,32.45615681304222
2020-08-18T14:00:00Z,69.209265589,30.826428803629618
2020-08-18T15:00:00Z,64.28715693625,32.06780644030472
2020-08-18T16:00:00Z,71.14940510975,34.125364783154744
2020-08-18T17:00:00Z,71.628061993,33.55580365765666
2020-08-18T18:00:00Z,78.179197899,26.52290890866682
2020-08-18T19:00:00Z,72.14143501675,22.940176471686403
2020-08-18T20:00:00Z,76.51726555075,20.72992322458524
2020-08-18T21:00:00Z,75.605752295,19.7902331146751
2020-08-18T22:00:00Z,72.989760123,19.139380451644506
2020-08-18T23:00:00Z,77.12425049325,17.599924319946403
2020-08-19T00:00:00Z,80.65198580124999,17.52270665494253
2020-08-19T01:00:00Z,76.40675180299999,16.889279127186974
2020-08-19T02:00:00Z,65.20799201075,16.265568741034098
2020-08-19T03:00:00Z,62.77511218325,16.29665585435309
2020-08-19T04:00:00Z,65.06763858925001,51.04550753185848
2020-08-19T05:00:00Z,63.050293557,77.96139478068156
2020-08-19T06:00:00Z,62.0549067365,76.15908103532242
2020-08-19T07:00:00Z,60.258439896,78.16130401435915
2020-08-19T08:00:00Z,57.67670757825,53.53767212769445
2020-08-19T09:00:00Z,56.99862664725,28.047321356264096
2020-08-19T10:00:00Z,57.20449305025,28.464693599021725
2020-08-19T11:00:00Z,54.61925070225,29.272357151306288
2020-08-19T12:00:00Z,56.806286441750004,29.758370152860465
2020-08-19T13:00:00Z,56.3306459275,30.121514958809744
2020-08-19T14:00:00Z,63.315656114250004,29.88931329122844
2020-08-19T15:00:00Z,59.32345603175,29.500783696294743
2020-08-19T16:00:00Z,61.25905488875,28.92045136589488
2020-08-19T17:00:00Z,68.753244095,28.819988714792945
2020-08-19T18:00:00Z,68.845916788,23.080782102080377
2020-08-19T19:00:00Z,62.71234876925,20.38359284579187
2020-08-19T20:00:00Z,64.9990890075,18.259135281471817
2020-08-19T21:00:00Z,62.89344547875,17.091900177723517
2020-08-19T22:00:00Z,66.3027100345,15.856874401034005
2020-08-19T23:00:00Z,67.74354926425,13.41375786451337
2020-08-20T00:00:00Z,73.529906366,12.212837066445278
2020-08-20T01:00:00Z,70.38896427275,10.170759757987836
2020-08-20T02:00:00Z,66.45420364825,8.301106553390602
2020-08-20T03:00:00Z,53.7648419855,7.30646674131024
2020-08-20T04:00:00Z,55.477366692749996,30.247597120093527
2020-08-20T05:00:00Z,40.656091104750004,48.59723957308253
2020-08-20T06:00:00Z,38.188188418,46.823202980054575
2020-08-20T07:00:00Z,39.290313446750005,46.823202980054575
2020-08-20T08:00:00Z,39.47621934725,62.94976496719696
2020-08-20T09:00:00Z,40.02846389275,73.09903459017255
2020-08-20T10:00:00Z,40.405113316750004,78.16456598613242
2020-08-20T11:00:00Z,39.41904084875,72.5752734492194
2020-08-20T12:00:00Z,37.538440486,64.60647113266667
2020-08-20T13:00:00Z,39.8343704425,56.92793101588436
2020-08-20T14:00:00Z,41.63227241925,56.78832524474075
2020-08-20T15:00:00Z,40.0406454645,54.64294580526019
2020-08-20T16:00:00Z,36.953813027500004,26.140783149086833
2020-08-20T17:00:00Z,43.47068420625,25.113416358743866
2020-08-20T18:00:00Z,48.152104349,18.641090956677065
2020-08-20T19:00:00Z,57.3095712625,16.25548464446226
2020-08-20T20:00:00Z,60.101368834249996,14.705491870936427
2020-08-20T21:00:00Z,60.19462294525,13.30941870318595
2020-08-20T22:00:00Z,60.035104394,11.848090076009305
2020-08-20T23:00:00Z,62.54716162,8.599823236476853
2020-08-21T00:00:00Z,61.576231644,7.894947744032745
2020-08-21T01:00:00Z,53.8432513085,7.504139059238297
2020-08-21T02:00:00Z,39.31364633975,7.427950455588601
2020-08-21T03:00:00Z,39.023414895500004,7.041889263078442
2020-08-21T04:00:00Z,37.853560558,31.368799312456606
2020-08-21T05:00:00Z,37.188206539250004,55.339483333818315
2020-08-21T06:00:00Z,37.995658108,55.843112104700396
2020-08-21T07:00:00Z,37.86327540625,60.91701071001164
2020-08-21T08:00:00Z,37.90310537925,74.60986934986455
2020-08-21T09:00:00Z,37.016566057750005,84.32997858595881
2020-08-21T10:00:00Z,39.28499695425,77.93524687402046
2020-08-21T11:00:00Z,43.94808851725,78.10731576440277
2020-08-21T12:00:00Z,44.8826094165,62.871814135350064
2020-08-21T13:00:00Z,47.78248864425,39.248862739610225
2020-08-21T14:00:00Z,48.64960874525,31.527475029824064
2020-08-21T15:00:00Z,45.40992924375,31.743445841219145
2020-08-21T16:00:00Z,68.75795234475,30.23244124919739
2020-08-21T17:00:00Z,58.1904289835,28.20044982729079
2020-08-21T18:00:00Z,60.848576940499996,21.8200459946288
2020-08-21T19:00:00Z,64.533073521,19.52533489202236
2020-08-21T20:00:00Z,67.44233017,17.247771363421997
2020-08-21T21:00:00Z,61.70351507375,15.578575544698747
2020-08-21T22:00:00Z,61.76174958875,14.310295030676723
2020-08-21T23:00:00Z,64.6017944985,12.03914400446352
2020-08-22T00:00:00Z,66.304324418,13.416948635720821
2020-08-22T01:00:00Z,66.06365818025,13.708080625952519
2020-08-22T02:00:00Z,67.55690258875,14.03494948248672
2020-08-22T03:00:00Z,63.9482029225,13.586743900147027
2020-08-22T04:00:00Z,57.71172480175,13.370411270917336
2020-08-22T05:00:00Z,62.406607693000005,13.009697768300525
2020-08-22T06:00:00Z,60.0250608025,12.842541993018383
2020-08-22T07:00:00Z,49.04324253075,14.158540116639168
2020-08-22T08:00:00Z,46.963473157,16.067301950724676
2020-08-22T09:00:00Z,48.054292174500006,18.338017992616415
2020-08-22T10:00:00Z,46.786249869,20.42835134796258
2020-08-22T11:00:00Z,45.886504869,22.10035241238013
2020-08-22T12:00:00Z,44.832034202,23.186628082564493
2020-08-22T13:00:00Z,45.67836429975,24.296632600405342
2020-08-22T14:00:00Z,43.502357728,23.455504100909902
2020-08-22T15:00:00Z,46.7265967695,22.10109906257121
2020-08-22T16:00:00Z,47.025246302,21.177534842217014
2020-08-22T17:00:00Z,48.45509814575,21.18712138244304
2020-08-22T18:00:00Z,50.34843117825,19.69890690168199
2020-08-22T19:00:00Z,52.728206596999996,17.14719550515674
2020-08-22T20:00:00Z,54.18879998275,15.146250624744068
2020-08-22T21:00:00Z,53.78987395925,15.712323307018334
2020-08-22T22:00:00Z,54.731237087500006,15.95235369075766
2020-08-22T23:00:00Z,53.24667929725,15.146806022457898
2020-08-23T00:00:00Z,52.873639127000004,15.152752321488684
2020-08-23T01:00:00Z,55.1119574315,15.55167990089044
2020-08-23T02:00:00Z,46.568348988,15.748789611699872
2020-08-23T03:00:00Z,40.94205116225,15.621388903142702
2020-08-23T04:00:00Z,43.9432168565,15.403727285402566
2020-08-23T05:00:00Z,48.8041644915,15.139094920794026
2020-08-23T06:00:00Z,54.5628063155,15.432329185912568
2020-08-23T07:00:00Z,55.46329797075,16.38600802617573
2020-08-23T08:00:00Z,54.34542153575,17.53497411582818
2020-08-23T09:00:00Z,50.3062102515,18.276791672241703
2020-08-23T10:00:00Z,47.73569248675,19.390784354053345
2020-08-23T11:00:00Z,47.47117269925,19.589272535535258
2020-08-23T12:00:00Z,51.47074187775,19.454347474227077
2020-08-23T13:00:00Z,55.284833289,20.57423676593455
2020-08-23T14:00:00Z,55.59264157375,22.247578257909733
2020-08-23T15:00:00Z,53.42215790625,21.65247692308823
2020-08-23T16:00:00Z,53.10889523,19.01302855062232
2020-08-23T17:00:00Z,54.408214486999995,17.53713978020328
2020-08-23T18:00:00Z,56.150971249250006,17.737039145124307
2020-08-23T19:00:00Z,53.49557644575,16.929774234727788
2020-08-23T20:00:00Z,53.573275052999996,16.293798566463146
2020-08-23T21:00:00Z,56.663272584,17.275107676471016
2020-08-23T22:00:00Z,57.43065315175,17.93538920981846
2020-08-23T23:00:00Z,56.08415008325,15.8229929420931
2020-08-24T00:00:00Z,55.778740207,11.130277314329447
2020-08-24T01:00:00Z,58.5512412625,10.946607013990654
2020-08-24T02:00:00Z,60.65439666875,13.150895059173484
2020-08-24T03:00:00Z,53.654357781,14.37925565097567
2020-08-24T04:00:00Z,59.0306519675,51.561601721463056
2020-08-24T05:00:00Z,56.6625948545,93.05718869059149
2020-08-24T06:00:00Z,57.1395617845,81.84868059947046
2020-08-24T07:00:00Z,56.06833468175,93.90163945089077
2020-08-24T08:00:00Z,51.15561861175,102.44061135422699
2020-08-24T09:00:00Z,52.69462884325,88.32521109055789
2020-08-24T10:00:00Z,54.27280518625,89.6953539408506
2020-08-24T11:00:00Z,53.17537575375,88.06771065790765
2020-08-24T12:00:00Z,53.4542728045,88.56142307887578
2020-08-24T13:00:00Z,53.513424131,89.58279807518332
2020-08-24T14:00:00Z,53.511311174,84.60292938643278
2020-08-24T15:00:00Z,54.475259539250004,81.08368868756864
2020-08-24T16:00:00Z,53.0517845305,77.90759024165902
2020-08-24T17:00:00Z,62.63483864825,75.82543439745064
2020-08-24T18:00:00Z,62.84264682725,65.90903803991445
2020-08-24T19:00:00Z,59.56382498125,65.47355627286926
2020-08-24T20:00:00Z,60.248653814250005,67.3343280820143
2020-08-24T21:00:00Z,62.304402395,60.20822099400159
2020-08-24T22:00:00Z,67.26343184525,50.22435792543677
2020-08-24T23:00:00Z,66.32275742524999,6.657489308234434
2020-08-25T00:00:00Z,64.02410969875,5.471991076875149
2020-08-25T01:00:00Z,61.185522754000004,5.391995383069559
2020-08-25T02:00:00Z,58.135309175,5.391995383069559
2020-08-25T03:00:00Z,59.605887836250005,5.391995383069559
2020-08-25T04:00:00Z,60.142164717,26.107599181562065
2020-08-25T05:00:00Z,56.122953102500006,46.80069044909927
2020-08-25T06:00:00Z,53.5731909005,47.36399688530475
2020-08-25T07:00:00Z,55.849411086,49.577166788960085
2020-08-25T08:00:00Z,53.706365721750004,57.843469466535105
2020-08-25T09:00:00Z,50.7593574655,59.22843172299765
2020-08-25T10:00:00Z,49.8660974055,67.43570105754922
2020-08-25T11:00:00Z,48.976403579,74.39433775340731
2020-08-25T12:00:00Z,50.634649880750004,80.79902802065342
2020-08-25T13:00:00Z,53.91465264025,80.24095391435124
2020-08-25T14:00:00Z,51.879070817,74.93692093633777
2020-08-25T15:00:00Z,53.92126175925,72.8553153763196
2020-08-25T16:00:00Z,60.9220199735,71.25228412087053
2020-08-25T17:00:00Z,59.10367436125,64.32266011612651
2020-08-25T18:00:00Z,62.119461117499995,57.84722558083488
2020-08-25T19:00:00Z,67.2333793745,51.893080091645885
2020-08-25T20:00:00Z,58.092047439,45.77839338518008
2020-08-25T21:00:00Z,59.4057394775,44.13285895717767
2020-08-25T22:00:00Z,60.027908562,42.1682039962075
2020-08-25T23:00:00Z,56.3544569145,5.472877085730641
2020-08-26T00:00:00Z,59.649572514249996,5.391995383069559
2020-08-26T01:00:00Z,59.05706828825,5.391995383069559
2020-08-26T02:00:00Z,55.96675706025,5.391995383069559
2020-08-26T03:00:00Z,56.89090427725,5.391995383069559
2020-08-26T04:00:00Z,57.794275918000004,26.107599181562065
2020-08-26T05:00:00Z,54.820753444000005,46.823202980054575
2020-08-26T06:00:00Z,56.418926356750006,46.823202980054575
2020-08-26T07:00:00Z,54.27098182100001,47.05324917574144
2020-08-26T08:00:00Z,52.2906185225,52.610791280285085
2020-08-26T09:00:00Z,50.820394578000005,54.41551362642252
2020-08-26T10:00:00Z,50.866246881,58.14739948156791
2020-08-26T11:00:00Z,50.346220847750004,68.79810087807525
2020-08-26T12:00:00Z,51.34332961925,71.33865489922147
2020-08-26T13:00:00Z,51.455386426000004,68.94825562649795
2020-08-26T14:00:00Z,57.318043955,68.34335419523342
2020-08-26T15:00:00Z,60.41820821975,68.11783381285304
2020-08-26T16:00:00Z,55.253000378,65.80436289966993
2020-08-26T17:00:00Z,54.548018260250004,62.236748570084025
2020-08-26T18:00:00Z,54.262204936,51.89072851414632
2020-08-26T19:00:00Z,55.2692876125,43.165511577946845
2020-08-26T20:00:00Z,54.0978370365,39.86586794141018
2020-08-26T21:00:00Z,55.539644814750005,39.86586794141018
2020-08-26T22:00:00Z,55.4662089215,39.86586794141018
2020-08-26T23:00:00Z,55.255292437,5.391995383069559
2020-08-27T00:00:00Z,55.01815971400001,5.391995383069559
2020-08-27T01:00:00Z,55.2919863155,5.391995383069559
2020-08-27T02:00:00Z,53.983880077,5.391995383069559
2020-08-27T03:00:00Z,51.651362177500005,5.391995383069559
2020-08-27T04:00:00Z,51.9064068905,26.107599181562065
2020-08-27T05:00:00Z,50.533209257,46.823202980054575
2020-08-27T06:00:00Z,46.7040971965,46.823202980054575
2020-08-27T07:00:00Z,46.506671035,46.823202980054575
2020-08-27T08:00:00Z,41.50354764325,52.68131239461707
2020-08-27T09:00:00Z,39.30854520925,52.68131239461707
2020-08-27T10:00:00Z,39.869649025,62.929901432613114
2020-08-27T11:00:00Z,39.0784275985,72.04913132246298
2020-08-27T12:00:00Z,42.11093921975,73.04613842124185
2020-08-27T13:00:00Z,44.636466958,72.81444648304543
2020-08-27T14:00:00Z,42.62865771775,74.28847419125853
2020-08-27T15:00:00Z,48.71459327225,75.85014662691589
2020-08-27T16:00:00Z,50.27392551575,74.11496110858093
2020-08-27T17:00:00Z,47.246459042249995,67.32428607156785
2020-08-27T18:00:00Z,52.58022659025001,55.352462406530776
2020-08-27T19:00:00Z,59.27182755875,43.33263903546933
2020-08-27T20:00:00Z,56.3270077345,39.86586794141018
2020-08-27T21:00:00Z,58.229125960750004,45.5581272568129
2020-08-27T22:00:00Z,60.75658114325,51.26931062000633
2020-08-27T23:00:00Z,61.446822739750004,5.631942654277668
2020-08-28T00:00:00Z,58.9508348695,5.391995383069559
2020-08-28T01:00:00Z,60.428262402,5.391995383069559
2020-08-28T02:00:00Z,58.858055369750005,5.391995383069559
2020-08-28T03:00:00Z,56.27669018175,5.391995383069559
2020-08-28T04:00:00Z,54.75254788025,26.107599181562065
2020-08-28T05:00:00Z,52.247478217,46.823202980054575
2020-08-28T06:00:00Z,51.286594309,46.823202980054575
2020-08-28T07:00:00Z,50.25344818925,46.823202980054575
2020-08-28T08:00:00Z,48.24436567275,52.68131239461707
2020-08-28T09:00:00Z,50.50365667175,53.000095007355014
2020-08-28T10:00:00Z,48.875227251,62.52409436924896
2020-08-28T11:00:00Z,49.5953566325,73.28570771598724
2020-08-28T12:00:00Z,50.2404212065,76.52772304854486
2020-08-28T13:00:00Z,51.550495363500005,76.28233509013054
2020-08-28T14:00:00Z,50.736788082000004,75.92177370622836
2020-08-28T15:00:00Z,49.4793986635,75.9151781988973
2020-08-28T16:00:00Z,57.57087126375,75.40139562832906
2020-08-28T17:00:00Z,51.687483203250004,73.32015307579708
2020-08-28T18:00:00Z,53.40106060075,60.11106919193681
2020-08-28T19:00:00Z,53.731049646,48.78039386115911
2020-08-28T20:00:00Z,55.226883849000004,43.78063533600888
2020-08-28T21:00:00Z,58.1540156155,43.67662369056798
2020-08-28T22:00:00Z,56.0675902435,43.67662369056798
2020-08-28T23:00:00Z,54.30712144225,5.391995383069559
2020-08-29T00:00:00Z,56.07848506075,7.218022211044552
2020-08-29T01:00:00Z,57.83096237275,7.218022211044552
2020-08-29T02:00:00Z,53.05142404975,7.218022211044552
2020-08-29T03:00:00Z,53.112666626250004,7.218022211044552
2020-08-29T04:00:00Z,50.73229479175,7.218022211044552
2020-08-29T05:00:00Z,50.846910648,7.218022211044552
2020-08-29T06:00:00Z,50.107042050500006,7.218022211044552
2020-08-29T07:00:00Z,43.12128661125,7.218022211044552
2020-08-29T08:00:00Z,41.973814396250006,7.218022211044552
2020-08-29T09:00:00Z,42.1755434815,7.218022211044552
2020-08-29T10:00:00Z,41.086060620750004,7.218022211044552
2020-08-29T11:00:00Z,42.04905317425,7.487577740545629
2020-08-29T12:00:00Z,41.23969759475,7.9584029690593905
2020-08-29T13:00:00Z,40.570636682499995,7.500875899203016
2020-08-29T14:00:00Z,41.168553095,7.905815236254662
2020-08-29T15:00:00Z,41.13881839325,8.499255523884193
2020-08-29T16:00:00Z,42.943945281750004,8.373015243964893
2020-08-29T17:00:00Z,42.423868486,7.471488372620227
2020-08-29T18:00:00Z,42.209511254000006,7.218022211044552
2020-08-29T19:00:00Z,43.950739950750005,7.218022211044552
2020-08-29T20:00:00Z,43.45578970125,7.218022211044552
2020-08-29T21:00:00Z,42.22118634175,7.218022211044552
2020-08-29T22:00:00Z,41.8686673975,7.218022211044552
2020-08-29T23:00:00Z,42.887675542000004,7.218022211044552
2020-08-30T00:00:00Z,41.80252492975,7.218022211044552
2020-08-30T01:00:00Z,42.00412450625,7.218022211044552
2020-08-30T02:00:00Z,41.778981069249994,7.218022211044552
2020-08-30T03:00:00Z,40.582255940500005,7.218022211044552
2020-08-30T04:00:00Z,39.13696893975,7.218022211044552
2020-08-30T05:00:00Z,40.370534152000005,7.218022211044552
2020-08-30T06:00:00Z,46.117788884,7.218022211044552
2020-08-30T07:00:00Z,48.47974318525,7.218022211044552
2020-08-30T08:00:00Z,50.087742713,7.218022211044552
2020-08-30T09:00:00Z,48.573143487,8.389111158197535
2020-08-30T10:00:00Z,48.97447347225,10.578235363243744
2020-08-30T11:00:00Z,48.67966202075,12.07735685887655
2020-08-30T12:00:00Z,46.7678947005,13.214381047913482
2020-08-30T13:00:00Z,48.526090733000004,14.106781506344326
2020-08-30T14:00:00Z,48.505494539,14.303849322514512
2020-08-30T15:00:00Z,47.262769213,13.94518644297454
2020-08-30T16:00:00Z,47.74989957775,12.490842656894774
2020-08-30T17:00:00Z,49.231573238,9.099153948189539
2020-08-30T18:00:00Z,48.4945149145,7.218022211044552
2020-08-30T19:00:00Z,50.11268088775,7.218022211044552
2020-08-30T20:00:00Z,49.34676488425,7.218022211044552
2020-08-30T21:00:00Z,51.15812166125001,7.218022211044552
2020-08-30T22:00:00Z,50.433199157000004,7.218022211044552
2020-08-30T23:00:00Z,51.51809878325,7.218022211044552
2020-08-31T00:00:00Z,50.35722810125,5.391995383069559
2020-08-31T01:00:00Z,49.484563251750004,5.391995383069559
2020-08-31T02:00:00Z,50.089675402750004,5.391995383069559
2020-08-31T03:00:00Z,48.906294684,5.391995383069559
2020-08-31T04:00:00Z,49.15014739975,26.107599181562065
2020-08-31T05:00:00Z,49.66791413775,46.823202980054575
2020-08-31T06:00:00Z,49.419101944000005,46.535236484770664
2020-08-31T07:00:00Z,48.24670077625,45.671719871473194
2020-08-31T08:00:00Z,48.278044746,52.68131239461707
2020-08-31T09:00:00Z,48.261068930250005,55.20443519233368
2020-08-31T10:00:00Z,50.0069344425,68.08529959379396
2020-08-31T11:00:00Z,49.31064576125,77.67888467172001
2020-08-31T12:00:00Z,55.133324155,81.74852906135973
2020-08-31T13:00:00Z,58.2568052205,81.48464438104351
2020-08-31T14:00:00Z,52.74813389650001,77.50773055499508
2020-08-31T15:00:00Z,51.8327030355,71.37020645117633
2020-08-31T16:00:00Z,52.26153243675,65.65553613794224
2020-08-31T17:00:00Z,54.56262979675,58.877817802607616
2020-08-31T18:00:00Z,53.70967839175,48.563249058909484
2020-08-31T19:00:00Z,53.138003353,44.76356096270717
2020-08-31T20:00:00Z,53.972358096,43.67662369056798
2020-08-31T21:00:00Z,54.3220808525,43.67662369056798
2020-08-31T22:00:00Z,52.2543159145,43.67662369056798
2020-08-31T23:00:00Z,51.19506695525,5.391995383069559
2020-09-01T00:00:00Z,39.548382096,5.391995383069559
2020-09-01T01:00:00Z,33.366473862250004,5.391995383069559
2020-09-01T02:00:00Z,34.398436731000004,5.391995383069559
2020-09-01T03:00:00Z,34.13872333925,5.391995383069559
2020-09-01T04:00:00Z,32.540498234,26.107599181562065
2020-09-01T05:00:00Z,33.17450561275,46.823202980054575
2020-09-01T06:00:00Z,33.402169802,46.797781240097315
2020-09-01T07:00:00Z,35.264012957,46.823202980054575
2020-09-01T08:00:00Z,33.45804964725,52.68131239461707
2020-09-01T09:00:00Z,33.2506029785,52.67594525318669
2020-09-01T10:00:00Z,31.97610551475,56.04555401408353
2020-09-01T11:00:00Z,36.592560948999996,61.346868420895525
2020-09-01T12:00:00Z,34.89150869225,65.79088645788514
2020-09-01T13:00:00Z,33.60099805,68.39664753916229
2020-09-01T14:00:00Z,40.0059565535,65.87971427691868
2020-09-01T15:00:00Z,53.20331224175,62.465739586152026
2020-09-01T16:00:00Z,52.204487121750006,60.13359214938982
2020-09-01T17:00:00Z,41.9093280545,58.069336097660084
2020-09-01T18:00:00Z,47.60117936675,51.836548465493145
2020-09-01T19:00:00Z,54.126368162,50.422797163230236
2020-09-01T20:00:00Z,49.262580952,49.133860503127735
2020-09-01T21:00:00Z,52.47661413925,48.367185926355454
2020-09-01T22:00:00Z,44.35972762975,47.39643522141623
2020-09-01T23:00:00Z,54.8837571205,5.391995383069559
2020-09-02T00:00:00Z,46.9194352745,5.391995383069559
2020-09-02T01:00:00Z,35.76303075175,5.391995383069559
2020-09-02T02:00:00Z,36.08945658925,5.391995383069559
2020-09-02T03:00:00Z,34.1455603545,5.391995383069559
2020-09-02T04:00:00Z,33.33246678975,26.107599181562065
2020-09-02T05:00:00Z,31.44977033125,46.823202980054575
2020-09-02T06:00:00Z,34.571908652750004,46.823202980054575
2020-09-02T07:00:00Z,32.128884481,47.06138705112351
2020-09-02T08:00:00Z,33.38665570925,56.433452652624645
2020-09-02T09:00:00Z,33.8799305025,60.67060297911111
2020-09-02T10:00:00Z,31.990970497,61.72191269502659
2020-09-02T11:00:00Z,34.43501902725,68.6997674090816
2020-09-02T12:00:00Z,34.29098497425,75.19797633004818
2020-09-02T13:00:00Z,35.6201978845,79.70315407181006
2020-09-02T14:00:00Z,33.7044126645,81.85644217263358
2020-09-02T15:00:00Z,40.00054842275,81.3827895015279
2020-09-02T16:00:00Z,36.280809917,77.97980484813591
2020-09-02T17:00:00Z,45.988441839749996,71.02497076140358
2020-09-02T18:00:00Z,37.411906947999995,58.979955066603544
2020-09-02T19:00:00Z,44.7215550955,53.26869436130309
2020-09-02T20:00:00Z,37.81602878575,50.44697282211754
2020-09-02T21:00:00Z,39.80779372975,47.80854302801033
2020-09-02T22:00:00Z,42.91941552675,45.8613171996856
2020-09-02T23:00:00Z,35.83171754175,5.391995383069559
2020-09-03T00:00:00Z,33.393133252,5.391995383069559
2020-09-03T01:00:00Z,33.81441931425,5.391995383069559
2020-09-03T02:00:00Z,31.696208859000002,5.391995383069559
2020-09-03T03:00:00Z,33.22341986575,5.391995383069559
2020-09-03T04:00:00Z,38.34149237,26.107599181562065
2020-09-03T05:00:00Z,33.78162033475,46.823202980054575
2020-09-03T06:00:00Z,32.8135512945,46.823202980054575
2020-09-03T07:00:00Z,34.50534505,46.823202980054575
2020-09-03T08:00:00Z,34.256646447,55.005291139625584
2020-09-03T09:00:00Z,32.18101766,58.04208942892477
2020-09-03T10:00:00Z,32.490543823500005,66.88560856763272
2020-09-03T11:00:00Z,30.861064634500003,77.25378636747203
2020-09-03T12:00:00Z,34.901086986500005,82.56827338116
2020-09-03T13:00:00Z,34.922190134750004,83.53863538477198
2020-09-03T14:00:00Z,34.24193225175,84.97353468919701
2020-09-03T15:00:00Z,33.86989217125,81.24869615175804
2020-09-03T16:00:00Z,38.6892457395,79.20602265769202
2020-09-03T17:00:00Z,51.65291595075,76.6772129492289
2020-09-03T18:00:00Z,46.90061371075,64.60088815998978
2020-09-03T19:00:00Z,48.5354519695,55.59807231978369
2020-09-03T20:00:00Z,38.451640829,49.84316348659373
2020-09-03T21:00:00Z,40.740095558250005,46.011078582979145
2020-09-03T22:00:00Z,33.091480787500004,44.32776394586684
2020-09-03T23:00:00Z,34.02047436625,5.391995383069559
2020-09-04T00:00:00Z,35.3443481,5.391995383069559
2020-09-04T01:00:00Z,38.68238467825,5.391995383069559
2020-09-04T02:00:00Z,36.87046773525,5.391995383069559
2020-09-04T03:00:00Z,33.94060835375,5.391995383069559
2020-09-04T04:00:00Z,32.211778995500005,26.107599181562065
2020-09-04T05:00:00Z,33.09209969225,46.823202980054575
2020-09-04T06:00:00Z,36.43752743925,46.823202980054575
2020-09-04T07:00:00Z,32.469915644500006,47.35153648620065
2020-09-04T08:00:00Z,33.574501286,57.14115961845127
2020-09-04T09:00:00Z,32.95396437,67.96277639357251
2020-09-04T10:00:00Z,34.1767075335,77.76725649702607
2020-09-04T11:00:00Z,33.494281370500005,83.07806219810307
2020-09-04T12:00:00Z,34.83865890775,82.1680007833179
2020-09-04T13:00:00Z,37.84958534725,87.44634791684001
2020-09-04T14:00:00Z,51.27673457525,87.2592335010615
2020-09-04T15:00:00Z,39.656313635749996,86.51206257390115
2020-09-04T16:00:00Z,50.24742202475,88.33126881314475
2020-09-04T17:00:00Z,48.35981222775,84.35144257419567
2020-09-04T18:00:00Z,39.1819625,71.73036217465554
2020-09-04T19:00:00Z,41.3244330135,65.36939453129658
2020-09-04T20:00:00Z,39.46432764625,61.01063606982158
2020-09-04T21:00:00Z,37.90929415,61.31400978396873
2020-09-04T22:00:00Z,37.07570823775,61.16317725456672
2020-09-04T23:00:00Z,34.68901876825,12.881137231150374
2020-09-05T00:00:00Z,33.106129569749996,14.65388992996867
2020-09-05T01:00:00Z,32.783742214250005,14.338435018824475
2020-09-05T02:00:00Z,33.87883873525,14.526731112555249
2020-09-05T03:00:00Z,33.41255468,14.5383305937608
2020-09-05T04:00:00Z,33.38478086875,14.616850217500902
2020-09-05T05:00:00Z,33.207632810250004,15.495307593187558
2020-09-05T06:00:00Z,31.519522239000004,16.037944915650268
2020-09-05T07:00:00Z,34.397400286999996,16.117236744218356
2020-09-05T08:00:00Z,33.585465643250004,16.726104636521935
2020-09-05T09:00:00Z,30.86198947975,19.541261346313174
2020-09-05T10:00:00Z,33.370706121,22.98529475639634
2020-09-05T11:00:00Z,31.765447643,25.536409202033205
2020-09-05T12:00:00Z,31.847112012,28.334125865148838
2020-09-05T13:00:00Z,33.39315103,30.670895093896387
2020-09-05T14:00:00Z,32.846061208,32.7149190986499
2020-09-05T15:00:00Z,33.7359106815,33.66697935847003
2020-09-05T16:00:00Z,33.7371720805,32.97790968569884
2020-09-05T17:00:00Z,33.379269633,31.479180557590155
2020-09-05T18:00:00Z,34.84426778525,29.572462432047857
2020-09-05T19:00:00Z,34.115425207499996,27.710818793243508
2020-09-05T20:00:00Z,33.638861125999995,26.48087537691033
2020-09-05T21:00:00Z,33.82757646975,26.324209425737486
2020-09-05T22:00:00Z,34.358362085500005,25.881038773398117
2020-09-05T23:00:00Z,32.978292712750005,25.020089019796757
2020-09-06T00:00:00Z,35.01490945075,24.342470164350143
2020-09-06T01:00:00Z,35.102027393,23.706084173850027
2020-09-06T02:00:00Z,32.1789054785,23.83302948629711
2020-09-06T03:00:00Z,35.584888127,23.50604102993613
2020-09-06T04:00:00Z,33.78668170825,22.624073607468194
2020-09-06T05:00:00Z,32.994255158,22.049311650830088
2020-09-06T06:00:00Z,33.4083475165,22.16204907530979
2020-09-06T07:00:00Z,33.344286897749996,22.09251676358801
2020-09-06T08:00:00Z,33.2232140345,22.679204546570652
2020-09-06T09:00:00Z,32.1059689685,26.250907433645445
2020-09-06T10:00:00Z,31.175962587,29.998814879487636
2020-09-06T11:00:00Z,33.223711095,33.25063888081934
2020-09-06T12:00:00Z,33.5835094625,36.20874399197435
2020-09-06T13:00:00Z,33.548258076500005,37.52594280024447
2020-09-06T14:00:00Z,34.1649698485,39.23928363233345
2020-09-06T15:00:00Z,34.9990448355,40.80147837467312
2020-09-06T16:00:00Z,32.33746782275,41.190320423338
2020-09-06T17:00:00Z,38.299263249000006,40.266672182174574
2020-09-06T18:00:00Z,46.11342904975,36.285347069022244
2020-09-06T19:00:00Z,45.75484503975,32.6986783776212
2020-09-06T20:00:00Z,39.91243317075,31.357564052784983
2020-09-06T21:00:00Z,31.22440496175,30.93806531541283
2020-09-06T22:00:00Z,33.0168067755,30.399356298785815
2020-09-06T23:00:00Z,49.4745719495,29.37958203102872
2020-09-07T00:00:00Z,40.77587099575,26.263021729643352
2020-09-07T01:00:00Z,36.95688554275,25.626222214858682
2020-09-07T02:00:00Z,36.8978328715,25.28927066104806
2020-09-07T03:00:00Z,32.63136531,24.932559652815613
2020-09-07T04:00:00Z,33.777755471,71.96816135837601
2020-09-07T05:00:00Z,32.43888756125,112.45131075452963
2020-09-07T06:00:00Z,33.927880515,104.93305670183165
2020-09-07T07:00:00Z,34.4276764665,104.5015323716179
2020-09-07T08:00:00Z,36.64325464675,86.9477244175386
2020-09-07T09:00:00Z,36.31081014725,42.373009242399945
2020-09-07T10:00:00Z,32.509863465,39.250442064840186
2020-09-07T11:00:00Z,31.75548283975,37.70868395446372
2020-09-07T12:00:00Z,33.752838598,39.39538378944784
2020-09-07T13:00:00Z,35.03682054225,38.84985159178476
2020-09-07T14:00:00Z,33.755061122,37.780867609406116
2020-09-07T15:00:00Z,34.34823027975,37.85996385906385
2020-09-07T16:00:00Z,30.7904725275,36.42504760899321
2020-09-07T17:00:00Z,35.62039933575,34.54543268687037
2020-09-07T18:00:00Z,32.12809641475,26.380140719119648
2020-09-07T19:00:00Z,32.94802506375,20.60071065012197
2020-09-07T20:00:00Z,33.271248265,18.773204359964794
2020-09-07T21:00:00Z,32.89307882775,18.180230926275584
2020-09-07T22:00:00Z,30.25787569875,17.624584379789134
2020-09-07T23:00:00Z,32.5348234865,14.737971851963446
2020-09-08T00:00:00Z,34.723341247,13.698617491124804
2020-09-08T01:00:00Z,35.968570789750004,13.445553261721292
2020-09-08T02:00:00Z,34.211718127,12.425635502749067
2020-09-08T03:00:00Z,34.468395042,11.975005064326368
2020-09-08T04:00:00Z,35.1931149965,43.434307345580194
2020-09-08T05:00:00Z,31.9605817915,77.62247781823389
2020-09-08T06:00:00Z,32.25792227325,74.05650573306872
2020-09-08T07:00:00Z,31.6482483275,72.116739162122
2020-09-08T08:00:00Z,31.6338802955,75.1880130541374
2020-09-08T09:00:00Z,33.74987912025,72.82344209591487
2020-09-08T10:00:00Z,31.78780230525,65.14483109372875
2020-09-08T11:00:00Z,33.9690607835,28.56557351173396
2020-09-08T12:00:00Z,42.93248426975,29.330130464499046
2020-09-08T13:00:00Z,35.360183639,28.243524163035975
2020-09-08T14:00:00Z,39.8323836395,26.497538387656896
2020-09-08T15:00:00Z,41.025229838,24.13258723753949
2020-09-08T16:00:00Z,41.8103048695,22.490622731438197
2020-09-08T17:00:00Z,46.56989652375,20.68140854183116
2020-09-08T18:00:00Z,43.31904541925,15.098951708406283
2020-09-08T19:00:00Z,46.757618519000005,12.76774085704529
2020-09-08T20:00:00Z,36.74228948725,9.256732226470344
2020-09-08T21:00:00Z,35.87123735925,7.354442633425498
2020-09-08T22:00:00Z,38.8654598865,7.00631308850828
2020-09-08T23:00:00Z,43.931365768,6.06082039971479
2020-09-09T00:00:00Z,35.48144508125,6.930988887875556
2020-09-09T01:00:00Z,34.0105141995,8.061293526102768
2020-09-09T02:00:00Z,37.12964762375,7.438924251111214
2020-09-09T03:00:00Z,36.10662584325,6.5308269306585895
2020-09-09T04:00:00Z,34.4783570395,30.96195000651924
2020-09-09T05:00:00Z,33.89707687525,53.64739374193972
2020-09-09T06:00:00Z,32.111358011250005,53.45395944098388
2020-09-09T07:00:00Z,33.70534763025,54.28098978485909
2020-09-09T08:00:00Z,34.49087890625,60.29229487756821
2020-09-09T09:00:00Z,33.382528836999995,59.30453569838292
2020-09-09T10:00:00Z,35.57862436975,54.14967398014956
2020-09-09T11:00:00Z,32.77545102225,52.87301930607461
2020-09-09T12:00:00Z,35.0639298525,53.0277983324258
2020-09-09T13:00:00Z,34.98593530325,54.221963936534394
2020-09-09T14:00:00Z,33.959004633,57.63483376252161
2020-09-09T15:00:00Z,44.721346583,60.31050572610325
2020-09-09T16:00:00Z,40.1100911635,59.99490376595003
2020-09-09T17:00:00Z,49.47293900475,56.971550835484216
2020-09-09T18:00:00Z,56.403957137,49.4911389744983
2020-09-09T19:00:00Z,41.98173963175,47.80644214919754
2020-09-09T20:00:00Z,43.39004310125,46.91971127884577
2020-09-09T21:00:00Z,51.805917074,46.69453823338707
2020-09-09T22:00:00Z,42.02413918925,46.24925411309536
2020-09-09T23:00:00Z,44.2570538095,5.391995383069559
2020-09-10T00:00:00Z,33.545182520750004,5.391995383069559
2020-09-10T01:00:00Z,33.81349959875,5.391995383069559
2020-09-10T02:00:00Z,34.2052808285,5.391995383069559
2020-09-10T03:00:00Z,35.00951185125,5.391995383069559
2020-09-10T04:00:00Z,31.109983768750002,28.897009213160995
2020-09-10T05:00:00Z,34.35524595775,51.92391008433483
2020-09-10T06:00:00Z,34.08045865875,51.23085665742177
2020-09-10T07:00:00Z,32.28486312025,51.209719952080285
2020-09-10T08:00:00Z,34.81928417675,57.59616494118033
2020-09-10T09:00:00Z,32.57934479625,59.179777051253964
2020-09-10T10:00:00Z,31.0999911945,64.75472585896478
2020-09-10T11:00:00Z,33.92072302425,67.03841322100946
2020-09-10T12:00:00Z,34.134827388,72.01541218367268
2020-09-10T13:00:00Z,37.6680859735,74.56143420832615
2020-09-10T14:00:00Z,33.821279409,73.42382154626311
2020-09-10T15:00:00Z,43.060903095,74.26552824075088
2020-09-10T16:00:00Z,42.943480258,72.26801370603019
2020-09-10T17:00:00Z,37.622794997,68.72821530569564
2020-09-10T18:00:00Z,51.30543730625,58.645095825253875
2020-09-10T19:00:00Z,54.54283078375,50.33066832937005
2020-09-10T20:00:00Z,48.65800536725,45.41877298560728
2020-09-10T21:00:00Z,47.801167056,43.913808157579254
2020-09-10T22:00:00Z,46.935422916,44.49676612097087
2020-09-10T23:00:00Z,34.7826408815,5.391995383069559
2020-09-11T00:00:00Z,32.67123124625,5.828283903836865
2020-09-11T01:00:00Z,33.412694375499996,6.001418227609155
2020-09-11T02:00:00Z,37.4915525145,5.5378238659738726
2020-09-11T03:00:00Z,33.19170437275,5.391995383069559
2020-09-11T04:00:00Z,31.788243445,26.685242484366274
2020-09-11T05:00:00Z,34.567749000250004,47.752419695022745
2020-09-11T06:00:00Z,32.764615714,48.17266582149123
2020-09-11T07:00:00Z,33.14974400925,51.88021056349473
2020-09-11T08:00:00Z,33.34068344225,65.47697391871839
2020-09-11T09:00:00Z,32.05798663675,75.38472008220394
2020-09-11T10:00:00Z,32.469150767,83.37315955351127
2020-09-11T11:00:00Z,33.525502195,86.19832439354691
2020-09-11T12:00:00Z,33.172411152,85.2968059662104
2020-09-11T13:00:00Z,34.127801808499996,84.65540065966027
2020-09-11T14:00:00Z,37.370946773,82.8321026192138
2020-09-11T15:00:00Z,50.23113387925,78.4354831405825
2020-09-11T16:00:00Z,55.386075639,78.17236656739533
2020-09-11T17:00:00Z,58.256854243,76.24969543535889
2020-09-11T18:00:00Z,52.34381949325,67.72405485602086
2020-09-11T19:00:00Z,46.3882135465,62.40299881909708
2020-09-11T20:00:00Z,39.7437667145,58.56944391789122
2020-09-11T21:00:00Z,61.721215715,57.82183041052523
2020-09-11T22:00:00Z,62.362351729,56.39433971958575
2020-09-11T23:00:00Z,57.1583058025,10.777752735382325
2020-09-12T00:00:00Z,58.14266505725,12.221873153473464
2020-09-12T01:00:00Z,57.4743581595,11.932415067261275
2020-09-12T02:00:00Z,58.0536144825,11.100359339999804
2020-09-12T03:00:00Z,56.649373936,10.639195993486911
2020-09-12T04:00:00Z,54.811623308,11.355290616240826
2020-09-12T05:00:00Z,54.03113643175,10.817685464709385
2020-09-12T06:00:00Z,53.12229187225,10.353446147509166
2020-09-12T07:00:00Z,44.98882396025,10.955578113135228
2020-09-12T08:00:00Z,46.1686536165,12.677117695067654
2020-09-12T09:00:00Z,45.99330982625,15.029609711401298
2020-09-12T10:00:00Z,43.9406070195,16.86524477234995
2020-09-12T11:00:00Z,46.164286082749996,18.40700084717015
2020-09-12T12:00:00Z,48.035131496,20.206583955910123
2020-09-12T13:00:00Z,47.494187472,21.98080060255213
2020-09-12T14:00:00Z,45.56740880025,23.081171683760427
2020-09-12T15:00:00Z,46.08316883475,22.336240224376475
2020-09-12T16:00:00Z,47.61387180925,20.285093639790787
2020-09-12T17:00:00Z,48.18422247375,19.99274307191765
2020-09-12T18:00:00Z,50.75344022925,18.864155763401126
2020-09-12T19:00:00Z,51.9626184105,17.296941623838705
2020-09-12T20:00:00Z,50.4462647325,15.82574651372097
2020-09-12T21:00:00Z,52.3642683375,15.072683476555314
2020-09-12T22:00:00Z,53.930432749000005,12.53325822438587
2020-09-12T23:00:00Z,49.728994656000005,8.795918264879948
2020-09-13T00:00:00Z,48.972053062,7.218022211044552
2020-09-13T01:00:00Z,49.100019138,7.218022211044552
2020-09-13T02:00:00Z,48.781389637000004,7.218022211044552
2020-09-13T03:00:00Z,49.221711222500005,7.218022211044552
2020-09-13T04:00:00Z,46.87143391925,7.218022211044552
2020-09-13T05:00:00Z,46.2263353395,7.218022211044552
2020-09-13T06:00:00Z,51.04759365175,7.218022211044552
2020-09-13T07:00:00Z,50.580858929499996,7.218022211044552
2020-09-13T08:00:00Z,50.2280180715,7.218022211044552
2020-09-13T09:00:00Z,49.87115587575,7.218022211044552
2020-09-13T10:00:00Z,49.98790724225,7.218022211044552
2020-09-13T11:00:00Z,50.864681948750004,8.823546615364629
2020-09-13T12:00:00Z,49.8878982315,11.330026387576071
2020-09-13T13:00:00Z,48.9954975785,14.093422221412993
2020-09-13T14:00:00Z,51.201814142749996,15.846632056558837
2020-09-13T15:00:00Z,49.610072057500005,15.239006440365438
2020-09-13T16:00:00Z,50.08095713825,13.052895114641196
2020-09-13T17:00:00Z,49.769937601500004,10.282006132742932
2020-09-13T18:00:00Z,50.393491141249996,7.828382842802085
2020-09-13T19:00:00Z,50.9822432015,7.218022211044552
2020-09-13T20:00:00Z,51.271577220750004,7.218022211044552
2020-09-13T21:00:00Z,52.3302364765,7.218022211044552
2020-09-13T22:00:00Z,53.41445204875,7.218022211044552
2020-09-13T23:00:00Z,53.275747354,7.218022211044552
2020-09-14T00:00:00Z,52.61847141975,5.391995383069559
2020-09-14T01:00:00Z,52.611298773,5.391995383069559
2020-09-14T02:00:00Z,50.32341962625,5.391995383069559
2020-09-14T03:00:00Z,49.382469726000004,5.391995383069559
2020-09-14T04:00:00Z,50.1855728745,26.107599181562065
2020-09-14T05:00:00Z,49.25025446625,46.823202980054575
2020-09-14T06:00:00Z,48.82385995275,46.823202980054575
2020-09-14T07:00:00Z,49.012146709,46.823202980054575
2020-09-14T08:00:00Z,50.2279212845,53.85615457688225
2020-09-14T09:00:00Z,48.93887772375,63.06099971854612
2020-09-14T10:00:00Z,49.2707817215,71.7875003457178
2020-09-14T11:00:00Z,49.8942700845,79.09211535533721
2020-09-14T12:00:00Z,50.37324405375,84.07104548352198
2020-09-14T13:00:00Z,46.568998012,80.52252797738764
2020-09-14T14:00:00Z,45.488266802249996,80.02921676580138
2020-09-14T15:00:00Z,50.13898304925,80.30951226166381
2020-09-14T16:00:00Z,46.177604213,79.10060617992367
2020-09-14T17:00:00Z,47.395293669,74.43763322249863
2020-09-14T18:00:00Z,48.696416282250006,61.956544396839725
2020-09-14T19:00:00Z,57.417932647,57.8304430093768
2020-09-14T20:00:00Z,57.9572667685,54.48202129670572
2020-09-14T21:00:00Z,56.84366079975,48.26724581174376
2020-09-14T22:00:00Z,57.04750365575,43.85823845239158
2020-09-14T23:00:00Z,54.78877677275,5.391995383069559
2020-09-15T00:00:00Z,56.0814282125,5.391995383069559
2020-09-15T01:00:00Z,55.40334508275,5.391995383069559
2020-09-15T02:00:00Z,56.463900282000004,5.391995383069559
2020-09-15T03:00:00Z,55.7767530465,5.391995383069559
2020-09-15T04:00:00Z,54.453795852,28.259702583838205
2020-09-15T05:00:00Z,52.5052772435,52.681032626843574
2020-09-15T06:00:00Z,52.41947128525,53.4238446209408
2020-09-15T07:00:00Z,52.4159278565,55.87310348853027
2020-09-15T08:00:00Z,51.45138669975,68.2965399018285
2020-09-15T09:00:00Z,51.03842423875,77.24718241969477
2020-09-15T10:00:00Z,50.83408743825,84.2290358249222
2020-09-15T11:00:00Z,47.579368014500005,83.67574738405507
2020-09-15T12:00:00Z,51.70947785725,83.93513767071792
2020-09-15T13:00:00Z,53.5985325755,85.89419175850931
2020-09-15T14:00:00Z,57.977808556,85.93134790061961
2020-09-15T15:00:00Z,55.325654495500004,84.53037880583453
2020-09-15T16:00:00Z,66.33796809075,81.67472998015688
2020-09-15T17:00:00Z,68.80344855525,79.70294675832892
2020-09-15T18:00:00Z,67.30816741975,65.68939901239311
2020-09-15T19:00:00Z,60.714568192,57.598561305129536
2020-09-15T20:00:00Z,59.86108689275,54.260558818416904
2020-09-15T21:00:00Z,60.83237313125,52.27177254844695
2020-09-15T22:00:00Z,62.3349224605,50.86571851015193
2020-09-15T23:00:00Z,63.25410886825,7.063296419278756
2020-09-16T00:00:00Z,61.7287997445,7.824435786963776
2020-09-16T01:00:00Z,60.344153372,8.676705285510234
2020-09-16T02:00:00Z,58.76870601425,9.191300693806083
2020-09-16T03:00:00Z,58.819777601,9.561521788423287
2020-09-16T04:00:00Z,57.102911768750005,40.741943507508616
2020-09-16T05:00:00Z,54.076577934750006,72.55755926457284
2020-09-16T06:00:00Z,53.5730028125,69.0650414510508
2020-09-16T07:00:00Z,53.4784697445,70.41462018908928
2020-09-16T08:00:00Z,54.78140038625,82.14238395866354
2020-09-16T09:00:00Z,52.75649093575,89.89022845425305
2020-09-16T10:00:00Z,52.9945474225,88.96344798799426
2020-09-16T11:00:00Z,52.29686676199999,86.7553771654687
2020-09-16T12:00:00Z,54.10875173475,88.93159537443854
2020-09-16T13:00:00Z,54.8549813365,86.49535771158789
2020-09-16T14:00:00Z,51.989331727,79.88876628559176
2020-09-16T15:00:00Z,42.07471604175,77.05334587205688
2020-09-16T16:00:00Z,39.37781546625,76.01574742118018
2020-09-16T17:00:00Z,45.39262803575,73.50098559305337
2020-09-16T18:00:00Z,53.517816558,64.21336058192465
2020-09-16T19:00:00Z,61.778680701249996,60.937889631835105
2020-09-16T20:00:00Z,62.026705080750006,57.36108243802884
2020-09-16T21:00:00Z,61.38778880825,54.29131510664338
2020-09-16T22:00:00Z,64.1203414035,50.24441803341202
2020-09-16T23:00:00Z,66.59506337575,10.50060948911528
2020-09-17T00:00:00Z,61.56751611375,10.65150811047586
2020-09-17T01:00:00Z,60.32851641975,10.390046382307702
2020-09-17T02:00:00Z,42.368303261,9.957959117215676
2020-09-17T03:00:00Z,38.6187320385,10.28712383244782
2020-09-17T04:00:00Z,37.01994365225,46.017903020535
2020-09-17T05:00:00Z,37.89655817375,68.62772136162295
2020-09-17T06:00:00Z,35.3369187575,60.633661212586844
2020-09-17T07:00:00Z,35.574649175750004,62.8043797645646
2020-09-17T08:00:00Z,34.866613494999996,80.43150875842655
2020-09-17T09:00:00Z,35.625719436000004,85.96334874860129
2020-09-17T10:00:00Z,36.06154817825,85.09015382802171
2020-09-17T11:00:00Z,33.676636469500004,73.10943694310336
2020-09-17T12:00:00Z,35.8715023875,70.09992736311244
2020-09-17T13:00:00Z,38.594235878,67.36003378506237
2020-09-17T14:00:00Z,44.33255368975,69.64615738830884
2020-09-17T15:00:00Z,54.117550317,70.98705161856626
2020-09-17T16:00:00Z,40.94262830475,68.17798210993145
2020-09-17T17:00:00Z,43.985206827,65.20103449108278
2020-09-17T18:00:00Z,37.75293850725,56.277591437582956
2020-09-17T19:00:00Z,50.049905308,48.61832476801484
2020-09-17T20:00:00Z,59.81423265150001,45.47446912582044
2020-09-17T21:00:00Z,53.26300358325,43.7858973104267
2020-09-17T22:00:00Z,57.5372933345,44.38373017065287
2020-09-17T23:00:00Z,58.279172714,9.485215445174118
2020-09-18T00:00:00Z,57.90332783125,9.402110073324364
2020-09-18T01:00:00Z,51.24296974475,9.456364607496795
2020-09-18T02:00:00Z,40.776087354,9.289061197117078
2020-09-18T03:00:00Z,37.74553928275,8.883861039596823
2020-09-18T04:00:00Z,37.766529424249995,37.176034303104885
2020-09-18T05:00:00Z,36.165080287500004,60.166354901217424
2020-09-18T06:00:00Z,35.81433505975,54.846700663745764
2020-09-18T07:00:00Z,35.0148159685,56.33146729872698
2020-09-18T08:00:00Z,36.18742853775,68.35328364743198
2020-09-18T09:00:00Z,36.141834771,69.25172172876903
2020-09-18T10:00:00Z,35.64884247925,72.7062081574671
2020-09-18T11:00:00Z,36.6952867885,73.4301573003246
2020-09-18T12:00:00Z,36.689247626000004,64.35289266626141
2020-09-18T13:00:00Z,37.3124453405,63.25243977144018
2020-09-18T14:00:00Z,36.569438388,61.5200467769265
2020-09-18T15:00:00Z,38.56965342475,62.36277383209422
2020-09-18T16:00:00Z,33.93521273,62.70692586081946
2020-09-18T17:00:00Z,37.52515679825,55.23977229250502
2020-09-18T18:00:00Z,33.564907557,48.41237180646215
2020-09-18T19:00:00Z,38.24462672525,48.181283651917546
2020-09-18T20:00:00Z,39.67106536675,47.797047778835704
2020-09-18T21:00:00Z,35.905387877500004,47.31506283817263
2020-09-18T22:00:00Z,34.3992085365,46.43747566074571
2020-09-18T23:00:00Z,38.42650139525,9.23875241664367
2020-09-19T00:00:00Z,35.504853268999994,10.363109460534472
2020-09-19T01:00:00Z,35.463691245999996,9.615090772948939
2020-09-19T02:00:00Z,36.90685907775,8.647876239818713
2020-09-19T03:00:00Z,36.01289986225,8.550957450658142
2020-09-19T04:00:00Z,35.615491567999996,8.809557903638611
2020-09-19T05:00:00Z,36.47771025825,8.640201647402765
2020-09-19T06:00:00Z,36.995575421750004,8.595391679798016
2020-09-19T07:00:00Z,31.3153776305,9.185712010140957
2020-09-19T08:00:00Z,31.37726935175,10.813409449917446
2020-09-19T09:00:00Z,31.864573743500003,13.801511625821147
2020-09-19T10:00:00Z,31.936281325750002,16.380025631358773
2020-09-19T11:00:00Z,33.185505642500004,17.911169584308126
2020-09-19T12:00:00Z,32.16249117075,19.170394141622833
2020-09-19T13:00:00Z,32.405854163,20.19967551474943
2020-09-19T14:00:00Z,32.6520183585,20.15191807487646
2020-09-19T15:00:00Z,33.51539833975,20.025091235117767
2020-09-19T16:00:00Z,30.54903010625,19.964822285181242
2020-09-19T17:00:00Z,29.261074711,19.17966328681249
2020-09-19T18:00:00Z,32.82881239525,17.791083721640387
2020-09-19T19:00:00Z,38.1424380835,16.2565150588983
2020-09-19T20:00:00Z,46.84195154,15.619536808398903
2020-09-19T21:00:00Z,46.422478732500004,15.19773583585993
2020-09-19T22:00:00Z,47.59043253925,14.846783051965094
2020-09-19T23:00:00Z,49.76848365725,13.314991364255977
2020-09-20T00:00:00Z,47.899098562,12.474569866077614
2020-09-20T01:00:00Z,48.487681492,12.47677372966068
2020-09-20T02:00:00Z,33.758253888,12.250435197206007
2020-09-20T03:00:00Z,29.77270424575,12.269936977086832
2020-09-20T04:00:00Z,31.738023275000003,12.61221302472261
2020-09-20T05:00:00Z,32.68249554425,13.105651176628081
2020-09-20T06:00:00Z,34.848510481,13.325272333916761
2020-09-20T07:00:00Z,36.55811370675,13.453203570917191
2020-09-20T08:00:00Z,36.726750767750005,15.039012472059078
2020-09-20T09:00:00Z,37.03147519875,17.72731191885352
2020-09-20T10:00:00Z,35.205066965499995,20.04341312867658
2020-09-20T11:00:00Z,35.020553029,22.30974184155107
2020-09-20T12:00:00Z,34.9621344535,23.168171957026903
2020-09-20T13:00:00Z,35.141028557,23.05795395605045
2020-09-20T14:00:00Z,34.77289844025,22.814924384382767
2020-09-20T15:00:00Z,35.07141914175,22.15631356405631
2020-09-20T16:00:00Z,39.89121111275,22.436737324371126
2020-09-20T17:00:00Z,48.972493405250006,21.24621559411277
2020-09-20T18:00:00Z,53.1311380085,18.464453636277057
2020-09-20T19:00:00Z,55.560709306250004,16.729662835963108
2020-09-20T20:00:00Z,53.95422716575,16.661335929363453
2020-09-20T21:00:00Z,56.07203503375,16.23592866855535
2020-09-20T22:00:00Z,57.474331117,14.248751462718372
2020-09-20T23:00:00Z,59.164941534,12.86727804992202
2020-09-21T00:00:00Z,58.20633390525,11.815419012337307
2020-09-21T01:00:00Z,53.507739496,11.909323398844252
2020-09-21T02:00:00Z,38.3209532805,10.135104038541735
2020-09-21T03:00:00Z,36.472997461999995,9.12767205916437
2020-09-21T04:00:00Z,37.307833189,37.464350272887
2020-09-21T05:00:00Z,36.1313127705,60.02675072612636
2020-09-21T06:00:00Z,35.935291084250004,52.3272654759317
2020-09-21T07:00:00Z,36.11187806875,59.23832770132471
2020-09-21T08:00:00Z,34.548371320250006,73.34500163789379
2020-09-21T09:00:00Z,33.95650214725,86.72418703887377
2020-09-21T10:00:00Z,35.243810169250004,89.62037857300041
2020-09-21T11:00:00Z,34.42716117875,86.05219563543638
2020-09-21T12:00:00Z,36.06392229825,86.8861280104746
2020-09-21T13:00:00Z,38.01546724475,83.18092576427374
2020-09-21T14:00:00Z,38.20929330125,85.0077271325983
2020-09-21T15:00:00Z,39.148664496500004,84.6660618830536
2020-09-21T16:00:00Z,38.3261033525,82.36380166776173
2020-09-21T17:00:00Z,37.511038321,79.11988211670227
2020-09-21T18:00:00Z,44.4673906375,69.83131877823295
2020-09-21T19:00:00Z,42.3267433405,61.867477724931
2020-09-21T20:00:00Z,52.6240035335,58.14366268044864
2020-09-21T21:00:00Z,56.95008464825,56.161880394802004
2020-09-21T22:00:00Z,60.04202749075,54.35065574644072
2020-09-21T23:00:00Z,58.13497286925,7.498698158685085
2020-09-22T00:00:00Z,60.379010994750004,7.442192079062162
2020-09-22T01:00:00Z,49.79422148725,7.139022704792331
2020-09-22T02:00:00Z,38.72443522425,6.759126788775108
2020-09-22T03:00:00Z,38.24602117575,6.377478852809519
2020-09-22T04:00:00Z,36.66655227425,30.100981228676023
2020-09-22T05:00:00Z,35.67794825075,52.39300031221978
2020-09-22T06:00:00Z,36.465805563749996,49.490246350382684
2020-09-22T07:00:00Z,36.349080564,48.64617388640301
2020-09-22T08:00:00Z,36.782404718500004,60.576742004880124
2020-09-22T09:00:00Z,35.510978398000006,68.098591555627
2020-09-22T10:00:00Z,35.65364905225,77.19648302727259
2020-09-22T11:00:00Z,36.04233824275,81.05606297459136
2020-09-22T12:00:00Z,37.62759818775,82.78053051668796
2020-09-22T13:00:00Z,37.679813051,75.9027676605405
2020-09-22T14:00:00Z,43.072173500750004,75.13830769468099
2020-09-22T15:00:00Z,49.924040136,74.81794447852023
2020-09-22T16:00:00Z,46.819968367,74.19108896156077
2020-09-22T17:00:00Z,44.65807599075,72.95212088448864
2020-09-22T18:00:00Z,40.687330130250004,62.960630810702334
2020-09-22T19:00:00Z,51.51343558725,56.25693725604072
2020-09-22T20:00:00Z,60.07001099725,52.72977509832859
2020-09-22T21:00:00Z,58.771534212999995,48.88101214580245
2020-09-22T22:00:00Z,60.328439961,45.43511859631752
2020-09-22T23:00:00Z,58.628224448000005,6.517338352041853
2020-09-23T00:00:00Z,58.39640140075,5.63485931363347
2020-09-23T01:00:00Z,47.76534259625,5.391995383069559
2020-09-23T02:00:00Z,39.82647865775,5.636731196542468
2020-09-23T03:00:00Z,37.431277355,5.858869482825243
2020-09-23T04:00:00Z,37.622885087,30.36199291170019
2020-09-23T05:00:00Z,37.1273277895,54.419672122223695
2020-09-23T06:00:00Z,37.26633152775,51.71870356380385
2020-09-23T07:00:00Z,38.2703161825,54.51226804028348
2020-09-23T08:00:00Z,36.4751384165,71.2784548841946
2020-09-23T09:00:00Z,36.4366759865,80.12827152274392
2020-09-23T10:00:00Z,37.2392480525,77.39586413007054
2020-09-23T11:00:00Z,36.16051208425,77.16401782812576
2020-09-23T12:00:00Z,36.419909817749996,76.71398904261278
2020-09-23T13:00:00Z,39.24680461975,80.6339134644915
2020-09-23T14:00:00Z,38.42452686725,83.8489747177708
2020-09-23T15:00:00Z,39.12929233725,86.00003641511366
2020-09-23T16:00:00Z,36.70291107675,86.63486423906352
2020-09-23T17:00:00Z,41.63083786825,81.08999033868253
2020-09-23T18:00:00Z,52.948237670249995,70.26540272899601
2020-09-23T19:00:00Z,55.21559663075,63.01978146806464
2020-09-23T20:00:00Z,56.45504168925,58.2087442662777
2020-09-23T21:00:00Z,56.463044301000004,56.02780303785657
2020-09-23T22:00:00Z,58.350151671750005,54.88077942168316
2020-09-23T23:00:00Z,62.45193808125,9.578541663749185
2020-09-24T00:00:00Z,64.20557705225,9.465881376515364
2020-09-24T01:00:00Z,55.0879424815,9.731471992644758
2020-09-24T02:00:00Z,42.564872911,9.774891784939863
2020-09-24T03:00:00Z,38.609290866,9.696690373074727
2020-09-24T04:00:00Z,38.690306878,42.32476022045333
2020-09-24T05:00:00Z,37.656389488500004,68.57824126541507
2020-09-24T06:00:00Z,35.938323157,59.075532215063646
2020-09-24T07:00:00Z,36.1393011865,60.814232329889464
2020-09-24T08:00:00Z,36.75919444975,77.84055633380788
2020-09-24T09:00:00Z,35.26349408125,83.47816875304188
2020-09-24T10:00:00Z,36.274198403999996,80.39985279471034
2020-09-24T11:00:00Z,34.6658628885,83.58721024904992
2020-09-24T12:00:00Z,37.369694052250004,85.50094206186131
2020-09-24T13:00:00Z,37.14793556525,77.58996065212713
2020-09-24T14:00:00Z,39.52445565175,75.10885215898801
2020-09-24T15:00:00Z,37.79317347475,74.84775056130093
2020-09-24T16:00:00Z,39.829186311,71.17715186926165
2020-09-24T17:00:00Z,41.76443704525,64.20710551244976
2020-09-24T18:00:00Z,46.52447659425,52.6070425660685
2020-09-24T19:00:00Z,60.493485783749996,46.04404295623035
2020-09-24T20:00:00Z,56.930560868,42.36814250666847
2020-09-24T21:00:00Z,58.816164844999996,39.320669951823916
2020-09-24T22:00:00Z,60.196209355,36.29258905341657
2020-09-24T23:00:00Z,60.523621700250004,6.421382201935266
2020-09-25T00:00:00Z,62.93133122175,5.739125568888923
2020-09-25T01:00:00Z,52.20645748175,5.391995383069559
2020-09-25T02:00:00Z,36.94890075075,5.391995383069559
2020-09-25T03:00:00Z,36.353351655750004,5.391995383069559
2020-09-25T04:00:00Z,37.184516951,26.107599181562065
2020-09-25T05:00:00Z,36.51558507075,46.823202980054575
2020-09-25T06:00:00Z,36.5884250765,46.823202980054575
2020-09-25T07:00:00Z,36.71290101275,49.644998260622614
2020-09-25T08:00:00Z,36.765910493999996,66.76793095255452
2020-09-25T09:00:00Z,35.684783879,71.85327525677495
2020-09-25T10:00:00Z,36.1040348815,75.87607888217791
2020-09-25T11:00:00Z,37.1003426865,71.77101553699464
2020-09-25T12:00:00Z,38.527437014250005,73.75173170862985
2020-09-25T13:00:00Z,40.29366480825,74.72478237907137
2020-09-25T14:00:00Z,38.32278725325,74.85253924727049
2020-09-25T15:00:00Z,51.92693269875,72.01812769953413
2020-09-25T16:00:00Z,48.1793299725,70.11140471611044
2020-09-25T17:00:00Z,41.880683453,68.0921279544466
2020-09-25T18:00:00Z,40.97089883425,58.879230598796404
2020-09-25T19:00:00Z,51.58823787,53.509061222227416
2020-09-25T20:00:00Z,54.256369158750005,49.576093389660564
2020-09-25T21:00:00Z,58.31006830525,47.66668928272577
2020-09-25T22:00:00Z,60.41217841575,47.59389855618337
2020-09-25T23:00:00Z,57.52820972975,9.951966431033156
2020-09-26T00:00:00Z,59.212885149,11.395321839929004
2020-09-26T01:00:00Z,56.33480548275,11.056639705539531
2020-09-26T02:00:00Z,37.817829239,11.072733214176514
2020-09-26T03:00:00Z,37.21261390775,12.131381885189432
2020-09-26T04:00:00Z,36.613014658750004,12.7762404581138
2020-09-26T05:00:00Z,35.9477248035,11.957968717957325
2020-09-26T06:00:00Z,35.9330166055,10.75844342419773
2020-09-26T07:00:00Z,30.93657151,11.539805439525813
2020-09-26T08:00:00Z,30.48202276,14.118304811687018
2020-09-26T09:00:00Z,29.9715203075,16.54962486206374
2020-09-26T10:00:00Z,31.14796322175,18.672197717781025
2020-09-26T11:00:00Z,29.95118138325,20.276609274801885
2020-09-26T12:00:00Z,29.86831270725,21.972887925976305
2020-09-26T13:00:00Z,30.733583551,23.047658386859048
2020-09-26T14:00:00Z,31.800024631,23.974459921203195
2020-09-26T15:00:00Z,31.11157723675,24.91437105658287
2020-09-26T16:00:00Z,29.89255806125,24.603626597793575
2020-09-26T17:00:00Z,36.67304442075,22.906520078359648
2020-09-26T18:00:00Z,47.24650086725,20.278323380266063
2020-09-26T19:00:00Z,48.18559684675,18.82920179839383
2020-09-26T20:00:00Z,50.78995580225,18.242701694785932
2020-09-26T21:00:00Z,52.992551253,17.523243040271794
2020-09-26T22:00:00Z,53.086709952999996,16.809786507613477
2020-09-26T23:00:00Z,56.858467915,16.51193909546307
2020-09-27T00:00:00Z,58.098776814000004,16.266231376573625
2020-09-27T01:00:00Z,54.444026713250004,15.844294471030347
2020-09-27T02:00:00Z,47.768008457250005,15.859461979191414
2020-09-27T03:00:00Z,46.12122219325,15.676619747250754
2020-09-27T04:00:00Z,44.203499525249995,15.237011511992103
2020-09-27T05:00:00Z,41.61796639725,14.761370111172958
2020-09-27T06:00:00Z,45.36550075025,14.523034956188082
2020-09-27T07:00:00Z,45.4541243315,14.44538257805639
2020-09-27T08:00:00Z,42.46780147575,16.2072630357459
2020-09-27T09:00:00Z,39.6005398065,18.253145464995775
2020-09-27T10:00:00Z,39.70619625275,20.504015219727446
2020-09-27T11:00:00Z,37.082972267,23.260256288953023
2020-09-27T12:00:00Z,36.35457865325,26.02479788469139
2020-09-27T13:00:00Z,36.4490151525,28.472682162957483
2020-09-27T14:00:00Z,35.328401112,30.141445101108115
2020-09-27T15:00:00Z,37.10078388075,30.736527668488865
2020-09-27T16:00:00Z,48.483580373500004,29.95169810812608
2020-09-27T17:00:00Z,55.28131654,27.54748095121402
2020-09-27T18:00:00Z,54.9474743465,24.921399630460257
2020-09-27T19:00:00Z,56.9270817725,23.441737248205385
2020-09-27T20:00:00Z,57.7414641255,22.71278946833808
2020-09-27T21:00:00Z,55.29246129025,21.682164439163607
2020-09-27T22:00:00Z,55.4378559575,21.824080351431096
2020-09-27T23:00:00Z,58.42565825425,22.284960816819233
2020-09-28T00:00:00Z,64.885147852,20.46196601115808
2020-09-28T01:00:00Z,65.71597840999999,20.507898001326744
2020-09-28T02:00:00Z,66.2112084385,20.375934292406615
2020-09-28T03:00:00Z,68.9148598685,20.105255919540006
2020-09-28T04:00:00Z,64.96499035024999,59.52082141227115
2020-09-28T05:00:00Z,61.660909047749996,100.08330634975874
2020-09-28T06:00:00Z,51.1768989655,94.71989556834916
2020-09-28T07:00:00Z,48.173344089,91.58741906038735
2020-09-28T08:00:00Z,38.29247390475,99.47279783010991
2020-09-28T09:00:00Z,42.60011564375,105.39818641856614
2020-09-28T10:00:00Z,37.127159769,111.80715837076836
2020-09-28T11:00:00Z,39.45408865075,118.63916529237564
2020-09-28T12:00:00Z,49.63959127725,83.29545568962126
2020-09-28T13:00:00Z,59.6405963845,60.0363047392078
2020-09-28T14:00:00Z,60.706504026000005,44.41350948225435
2020-09-28T15:00:00Z,61.499069329250005,39.11508763381078
2020-09-28T16:00:00Z,65.44341811325,37.85919884296354
2020-09-28T17:00:00Z,66.94352799800001,33.77710721290574
2020-09-28T18:00:00Z,69.50849440925,22.973135790406968
2020-09-28T19:00:00Z,74.1713235415,18.962756256503372
2020-09-28T20:00:00Z,75.3210538215,18.07174062890994
2020-09-28T21:00:00Z,76.7636027825,16.558262725510005
2020-09-28T22:00:00Z,80.08365008375,14.021208644195129
2020-09-28T23:00:00Z,77.3184825865,9.291069967438943
2020-09-29T00:00:00Z,74.46133525625,10.397751389629729
2020-09-29T01:00:00Z,61.146505543500005,11.974336875745056
2020-09-29T02:00:00Z,42.5082426635,13.088133420583839
2020-09-29T03:00:00Z,41.25520675075,13.591044691982555
2020-09-29T04:00:00Z,40.6795258715,44.84215782493954
2020-09-29T05:00:00Z,39.69418133075,75.26137262795682
2020-09-29T06:00:00Z,39.985367833750004,66.01049426384806
2020-09-29T07:00:00Z,40.7363819395,57.0091048998103
2020-09-29T08:00:00Z,38.50122879825,63.5042399988299
2020-09-29T09:00:00Z,39.50743298525,70.88163338823405
2020-09-29T10:00:00Z,44.395132738499996,83.56442639029461
2020-09-29T11:00:00Z,37.538270977,59.03767337524201
2020-09-29T12:00:00Z,38.0533919305,41.298785349593
2020-09-29T13:00:00Z,38.96370640075,40.61084692492169
2020-09-29T14:00:00Z,46.17458712275,40.699390898288804
2020-09-29T15:00:00Z,45.3477165535,39.546925395044056
2020-09-29T16:00:00Z,45.161177322,34.8169363729835
2020-09-29T17:00:00Z,38.254664627500006,28.054864294607754
2020-09-29T18:00:00Z,51.27870302775,19.88592385055788
2020-09-29T19:00:00Z,43.28776638475,17.90654930118154
2020-09-29T20:00:00Z,41.51466617325,17.118034248565312
2020-09-29T21:00:00Z,41.84753538875,16.32375631593406
2020-09-29T22:00:00Z,41.8287123765,14.758355528070174
2020-09-29T23:00:00Z,40.94946102875,5.391995383069559
2020-09-30T00:00:00Z,38.506806526,5.391995383069559
2020-09-30T01:00:00Z,37.947898869,6.642907274219503
2020-09-30T02:00:00Z,37.3860569535,5.88701119794573
2020-09-30T03:00:00Z,37.54854267825,5.391995383069559
2020-09-30T04:00:00Z,37.4111598525,27.33875510636552
2020-09-30T05:00:00Z,37.36827248175,49.489089210393736
2020-09-30T06:00:00Z,36.991862012,49.44881695300606
2020-09-30T07:00:00Z,37.06695063975,51.92094088865308
2020-09-30T08:00:00Z,36.2588022035,68.37748926698615
2020-09-30T09:00:00Z,37.516775469500004,74.92314966011358
2020-09-30T10:00:00Z,35.9905725115,82.96608777165513
2020-09-30T11:00:00Z,35.84027587375,81.87607937696886
2020-09-30T12:00:00Z,36.66750082225,76.25846710387478
2020-09-30T13:00:00Z,39.75174382625,49.094559736948426
2020-09-30T14:00:00Z,40.6431937585,52.07871612754944
2020-09-30T15:00:00Z,49.16930291,48.20103021704586
2020-09-30T16:00:00Z,38.538525563,36.178202503538536
2020-09-30T17:00:00Z,38.09799291275,35.574244238366056
2020-09-30T18:00:00Z,30.27762789625,28.263975803570165
2020-09-30T19:00:00Z,63.21047599025,25.741442166109756
2020-09-30T20:00:00Z,63.404003416250006,25.57935702188572
2020-09-30T21:00:00Z,67.354536541,25.262316401467572
2020-09-30T22:00:00Z,69.2095625975,24.12528505840666
2020-09-30T23:00:00Z,71.9617901845,19.63662882991071
2020-10-01T00:00:00Z,77.54210907125,19.62912256007565
2020-10-01T01:00:00Z,72.01659116249999,19.129144292579817
2020-10-01T02:00:00Z,69.733936688,18.02660059953463
2020-10-01T03:00:00Z,68.48721748775,17.644484469333694
2020-10-01T04:00:00Z,65.55849802975,57.148114325560314
2020-10-01T05:00:00Z,62.97754118425,86.4254838814654
2020-10-01T06:00:00Z,61.83747945575,84.96970548175246
2020-10-01T07:00:00Z,62.60286389425001,85.04260855289625
2020-10-01T08:00:00Z,61.05697516725,66.25873025084604
2020-10-01T09:00:00Z,60.47537687975,39.48735717499215
2020-10-01T10:00:00Z,60.09641995125,31.437599862495446
2020-10-01T11:00:00Z,59.459631288,31.44489407626423
2020-10-01T12:00:00Z,61.16382316575,33.896600741818915
2020-10-01T13:00:00Z,62.848271155000006,35.96909958172538
2020-10-01T14:00:00Z,62.54863277675,34.81337943233804
2020-10-01T15:00:00Z,61.06183598475,34.029910037538755
2020-10-01T16:00:00Z,63.9314744,32.05204597503907
2020-10-01T17:00:00Z,65.7201536105,28.070342346286452
2020-10-01T18:00:00Z,66.7463848595,21.202136367680108
2020-10-01T19:00:00Z,69.45097980625,20.426691665070994
2020-10-01T20:00:00Z,72.0748208225,20.330520822969135
2020-10-01T21:00:00Z,77.710019042,20.06125643513889
2020-10-01T22:00:00Z,77.39025695525,19.510771441724987
2020-10-01T23:00:00Z,70.29999967125,17.95112249238313
2020-10-02T00:00:00Z,70.32653426175,18.11926581244199
2020-10-02T01:00:00Z,68.14263267749999,17.500529514891955
2020-10-02T02:00:00Z,68.67659694525,16.84559555007596
2020-10-02T03:00:00Z,64.061744299,16.355470724378637
2020-10-02T04:00:00Z,62.970074997000005,52.0438903588478
2020-10-02T05:00:00Z,62.954631579,68.59425769166036
2020-10-02T06:00:00Z,62.72548143025,33.19362798532971
2020-10-02T07:00:00Z,62.72921554575,34.34151622875574
2020-10-02T08:00:00Z,62.07985648625,43.06289326975618
2020-10-02T09:00:00Z,62.336972535,42.93430188686589
2020-10-02T10:00:00Z,60.95733268275,37.32212586526617
2020-10-02T11:00:00Z,61.89112180375,30.49837314798121
2020-10-02T12:00:00Z,61.38573745325,30.37351491245687
2020-10-02T13:00:00Z,62.43397184175,32.03173100596379
2020-10-02T14:00:00Z,61.55137626175,33.406976003258045
2020-10-02T15:00:00Z,65.0210475295,31.89170289166423
2020-10-02T16:00:00Z,65.26502358125,28.84918437848605
2020-10-02T17:00:00Z,66.986534899,26.463932786130364
2020-10-02T18:00:00Z,67.95831789900001,19.37457935570872
2020-10-02T19:00:00Z,67.5652557665,18.841382303765393
2020-10-02T20:00:00Z,69.47093978675001,19.05689995972174
2020-10-02T21:00:00Z,73.89287973649999,18.514493145522522
2020-10-02T22:00:00Z,70.714983816,17.649296330192893
2020-10-02T23:00:00Z,71.087221323,15.770831418245272
2020-10-03T00:00:00Z,66.897797923,17.29960244486346
2020-10-03T01:00:00Z,64.99359227125,17.144041092793696
2020-10-03T02:00:00Z,64.75801375875,17.094123705123405
2020-10-03T03:00:00Z,62.6785341055,17.307416484720353
2020-10-03T04:00:00Z,61.6542516915,18.596677071279064
2020-10-03T05:00:00Z,62.29037377225001,18.597018896071848
2020-10-03T06:00:00Z,58.90574334175,17.046234610000006
2020-10-03T07:00:00Z,53.78178633475,16.47531818624758
2020-10-03T08:00:00Z,50.186286586,17.835404013973616
2020-10-03T09:00:00Z,50.567271898499996,19.511118882968773
2020-10-03T10:00:00Z,49.942506392750005,22.06684819532954
2020-10-03T11:00:00Z,51.54460827175,25.174009509143872
2020-10-03T12:00:00Z,49.20609788725,27.973300375126367
2020-10-03T13:00:00Z,50.39883965825,29.423188528962356
2020-10-03T14:00:00Z,51.06738777425,27.919877326555365
2020-10-03T15:00:00Z,50.856600979,26.305383216772544
2020-10-03T16:00:00Z,50.3474468015,25.037289513389602
2020-10-03T17:00:00Z,52.72402002125,23.386405125116884
2020-10-03T18:00:00Z,55.71744715225,21.37805584086001
2020-10-03T19:00:00Z,60.02913051575,19.414405519769858
2020-10-03T20:00:00Z,60.45527042725,18.092712683291836
2020-10-03T21:00:00Z,61.4583671775,17.054024869629444
2020-10-03T22:00:00Z,60.578352595,16.006678356304434
2020-10-03T23:00:00Z,58.70933542275,15.455253714822696
2020-10-04T00:00:00Z,56.250932364,15.286074159884892
2020-10-04T01:00:00Z,55.0589768385,14.949355231305123
2020-10-04T02:00:00Z,50.67774369875,13.913234516379882
2020-10-04T03:00:00Z,45.293685799500004,13.353064857820865
2020-10-04T04:00:00Z,49.003409555750004,12.92066271911158
2020-10-04T05:00:00Z,49.634134962750004,12.769367918117196
2020-10-04T06:00:00Z,59.06322035975,12.45782982194538
2020-10-04T07:00:00Z,60.085544508,12.109083665501341
2020-10-04T08:00:00Z,57.34606016,13.021077408859696
2020-10-04T09:00:00Z,56.3634838825,14.238876741282583
2020-10-04T10:00:00Z,55.32599556275,17.037880039995212
2020-10-04T11:00:00Z,53.81267864975,19.058442802418117
2020-10-04T12:00:00Z,52.50050704725,20.680051925198526
2020-10-04T13:00:00Z,54.094702225499994,21.80575729299247
2020-10-04T14:00:00Z,52.20380983775,21.713809517006155
2020-10-04T15:00:00Z,51.859680708750005,20.822855425184443
2020-10-04T16:00:00Z,52.32900348525,18.58871063446852
2020-10-04T17:00:00Z,52.282784452499996,15.564191549233653
2020-10-04T18:00:00Z,54.56765652075,12.592064783511157
2020-10-04T19:00:00Z,53.898150107250004,12.830376365402932
2020-10-04T20:00:00Z,55.02529070725,13.768182149317557
2020-10-04T21:00:00Z,57.0935138785,13.373056788812127
2020-10-04T22:00:00Z,59.299681992749996,12.541818219074816
2020-10-04T23:00:00Z,61.31281089275,12.803600782687035
2020-10-05T00:00:00Z,58.552830030500004,11.116400552898886
2020-10-05T01:00:00Z,59.192118651499996,10.77414146664302
2020-10-05T02:00:00Z,57.20007317175,10.0765941933856
2020-10-05T03:00:00Z,56.82811510975,9.59956344744363
2020-10-05T04:00:00Z,55.60657432475,37.658072927920564
2020-10-05T05:00:00Z,55.148302122000004,67.40564079266159
2020-10-05T06:00:00Z,54.091971490999995,66.44912862658131
2020-10-05T07:00:00Z,56.104118144249995,64.36092235191381
2020-10-05T08:00:00Z,51.4633129945,71.78805408705344
2020-10-05T09:00:00Z,51.740198934,74.90067046002517
2020-10-05T10:00:00Z,48.7846230875,88.9775358148416
2020-10-05T11:00:00Z,50.348406052,95.4581812863488
2020-10-05T12:00:00Z,52.285369146,97.68511227477902
2020-10-05T13:00:00Z,48.27296883825001,98.47881536178
2020-10-05T14:00:00Z,50.7197063245,100.99147155213238
2020-10-05T15:00:00Z,46.013296711500004,95.87311248559098
2020-10-05T16:00:00Z,37.10042595925,85.40296988583941
2020-10-05T17:00:00Z,37.238340179000005,78.1679382356816
2020-10-05T18:00:00Z,41.073433947750004,70.57839728992424
2020-10-05T19:00:00Z,48.364465212750005,66.87364087453196
2020-10-05T20:00:00Z,57.2303407865,68.76055200570356
2020-10-05T21:00:00Z,57.9895892615,70.24998166792093
2020-10-05T22:00:00Z,63.7773311175,68.26611274322086
2020-10-05T23:00:00Z,70.33029514725,12.905592310274328
2020-10-06T00:00:00Z,59.62380320925,12.041120598849563
2020-10-06T01:00:00Z,38.96658656125,11.122557057797456
2020-10-06T02:00:00Z,38.14223582725,10.565204918299674
2020-10-06T03:00:00Z,37.6357605185,10.461034462688733
2020-10-06T04:00:00Z,37.02396470025,37.201073821944256
2020-10-06T05:00:00Z,35.77708667275,62.8349125488337
2020-10-06T06:00:00Z,36.638654026,60.08229877735518
2020-10-06T07:00:00Z,34.47862506775,61.945514183011454
2020-10-06T08:00:00Z,34.29542223325,74.97310892922566
2020-10-06T09:00:00Z,34.466494068500005,79.17555110026152
2020-10-06T10:00:00Z,33.87881646575,82.24637441556463
2020-10-06T11:00:00Z,34.660753191249995,83.84715676096903
2020-10-06T12:00:00Z,35.116669492499994,84.31804396982484
2020-10-06T13:00:00Z,40.42759998425,82.9643128704835
2020-10-06T14:00:00Z,48.59809061575,79.29626762661812
2020-10-06T15:00:00Z,54.55348393075,78.23346494010795
2020-10-06T16:00:00Z,42.36998567175,77.09949055665298
2020-10-06T17:00:00Z,42.45881185375,75.92190644435372
2020-10-06T18:00:00Z,42.985560978,68.74337759926016
2020-10-06T19:00:00Z,41.02651734025,62.461002939583715
2020-10-06T20:00:00Z,41.8818169675,53.173295482646324
2020-10-06T21:00:00Z,42.1458974615,41.70790589401011
2020-10-06T22:00:00Z,42.292460111249994,39.86586794141018
2020-10-06T23:00:00Z,39.70346572825,5.391995383069559
2020-10-07T00:00:00Z,43.3270251985,5.391995383069559
2020-10-07T01:00:00Z,47.36965693475,5.391995383069559
2020-10-07T02:00:00Z,35.8435469105,5.391995383069559
2020-10-07T03:00:00Z,34.87484189925,5.391995383069559
2020-10-07T04:00:00Z,36.56829804175,26.107599181562065
2020-10-07T05:00:00Z,35.259978367,46.823202980054575
2020-10-07T06:00:00Z,34.3339505035,46.823202980054575
2020-10-07T07:00:00Z,35.55352509375,46.823202980054575
2020-10-07T08:00:00Z,35.104640478,52.68131239461707
2020-10-07T09:00:00Z,36.589977253,53.52177792093159
2020-10-07T10:00:00Z,35.178250304,64.7513807323257
2020-10-07T11:00:00Z,36.3308204115,72.46611874387011
2020-10-07T12:00:00Z,36.1177793755,70.85386199345673
2020-10-07T13:00:00Z,38.6759074915,73.35311922657596
2020-10-07T14:00:00Z,34.59719108125,74.72172931417964
2020-10-07T15:00:00Z,38.8296933175,73.00386553731134
2020-10-07T16:00:00Z,36.01479638975,68.44131086827599
2020-10-07T17:00:00Z,40.6166682645,62.93700967729533
2020-10-07T18:00:00Z,40.582667946499996,49.64287486536986
2020-10-07T19:00:00Z,40.14540919775,44.35680786892864
2020-10-07T20:00:00Z,42.96129641675,44.35799694414448
2020-10-07T21:00:00Z,41.287597894499996,44.50342365868979
2020-10-07T22:00:00Z,41.657817249749996,43.93157301135065
2020-10-07T23:00:00Z,41.48684514275,5.391995383069559
2020-10-08T00:00:00Z,41.414301902,5.391995383069559
2020-10-08T01:00:00Z,41.5129245,5.391995383069559
2020-10-08T02:00:00Z,41.6932344685,5.391995383069559
2020-10-08T03:00:00Z,41.22703825775,5.391995383069559
2020-10-08T04:00:00Z,41.60281491975,26.107599181562065
2020-10-08T05:00:00Z,41.277006570000005,46.823202980054575
2020-10-08T06:00:00Z,41.14786420375,46.823202980054575
2020-10-08T07:00:00Z,41.939715575,46.823202980054575
2020-10-08T08:00:00Z,39.94697634925,52.92490700509019
2020-10-08T09:00:00Z,39.189057682,55.37732156096973
2020-10-08T10:00:00Z,40.64716623625,55.06294685573755
2020-10-08T11:00:00Z,42.506042310249995,57.423191406487675
2020-10-08T12:00:00Z,39.49747135525,61.514689589068176
2020-10-08T13:00:00Z,41.38098919325,63.24965000735172
2020-10-08T14:00:00Z,41.09189632175,64.28364518702539
2020-10-08T15:00:00Z,41.2524736345,63.757271955768026
2020-10-08T16:00:00Z,40.94152761875,60.348197246131434
2020-10-08T17:00:00Z,41.161100809749996,54.79421601211632
2020-10-08T18:00:00Z,41.874305281000005,45.0957966048189
2020-10-08T19:00:00Z,34.925482964,43.67662369056798
2020-10-08T20:00:00Z,14.356634756,43.67662369056798
2020-10-08T21:00:00Z,14.5955840935,43.67662369056798
2020-10-08T22:00:00Z,15.508944381500001,43.67662369056798
2020-10-08T23:00:00Z,13.234871416,5.391995383069559
2020-10-09T00:00:00Z,14.200746497,5.391995383069559
2020-10-09T01:00:00Z,15.703544295250001,5.391995383069559
2020-10-09T02:00:00Z,14.040147293,5.391995383069559
2020-10-09T03:00:00Z,14.1395734525,5.391995383069559
2020-10-09T04:00:00Z,14.802595661000002,26.107599181562065
2020-10-09T05:00:00Z,13.321089505249999,46.823202980054575
2020-10-09T06:00:00Z,14.7813541185,46.823202980054575
2020-10-09T07:00:00Z,14.820810027,46.823202980054575
2020-10-09T08:00:00Z,13.8590236315,53.67355119247461
2020-10-09T09:00:00Z,13.6986553815,54.4541652263888
2020-10-09T10:00:00Z,14.375741191,57.28011532587868
2020-10-09T11:00:00Z,14.81204483475,66.68037527032433
2020-10-09T12:00:00Z,13.81200485575,71.22789725130092
2020-10-09T13:00:00Z,14.9814296235,74.24747617258835
2020-10-09T14:00:00Z,16.531631653,69.72604954668999
2020-10-09T15:00:00Z,15.31938867825,72.11077370065665
2020-10-09T16:00:00Z,15.027210581,70.2463004171877
2020-10-09T17:00:00Z,15.93505038675,61.647503658558875
2020-10-09T18:00:00Z,13.97285541925,47.316658833548786
2020-10-09T19:00:00Z,14.00234135325,40.105458740119
2020-10-09T20:00:00Z,15.224489421,37.47200505568585
2020-10-09T21:00:00Z,14.675960005999999,37.243729196002484
2020-10-09T22:00:00Z,15.708786632,37.65464747339035
2020-10-09T23:00:00Z,15.5390495765,5.391995383069559
2020-10-10T00:00:00Z,14.84110579775,7.218022211044552
2020-10-10T01:00:00Z,15.05304795575,7.423813209098529
2020-10-10T02:00:00Z,27.70422876425,8.109490868540513
2020-10-10T03:00:00Z,46.57009601875,8.753221840377961
2020-10-10T04:00:00Z,40.09686383325,8.906236635259754
2020-10-10T05:00:00Z,38.10134019875,8.76179571096141
2020-10-10T06:00:00Z,37.1006391065,9.000614769732806
2020-10-10T07:00:00Z,34.44937467425,9.155807706181976
2020-10-10T08:00:00Z,33.30533475775,10.173367906264602
2020-10-10T09:00:00Z,33.39285197025,12.234280388099435
2020-10-10T10:00:00Z,33.397088568,12.723737200152796
2020-10-10T11:00:00Z,33.536823573,12.969164241847235
2020-10-10T12:00:00Z,33.8657978855,13.689643794803086
2020-10-10T13:00:00Z,33.16606206525,12.928089382817701
2020-10-10T14:00:00Z,34.38358115725,11.986777923021867
2020-10-10T15:00:00Z,35.06681401775,11.894134879079274
2020-10-10T16:00:00Z,34.0769051185,11.775945169679893
2020-10-10T17:00:00Z,33.51695776425,11.062986715515468
2020-10-10T18:00:00Z,32.818830549249995,10.139052100619553
2020-10-10T19:00:00Z,31.147489645249998,9.775400103332256
2020-10-10T20:00:00Z,30.196412195500002,9.705542617494569
2020-10-10T21:00:00Z,31.80585253175,9.034646151166369
2020-10-10T22:00:00Z,33.0058119575,8.51044453529373
2020-10-10T23:00:00Z,31.0561602005,8.429691580322727
2020-10-11T00:00:00Z,30.581337242750003,7.529416973194866
2020-10-11T01:00:00Z,32.92692642825,7.218022211044552
2020-10-11T02:00:00Z,33.591310819,7.218022211044552
2020-10-11T03:00:00Z,34.10910935075,7.218022211044552
2020-10-11T04:00:00Z,34.21399374875,7.218022211044552
2020-10-11T05:00:00Z,33.831411120249996,7.218022211044552
2020-10-11T06:00:00Z,35.17287341725,7.218022211044552
2020-10-11T07:00:00Z,35.386557377,7.218022211044552
2020-10-11T08:00:00Z,35.69234041875,7.331493892438221
2020-10-11T09:00:00Z,35.11681525175,10.024210799973533
2020-10-11T10:00:00Z,34.929857616,14.510942160797416
2020-10-11T11:00:00Z,36.445322921,16.712340835068403
2020-10-11T12:00:00Z,36.04087516775,17.541926828215196
2020-10-11T13:00:00Z,36.41376704675,18.12359238887428
2020-10-11T14:00:00Z,35.61769120275,18.30539148620818
2020-10-11T15:00:00Z,35.614276233249996,18.02176387961256
2020-10-11T16:00:00Z,34.16480564125,17.73875117425865
2020-10-11T17:00:00Z,31.855711880500003,17.226552176356684
2020-10-11T18:00:00Z,38.435022955,15.566533736142352
2020-10-11T19:00:00Z,44.14274624150001,14.280654660609708
2020-10-11T20:00:00Z,47.1315924175,13.944735538994973
2020-10-11T21:00:00Z,47.9679733,13.844719483331401
2020-10-11T22:00:00Z,50.188707931,13.52103002886771
2020-10-11T23:00:00Z,50.970258809,12.972072867908052
2020-10-12T00:00:00Z,46.95316140025,11.305621555005985
2020-10-12T01:00:00Z,42.248309263,11.632577235220316
2020-10-12T02:00:00Z,41.23285791125,11.83729170598773
2020-10-12T03:00:00Z,40.59330427425,11.64121179551399
2020-10-12T04:00:00Z,36.1998884265,37.56474842982421
2020-10-12T05:00:00Z,34.7140548265,62.50055449398986
2020-10-12T06:00:00Z,32.998217522,61.07097349918306
2020-10-12T07:00:00Z,33.543551844,61.464285827876765
2020-10-12T08:00:00Z,33.6494951415,69.44067466242696
2020-10-12T09:00:00Z,33.8854214905,74.81205443753946
2020-10-12T10:00:00Z,33.2951957865,85.8397132997322
2020-10-12T11:00:00Z,32.39150805425,92.88853319404538
2020-10-12T12:00:00Z,35.00570211525,97.42439801668523
2020-10-12T13:00:00Z,35.816407136500004,108.86151852816661
2020-10-12T14:00:00Z,37.959557900250005,117.64764780416137
2020-10-12T15:00:00Z,42.8543933975,112.42291259376306
2020-10-12T16:00:00Z,40.60170683425,99.4620839820631
2020-10-12T17:00:00Z,44.390855166,89.01881771848352
2020-10-12T18:00:00Z,56.167232161,75.12182462828602
2020-10-12T19:00:00Z,55.538045251,72.44024209651752
2020-10-12T20:00:00Z,63.56635228225,72.14775489419192
2020-10-12T21:00:00Z,63.93279988925,72.45123058680606
2020-10-12T22:00:00Z,62.622556667750004,73.25317492378659
2020-10-12T23:00:00Z,63.74687921075,14.190193525928155
2020-10-13T00:00:00Z,65.68497331825,14.24167120385874
2020-10-13T01:00:00Z,63.765741583250005,14.39449446295025
2020-10-13T02:00:00Z,53.17621741725,13.528751866150813
2020-10-13T03:00:00Z,53.208799603749995,12.210485304987916
2020-10-13T04:00:00Z,50.397552361500004,43.05883736821258
2020-10-13T05:00:00Z,50.08337090725,76.07653704864552
2020-10-13T06:00:00Z,45.84540416425,72.46023903352287
2020-10-13T07:00:00Z,38.75268374875,72.76303511256991
2020-10-13T08:00:00Z,44.786943615,83.45592192080716
2020-10-13T09:00:00Z,46.962256612000004,81.36235229496856
2020-10-13T10:00:00Z,43.91691623325,88.06999815117992
2020-10-13T11:00:00Z,38.07808433725,90.6548736691433
2020-10-13T12:00:00Z,37.632211089,91.96214034649476
2020-10-13T13:00:00Z,44.74299440875,92.62651739068006
2020-10-13T14:00:00Z,46.20949298,83.79601559711251
2020-10-13T15:00:00Z,37.843100941,47.72549129154919
2020-10-13T16:00:00Z,44.64783481725,39.79684173409156
2020-10-13T17:00:00Z,63.129630971,36.6743409299359
2020-10-13T18:00:00Z,62.70343847775,29.07998351054294
2020-10-13T19:00:00Z,60.4435860015,28.151313385075273
2020-10-13T20:00:00Z,62.090250689,27.1959050813321
2020-10-13T21:00:00Z,49.71926084275,26.94765350138739
2020-10-13T22:00:00Z,42.10231419725,26.852631153216667
2020-10-13T23:00:00Z,41.6016720685,15.884233805131432
2020-10-14T00:00:00Z,40.178096222,15.702105696106594
2020-10-14T01:00:00Z,41.66019371325,15.436885375122484
2020-10-14T02:00:00Z,41.55129525425,14.896446331845919
2020-10-14T03:00:00Z,40.33105585875,14.1247635725746
2020-10-14T04:00:00Z,47.050858648,46.071607607089895
2020-10-14T05:00:00Z,51.35705613125,78.79750659893584
2020-10-14T06:00:00Z,48.828263137250005,72.57462924142149
2020-10-14T07:00:00Z,50.546962318,72.59530852678736
2020-10-14T08:00:00Z,51.80921218725,77.07293056365353
2020-10-14T09:00:00Z,47.3393838925,73.94957468375551
2020-10-14T10:00:00Z,46.02837840275,78.35256978439574
2020-10-14T11:00:00Z,42.06247360825,54.670529337201415
2020-10-14T12:00:00Z,51.333783237249996,44.30533653170819
2020-10-14T13:00:00Z,47.085687577,45.94030100500707
2020-10-14T14:00:00Z,47.2292132905,39.3991412834017
2020-10-14T15:00:00Z,51.8862198155,33.511409606521376
2020-10-14T16:00:00Z,55.831452073,33.09978251021638
2020-10-14T17:00:00Z,61.64081437275,31.740596360369594
2020-10-14T18:00:00Z,63.852997244,24.3272913209575
2020-10-14T19:00:00Z,63.8554061075,22.964189175129253
2020-10-14T20:00:00Z,68.1456164675,22.42779102952114
2020-10-14T21:00:00Z,69.628261025,21.11283003179927
2020-10-14T22:00:00Z,70.36737811975,20.47264871144361
2020-10-14T23:00:00Z,74.65983250925001,17.169492840336613
2020-10-15T00:00:00Z,73.99930158075,16.568591899528254
2020-10-15T01:00:00Z,70.43537470775,15.804106621617489
2020-10-15T02:00:00Z,68.5208162175,15.147787378195973
2020-10-15T03:00:00Z,66.73726917375001,14.122326972968153
2020-10-15T04:00:00Z,66.828383292,47.36354724899118
2020-10-15T05:00:00Z,58.924368955000006,81.63199597160143
2020-10-15T06:00:00Z,56.504273301,81.42578546179782
2020-10-15T07:00:00Z,61.32690585100001,81.98846619197886
2020-10-15T08:00:00Z,61.38721201725001,86.9943280340634
2020-10-15T09:00:00Z,51.974754635500005,73.32810194381629
2020-10-15T10:00:00Z,50.6619303885,60.94619830031736
2020-10-15T11:00:00Z,48.476583039750004,36.96165546611934
2020-10-15T12:00:00Z,49.258843081,37.66094008273423
2020-10-15T13:00:00Z,41.97965328075,37.19103764422156
2020-10-15T14:00:00Z,41.74772083925,38.669242093961145
2020-10-15T15:00:00Z,43.2007692805,38.53576855448574
2020-10-15T16:00:00Z,53.514582899000004,37.53801605416692
2020-10-15T17:00:00Z,59.372512207,34.346778641845965
2020-10-15T18:00:00Z,69.80826510925,25.872783323056495
2020-10-15T19:00:00Z,74.28004467775,24.32407931550724
2020-10-15T20:00:00Z,74.9305209885,22.955269445446007
2020-10-15T21:00:00Z,83.1717855345,20.835542940426144
2020-10-15T22:00:00Z,82.745596083,20.082795280321985
2020-10-15T23:00:00Z,50.87204810275,17.20128636785559
2020-10-16T00:00:00Z,41.08255736925,18.11072685913994
2020-10-16T01:00:00Z,41.817633103,18.010954599446872
2020-10-16T02:00:00Z,75.25696186775,17.487511201657707
2020-10-16T03:00:00Z,70.11886091625,16.820050020261352
2020-10-16T04:00:00Z,66.53019445875,52.74706582306509
2020-10-16T05:00:00Z,63.70183421074999,89.72247360816424
2020-10-16T06:00:00Z,62.10701809175,88.78895315827621
2020-10-16T07:00:00Z,53.554916188250004,89.29111414838937
2020-10-16T08:00:00Z,37.0862580535,77.83864348833436
2020-10-16T09:00:00Z,30.21523727275,61.66299847035714
2020-10-16T10:00:00Z,23.8795704465,38.20998500570119
2020-10-16T11:00:00Z,24.89605460425,37.49052381769746
2020-10-16T12:00:00Z,26.59862033225,36.72985807987524
2020-10-16T13:00:00Z,29.29091280475,38.75610982738899
2020-10-16T14:00:00Z,24.37893761475,40.72443640135699
2020-10-16T15:00:00Z,22.060704901999998,40.915946418261875
2020-10-16T16:00:00Z,32.66579102875,39.381682439090326
2020-10-16T17:00:00Z,38.23596327775,35.60749725720409
2020-10-16T18:00:00Z,50.61460913725,25.860974243532176
2020-10-16T19:00:00Z,66.88512681275,23.112888252446307
2020-10-16T20:00:00Z,62.7365291875,22.07697390637057
2020-10-16T21:00:00Z,70.56282522000001,21.35184167830087
2020-10-16T22:00:00Z,66.137251462,21.075400476339293
2020-10-16T23:00:00Z,74.26693562275,16.95759979955367
2020-10-17T00:00:00Z,80.55588898125,18.785449380467824
2020-10-17T01:00:00Z,78.143298164,19.09696114999704
2020-10-17T02:00:00Z,75.20526216875001,18.33356352632118
2020-10-17T03:00:00Z,72.270929743,17.77549818976509
2020-10-17T04:00:00Z,67.6747684075,17.520391055431418
2020-10-17T05:00:00Z,63.21622644675,17.294493966757507
2020-10-17T06:00:00Z,60.862868915,17.120038105176636
2020-10-17T07:00:00Z,56.8851473375,17.329058606421096
2020-10-17T08:00:00Z,56.049591141250005,16.98718411348259
2020-10-17T09:00:00Z,53.74456986325,16.98468935316015
2020-10-17T10:00:00Z,53.96598588925,20.55946263806407
2020-10-17T11:00:00Z,52.9917416905,24.30819364603478
2020-10-17T12:00:00Z,52.6168919635,26.22069411395871
2020-10-17T13:00:00Z,44.8088064175,27.94310866722792
2020-10-17T14:00:00Z,42.19070853275,29.04965264575078
2020-10-17T15:00:00Z,39.9479309205,27.80785370810277
2020-10-17T16:00:00Z,49.78505199525,26.692308429843486
2020-10-17T17:00:00Z,52.264779977749996,24.073109525809162
2020-10-17T18:00:00Z,57.907586961,20.88143609391157
2020-10-17T19:00:00Z,60.512356255,19.250677759523445
2020-10-17T20:00:00Z,64.189536962,19.243733641181066
2020-10-17T21:00:00Z,69.75072342175,18.82259227482901
2020-10-17T22:00:00Z,70.48404380299999,18.33369394253469
2020-10-17T23:00:00Z,71.5908519365,17.289902395898068
2020-10-18T00:00:00Z,67.01234906075,16.54083085474879
2020-10-18T01:00:00Z,57.01107866375,15.932029971090811
2020-10-18T02:00:00Z,57.93608203675,15.214490607865237
2020-10-18T03:00:00Z,57.61253658475,14.762416326022645
2020-10-18T04:00:00Z,57.830427605500006,14.712760145922394
2020-10-18T05:00:00Z,56.25185400175,14.094866146506135
2020-10-18T06:00:00Z,58.834771592749995,13.356057717328872
2020-10-18T07:00:00Z,53.972080755,13.423544240769301
2020-10-18T08:00:00Z,48.85409947525,14.077150620748187
2020-10-18T09:00:00Z,51.356076694,15.49422260897472
2020-10-18T10:00:00Z,49.97212280325,18.370058515946152
2020-10-18T11:00:00Z,49.49513449725001,21.161948076198534
2020-10-18T12:00:00Z,47.33991500825,22.651270452540157
2020-10-18T13:00:00Z,37.10048557525,23.698200339641183
2020-10-18T14:00:00Z,34.41237509725,22.586080295397966
2020-10-18T15:00:00Z,36.08689405875,20.4400243297907
2020-10-18T16:00:00Z,47.05596242525,18.935736243255427
2020-10-18T17:00:00Z,53.870137086999996,17.4238055700285
2020-10-18T18:00:00Z,54.12854214625,17.297562194929327
2020-10-18T19:00:00Z,56.65529380075,16.974467891637982
2020-10-18T20:00:00Z,57.313519928,14.84991924917817
2020-10-18T21:00:00Z,58.375002116750004,12.509197037426983
2020-10-18T22:00:00Z,55.665486826,12.366593228650025
2020-10-18T23:00:00Z,56.804952088,12.484951285836667
2020-10-19T00:00:00Z,53.866181829750005,9.90878241053631
2020-10-19T01:00:00Z,40.29442141125,10.4905955754807
2020-10-19T02:00:00Z,49.33550537075,10.899689298911875
2020-10-19T03:00:00Z,36.772690428000004,9.971829135041665
2020-10-19T04:00:00Z,34.32797293425,34.379975297547105
2020-10-19T05:00:00Z,32.89597398875,55.80551455686015
2020-10-19T06:00:00Z,33.754936793249996,53.83753151448882
2020-10-19T07:00:00Z,34.107021823500006,57.35173979212897
2020-10-19T08:00:00Z,33.7845184,70.41571978821285
2020-10-19T09:00:00Z,39.80414408175,76.21914043906443
2020-10-19T10:00:00Z,31.416173537749998,86.7789315257265
2020-10-19T11:00:00Z,32.57689373825,93.68719953948069
2020-10-19T12:00:00Z,33.42116150225,100.35391135093613
2020-10-19T13:00:00Z,32.94491772225,92.42221026788508
2020-10-19T14:00:00Z,35.366511046,88.49322075231493
2020-10-19T15:00:00Z,38.10775163375,89.79898304448652
2020-10-19T16:00:00Z,26.322470111,85.12284002334705
2020-10-19T17:00:00Z,14.73587506125,80.85659251498546
2020-10-19T18:00:00Z,17.17106232825,74.37531856096653
2020-10-19T19:00:00Z,29.97401926875,74.56584787044906
2020-10-19T20:00:00Z,35.38065061225,75.36667059210694
2020-10-19T21:00:00Z,32.87288831025,69.4843465503622
2020-10-19T22:00:00Z,44.89136592975,59.158668998975976
2020-10-19T23:00:00Z,62.80621233275,7.889731725897895
2020-10-20T00:00:00Z,53.131203521749995,9.082953705025142
2020-10-20T01:00:00Z,38.7839808265,10.063281276239142
2020-10-20T02:00:00Z,36.975624403249995,9.527026043427764
2020-10-20T03:00:00Z,36.11264670525,9.221888887070941
2020-10-20T04:00:00Z,36.51676934525,37.33011054021034
2020-10-20T05:00:00Z,37.073863309749996,64.72101860993136
2020-10-20T06:00:00Z,36.2627201205,64.35432929849851
2020-10-20T07:00:00Z,35.8621063065,63.13734155937625
2020-10-20T08:00:00Z,33.60548221625,71.37743486474355
2020-10-20T09:00:00Z,32.81696690075,79.695137286984
2020-10-20T10:00:00Z,34.41386636375,85.53411754545347
2020-10-20T11:00:00Z,34.8880385975,92.68035235780083
2020-10-20T12:00:00Z,34.3270616905,92.7836846627948
2020-10-20T13:00:00Z,41.157775559,86.84452742009668
2020-10-20T14:00:00Z,45.48267827675,87.01665076679369
2020-10-20T15:00:00Z,28.42839624525,86.71098529605855
2020-10-20T16:00:00Z,38.31128888275,85.43911397447444
2020-10-20T17:00:00Z,54.76492589775,82.1536353807763
2020-10-20T18:00:00Z,48.8144568035,69.53650977063828
2020-10-20T19:00:00Z,45.0344490315,65.07925906041118
2020-10-20T20:00:00Z,46.24848497025,63.97661387402545
2020-10-20T21:00:00Z,43.06663423225,62.246947193445976
2020-10-20T22:00:00Z,41.733011536250004,60.6466524957656
2020-10-20T23:00:00Z,44.7506031635,12.748882253401915
2020-10-21T00:00:00Z,40.638045180000006,12.231607686731147
2020-10-21T01:00:00Z,36.612852293,12.139663205054116
2020-10-21T02:00:00Z,32.80438356275,11.771109244160023
2020-10-21T03:00:00Z,31.5723583005,11.24160202288228
2020-10-21T04:00:00Z,30.4176807315,39.719657726692596
2020-10-21T05:00:00Z,30.8707469665,69.88618863632087
2020-10-21T06:00:00Z,28.816723912500002,68.64338851412501
2020-10-21T07:00:00Z,18.69428579025,69.82588720405921
2020-10-21T08:00:00Z,28.906482093500003,78.51667941696572
2020-10-21T09:00:00Z,29.0050727525,80.22123274789104
2020-10-21T10:00:00Z,12.05765727575,82.06853084194147
2020-10-21T11:00:00Z,10.76689105625,78.4052974190867
2020-10-21T12:00:00Z,17.64320650225,81.68278154151218
2020-10-21T13:00:00Z,13.5008803105,86.20027303328044
2020-10-21T14:00:00Z,30.790463819,63.36172542615821
2020-10-21T15:00:00Z,34.105214697,37.958904783959916
2020-10-21T16:00:00Z,41.34701903775,38.16429458970406
2020-10-21T17:00:00Z,38.98232462125,37.25980266433644
2020-10-21T18:00:00Z,43.6356827025,29.638917760196044
2020-10-21T19:00:00Z,50.7363479065,27.39631571068852
2020-10-21T20:00:00Z,50.0011944245,27.1526782064221
2020-10-21T21:00:00Z,44.63728427225,27.108257554227045
2020-10-21T22:00:00Z,46.368369229,24.570769536202814
2020-10-21T23:00:00Z,43.776824094000006,11.966675761897529
2020-10-22T00:00:00Z,47.281208036,11.44122031860327
2020-10-22T01:00:00Z,34.346825665,11.559291757265083
2020-10-22T02:00:00Z,33.4401706335,10.963678083623673
2020-10-22T03:00:00Z,31.309547573,10.983317484905847
2020-10-22T04:00:00Z,32.27889801325,37.1395988201684
2020-10-22T05:00:00Z,24.96133452425,60.78682009652202
2020-10-22T06:00:00Z,22.89548362075,57.57370880057099
2020-10-22T07:00:00Z,12.93525666375,55.11519348090272
2020-10-22T08:00:00Z,28.16237829025,60.432103581868766
2020-10-22T09:00:00Z,21.37283548025,63.37358116956951
2020-10-22T10:00:00Z,26.762504063250002,71.31509113519992
2020-10-22T11:00:00Z,14.097135288250001,74.75456683659732
2020-10-22T12:00:00Z,11.08660560075,75.8189716576779
2020-10-22T13:00:00Z,12.275081338,70.28981787393144
2020-10-22T14:00:00Z,12.2941156145,70.570320271098
2020-10-22T15:00:00Z,14.286396516749999,68.00100471407485
2020-10-22T16:00:00Z,14.4622666455,64.29798760890077
2020-10-22T17:00:00Z,14.74041542375,55.8063173937137
2020-10-22T18:00:00Z,20.39250529975,40.807201725162265
2020-10-22T19:00:00Z,22.8180810905,39.86586794141018
2020-10-22T20:00:00Z,22.342807937,39.86586794141018
2020-10-22T21:00:00Z,39.56152046075,39.86586794141018
2020-10-22T22:00:00Z,32.579647006,39.86586794141018
2020-10-22T23:00:00Z,31.854076636749998,5.391995383069559
2020-10-23T00:00:00Z,39.72327380975,5.391995383069559
2020-10-23T01:00:00Z,11.59372672075,5.391995383069559
2020-10-23T02:00:00Z,10.404785019750001,5.391995383069559
2020-10-23T03:00:00Z,9.80584560475,5.391995383069559
2020-10-23T04:00:00Z,9.87959974475,26.107599181562065
2020-10-23T05:00:00Z,10.22878852825,46.823202980054575
2020-10-23T06:00:00Z,10.1921939715,46.823202980054575
2020-10-23T07:00:00Z,10.27580014325,46.823202980054575
2020-10-23T08:00:00Z,9.9387440985,52.68131239461707
2020-10-23T09:00:00Z,9.845156386,52.68131239461707
2020-10-23T10:00:00Z,9.65073723475,64.49474257382795
2020-10-23T11:00:00Z,10.621731757000001,72.19257024912582
2020-10-23T12:00:00Z,11.4684401635,72.35137247124293
2020-10-23T13:00:00Z,12.09175483125,73.31914099918042
2020-10-23T14:00:00Z,14.63403321,72.17965652303128
2020-10-23T15:00:00Z,12.582068936999999,69.53758742612453
2020-10-23T16:00:00Z,14.24000782525,66.37922750131798
2020-10-23T17:00:00Z,14.58655231975,59.68812272528536
2020-10-23T18:00:00Z,12.793080153250001,46.325255543000246
2020-10-23T19:00:00Z,12.1525331345,43.67662369056798
2020-10-23T20:00:00Z,14.2626304955,43.67662369056798
2020-10-23T21:00:00Z,14.356450539,43.67662369056798
2020-10-23T22:00:00Z,9.96640897475,43.67662369056798
2020-10-23T23:00:00Z,14.715681151250001,5.391995383069559
2020-10-24T00:00:00Z,10.24513490925,7.218022211044552
2020-10-24T01:00:00Z,12.053703002999999,7.218022211044552
2020-10-24T02:00:00Z,10.5560239075,7.218022211044552
2020-10-24T03:00:00Z,10.9168485175,7.218022211044552
2020-10-24T04:00:00Z,10.0506626985,7.218022211044552
2020-10-24T05:00:00Z,9.62193230675,7.218022211044552
2020-10-24T06:00:00Z,10.04287659425,7.218022211044552
2020-10-24T07:00:00Z,9.98689850325,7.218022211044552
2020-10-24T08:00:00Z,9.81773300825,7.218022211044552
2020-10-24T09:00:00Z,9.7807528035,7.218022211044552
2020-10-24T10:00:00Z,10.059926699,7.218022211044552
2020-10-24T11:00:00Z,9.42995525375,7.218022211044552
2020-10-24T12:00:00Z,10.92929241875,8.387774722661273
2020-10-24T13:00:00Z,10.6790803255,11.824898962865275
2020-10-24T14:00:00Z,10.696919925,12.53876524943221
2020-10-24T15:00:00Z,10.42922406725,11.956067296938302
2020-10-24T16:00:00Z,10.23312394,11.1835806905772
2020-10-24T17:00:00Z,10.828699171250001,9.102923067925712
2020-10-24T18:00:00Z,11.01277793725,7.269195432134922
2020-10-24T19:00:00Z,12.7116822245,7.218022211044552
2020-10-24T20:00:00Z,9.91284304625,7.218022211044552
2020-10-24T21:00:00Z,9.62273978725,7.218022211044552
2020-10-24T22:00:00Z,9.777668937249999,7.218022211044552
2020-10-24T23:00:00Z,9.4597427935,7.218022211044552
2020-10-25T00:00:00Z,9.5689538385,7.218022211044552
2020-10-25T01:00:00Z,9.733896761,7.218022211044552
2020-10-25T02:00:00Z,9.4836199175,7.218022211044552
2020-10-25T03:00:00Z,9.899085645500001,7.218022211044552
2020-10-25T04:00:00Z,9.17215693875,7.218022211044552
2020-10-25T05:00:00Z,9.6225436295,7.218022211044552
2020-10-25T06:00:00Z,9.89418500975,7.218022211044552
2020-10-25T07:00:00Z,9.71575438425,7.218022211044552
2020-10-25T08:00:00Z,9.912974986,7.218022211044552
2020-10-25T09:00:00Z,9.6296588285,7.218022211044552
2020-10-25T10:00:00Z,9.7632928375,8.01285949963186
2020-10-25T11:00:00Z,9.938400659,11.344081038905001
2020-10-25T12:00:00Z,9.5201780315,13.56467843043074
2020-10-25T13:00:00Z,9.74529071725,14.957636219280296
2020-10-25T14:00:00Z,10.0622872415,15.58745649568525
2020-10-25T15:00:00Z,9.7604193185,15.117233593058673
2020-10-25T16:00:00Z,10.447751945,14.704614673509703
2020-10-25T17:00:00Z,9.7460633575,12.143629912908496
2020-10-25T18:00:00Z,9.674797678000001,9.177323417344207
2020-10-25T19:00:00Z,10.13011019875,8.734643768160549
2020-10-25T20:00:00Z,9.78380788075,8.440300881107603
2020-10-25T21:00:00Z,22.296454221,8.627487966655433
2020-10-25T22:00:00Z,27.6392529435,8.494409781757474
2020-10-25T23:00:00Z,25.996093856,7.705485986194424
2020-10-26T00:00:00Z,18.119340294,5.391995383069559
2020-10-26T01:00:00Z,9.986997242000001,5.391995383069559
2020-10-26T02:00:00Z,20.379014379250002,5.391995383069559
2020-10-26T03:00:00Z,25.965446304750003,5.391995383069559
2020-10-26T04:00:00Z,24.82247315575,26.107599181562065
2020-10-26T05:00:00Z,16.3908486625,46.81963421864702
2020-10-26T06:00:00Z,9.7405095175,46.39375020305054
2020-10-26T07:00:00Z,9.968241428999999,45.76780771864444
2020-10-26T08:00:00Z,9.59129178425,53.17553586036137
2020-10-26T09:00:00Z,9.43185255125,56.62192214923388
2020-10-26T10:00:00Z,9.70384087825,68.84999084843413
2020-10-26T11:00:00Z,9.61790360425,78.88070752078659
2020-10-26T12:00:00Z,9.5831589275,83.60431806064874
2020-10-26T13:00:00Z,9.4833540805,87.55283414685084
2020-10-26T14:00:00Z,9.7008492695,90.66696033107078
2020-10-26T15:00:00Z,9.60903389825,90.45996787278219
2020-10-26T16:00:00Z,9.90575382825,89.46027814456191
2020-10-26T17:00:00Z,14.695314202750001,84.80180305904892
2020-10-26T18:00:00Z,19.55189488325,70.49102240053058
2020-10-26T19:00:00Z,9.826660356,65.20049291500746
2020-10-26T20:00:00Z,9.657199382750001,65.01729717625459
2020-10-26T21:00:00Z,9.3608120875,64.4800078360649
2020-10-26T22:00:00Z,13.168103253,64.1461301546271
2020-10-26T23:00:00Z,16.684852553749998,8.053038350708507
2020-10-27T00:00:00Z,14.44443665325,7.748263707737203
2020-10-27T01:00:00Z,9.9461403985,8.024419234954664
2020-10-27T02:00:00Z,9.766325704,8.250863805048754
2020-10-27T03:00:00Z,9.20122249325,8.461087055291063
2020-10-27T04:00:00Z,10.6726488505,34.945785918098416
2020-10-27T05:00:00Z,10.22470953525,56.99760269626624
2020-10-27T06:00:00Z,9.67727278525,54.08246456021825
2020-10-27T07:00:00Z,9.89028253375,53.71575663753678
2020-10-27T08:00:00Z,9.61387651875,62.062565212730775
2020-10-27T09:00:00Z,9.81380626775,65.81835595077128
2020-10-27T10:00:00Z,9.828380687,74.04994228180176
2020-10-27T11:00:00Z,10.19872831,81.5590528664395
2020-10-27T12:00:00Z,11.631357101,87.12652197798123
2020-10-27T13:00:00Z,12.44388903125,92.35594365971701
2020-10-27T14:00:00Z,20.89050750925,97.79682509980613
2020-10-27T15:00:00Z,21.433809173,95.50973533756365
2020-10-27T16:00:00Z,19.18782094825,90.26975343902137
2020-10-27T17:00:00Z,20.773396527,84.37162829934572
2020-10-27T18:00:00Z,20.559085347,71.34930939512147
2020-10-27T19:00:00Z,20.29876892175,66.28993628392435
2020-10-27T20:00:00Z,42.53269658725,64.99066794746761
2020-10-27T21:00:00Z,52.1933795805,63.736950688796206
2020-10-27T22:00:00Z,52.516966424,63.88354220343543
2020-10-27T23:00:00Z,53.793111238,9.04936058167185
2020-10-28T00:00:00Z,50.997484433,9.04622746952577
2020-10-28T01:00:00Z,38.3165127165,7.56333858099268
2020-10-28T02:00:00Z,36.490704608499996,6.827619824134904
2020-10-28T03:00:00Z,35.692377117999996,6.076022354976868
2020-10-28T04:00:00Z,34.52944236275,27.691588497187873
2020-10-28T05:00:00Z,34.825757126,49.686094188415716
2020-10-28T06:00:00Z,34.01772791225,47.88505486418686
2020-10-28T07:00:00Z,34.859911145,46.823202980054575
2020-10-28T08:00:00Z,34.61886711525,54.406035585020895
2020-10-28T09:00:00Z,34.14543890025,59.29595398320243
2020-10-28T10:00:00Z,34.032738673,71.02604707819032
2020-10-28T11:00:00Z,37.187333469,82.93459776741267
2020-10-28T12:00:00Z,37.411998679999996,86.17770442944119
2020-10-28T13:00:00Z,40.333500932,88.08217346522414
2020-10-28T14:00:00Z,39.469670599,90.18286045435055
2020-10-28T15:00:00Z,42.9137974045,89.26877670053095
2020-10-28T16:00:00Z,40.078703766,88.16229583800772
2020-10-28T17:00:00Z,38.71800482175,81.34312835446272
2020-10-28T18:00:00Z,39.643768517750004,63.23054113898777
2020-10-28T19:00:00Z,41.49577183225,58.070435820154984
2020-10-28T20:00:00Z,49.18877856625,59.838678056877654
2020-10-28T21:00:00Z,53.40726778075,60.38175034673947
2020-10-28T22:00:00Z,53.258200868749995,60.65472938147584
2020-10-28T23:00:00Z,55.63423551025,7.7973759770018605
2020-10-29T00:00:00Z,59.553817119,7.093471551721711
2020-10-29T01:00:00Z,38.7328168515,6.435576677932416
2020-10-29T02:00:00Z,39.95944712925,6.24097396767329
2020-10-29T03:00:00Z,36.30802934175,6.076660488328423
2020-10-29T04:00:00Z,35.80466766825,26.49967525791309
2020-10-29T05:00:00Z,33.83388717975,46.823202980054575
2020-10-29T06:00:00Z,33.795710879750004,46.823202980054575
2020-10-29T07:00:00Z,33.094006438,46.823202980054575
2020-10-29T08:00:00Z,33.75023552225,53.43932745654886
2020-10-29T09:00:00Z,34.283284169249995,57.66021803921261
2020-10-29T10:00:00Z,34.570639553250004,71.43334033873828
2020-10-29T11:00:00Z,35.340919365750004,83.3383832763545
2020-10-29T12:00:00Z,36.40497461425,87.96304096299639
2020-10-29T13:00:00Z,37.3259134355,92.15786478853555
2020-10-29T14:00:00Z,37.1911664935,95.61986205744454
2020-10-29T15:00:00Z,44.119197528499996,92.0062583846214
2020-10-29T16:00:00Z,45.0584354185,87.5836233773636
2020-10-29T17:00:00Z,36.1668545435,79.77230213139562
2020-10-29T18:00:00Z,43.202062988250006,63.658267276388806
2020-10-29T19:00:00Z,45.8197974315,62.72183207478955
2020-10-29T20:00:00Z,53.77935360575,65.2626318305194
2020-10-29T21:00:00Z,55.51941759775,63.654759738273846
2020-10-29T22:00:00Z,58.5387262875,59.831348457382354
2020-10-29T23:00:00Z,65.27293316375,6.023036222010226
2020-10-30T00:00:00Z,53.57800777675,5.391995383069559
2020-10-30T01:00:00Z,37.5390756045,5.391995383069559
2020-10-30T02:00:00Z,38.4303644805,5.391995383069559
2020-10-30T03:00:00Z,37.620537018250005,5.391995383069559
2020-10-30T04:00:00Z,35.4145320415,26.107599181562065
2020-10-30T05:00:00Z,35.70982368425,46.823202980054575
2020-10-30T06:00:00Z,34.79542338925,46.823202980054575
2020-10-30T07:00:00Z,35.908567402,46.823202980054575
2020-10-30T08:00:00Z,36.4514038265,52.68131239461707
2020-10-30T09:00:00Z,36.995306589,53.563445409423245
2020-10-30T10:00:00Z,36.0012183535,66.80857840905634
2020-10-30T11:00:00Z,36.269934338,76.42168352697885
2020-10-30T12:00:00Z,37.297414649000004,81.57998830707513
2020-10-30T13:00:00Z,37.132488508,83.05503630286432
2020-10-30T14:00:00Z,38.27438105675,85.19477452966032
2020-10-30T15:00:00Z,38.5074661335,84.64241654359245
2020-10-30T16:00:00Z,37.245434833,81.56520471810734
2020-10-30T17:00:00Z,36.34899994475,70.00699888491064
2020-10-30T18:00:00Z,32.947822038750004,55.92993285351825
2020-10-30T19:00:00Z,34.710841808,61.22209352172118
2020-10-30T20:00:00Z,34.68531413,63.091448863265285
2020-10-30T21:00:00Z,33.688841167,61.50581719210246
2020-10-30T22:00:00Z,46.71578501075,59.299488088061445
2020-10-30T23:00:00Z,49.7199684045,5.902085296402256
2020-10-31T00:00:00Z,41.31008762425,7.218022211044552
2020-10-31T01:00:00Z,38.978809095500004,7.3041695978702315
2020-10-31T02:00:00Z,40.0171151685,7.522925193169808
2020-10-31T03:00:00Z,36.06973179425,7.744288007911071
2020-10-31T04:00:00Z,35.775777883,8.165704372748888
2020-10-31T05:00:00Z,35.01938013625,8.62080431358638
2020-10-31T06:00:00Z,35.8120223025,8.594274034847507
2020-10-31T07:00:00Z,33.926823545,8.08338088514279
2020-10-31T08:00:00Z,33.18331999575,8.098541416385004
2020-10-31T09:00:00Z,33.83023727775,8.981708064003119
2020-10-31T10:00:00Z,35.736125304,12.648090369769015
2020-10-31T11:00:00Z,33.98897730025,16.000982534215197
2020-10-31T12:00:00Z,34.9630691335,17.770129300466166
2020-10-31T13:00:00Z,37.14933904175,19.315542366011616
2020-10-31T14:00:00Z,36.667552109,20.270213840623107
2020-10-31T15:00:00Z,35.028257369,19.5192585983418
2020-10-31T16:00:00Z,32.945073257749996,18.795562772155908
2020-10-31T17:00:00Z,30.897103072249998,17.63037063037747
2020-10-31T18:00:00Z,29.998887671,15.121152577079712
2020-10-31T19:00:00Z,34.904995258,13.637534245570828
2020-10-31T20:00:00Z,47.18372768825,13.237484907358315
2020-10-31T21:00:00Z,50.65279419675,12.524406177878516
2020-10-31T22:00:00Z,50.151291730000004,12.512505457882728
2020-10-31T23:00:00Z,51.204746675,12.629174545597891
2020-11-01T00:00:00Z,50.107245438,12.271157979509242
2020-11-01T01:00:00Z,32.85651956425,11.54978830415079
2020-11-01T02:00:00Z,30.80209845725,10.759295252007618
2020-11-01T03:00:00Z,30.93436536275,10.884156448409083
2020-11-01T04:00:00Z,31.178063085,10.440884735442827
2020-11-01T05:00:00Z,30.13911440425,10.47045857507688
2020-11-01T06:00:00Z,33.909008937,10.794044578587814
2020-11-01T07:00:00Z,33.318015079,10.513804021644885
2020-11-01T08:00:00Z,33.581488797,9.910312334777547
2020-11-01T09:00:00Z,33.3831199775,10.437616605195025
2020-11-01T10:00:00Z,33.59310985025,13.326347452188974
2020-11-01T11:00:00Z,34.85805627825,16.598915382213114
2020-11-01T12:00:00Z,33.521125860750004,18.806234377233782
2020-11-01T13:00:00Z,34.0734316845,20.520998912446796
2020-11-01T14:00:00Z,34.308686438500004,21.507695537319684
2020-11-01T15:00:00Z,34.12769761975,21.271367647130656
2020-11-01T16:00:00Z,32.296161008,20.741466318496347
2020-11-01T17:00:00Z,33.01685585925,18.50745203239699
2020-11-01T18:00:00Z,32.636642479749995,16.25379355284472
2020-11-01T19:00:00Z,43.249585294499994,15.566538745492283
2020-11-01T20:00:00Z,50.4314222705,15.1351625480441
2020-11-01T21:00:00Z,53.575000107,14.381602924551569
2020-11-01T22:00:00Z,54.661674540250004,13.739396325469425
2020-11-01T23:00:00Z,58.284737311,13.232077043641935
2020-11-02T00:00:00Z,60.28620888075,10.833246411268858
2020-11-02T01:00:00Z,56.13520757525,10.347142845008944
2020-11-02T02:00:00Z,49.26215301525,9.884331067248464
2020-11-02T03:00:00Z,45.646659769500005,9.788772919743327
2020-11-02T04:00:00Z,40.56034290575,36.51486800449918
2020-11-02T05:00:00Z,38.3643976635,60.88916517911723
2020-11-02T06:00:00Z,34.636891612250004,60.961286887378144
2020-11-02T07:00:00Z,34.6391049095,63.83598648524507
2020-11-02T08:00:00Z,34.3314917875,70.94750871463667
2020-11-02T09:00:00Z,33.83421865125,71.72424682477487
2020-11-02T10:00:00Z,34.568192435,79.53734552667972
2020-11-02T11:00:00Z,34.328935435999995,86.4007332385946
2020-11-02T12:00:00Z,34.866759530500005,91.62126672122518
2020-11-02T13:00:00Z,34.22966731175,98.1926809847021
2020-11-02T14:00:00Z,33.261585440750004,105.01440989790743
2020-11-02T15:00:00Z,35.2484085255,102.04815002776894
2020-11-02T16:00:00Z,37.22263866425,100.24315052941091
2020-11-02T17:00:00Z,26.375272729,86.6703542426262
2020-11-02T18:00:00Z,28.63463989625,75.64714821532236
2020-11-02T19:00:00Z,35.52567010125,66.51876230037944
2020-11-02T20:00:00Z,42.81388865575,57.087944547215905
2020-11-02T21:00:00Z,41.92103577175,62.511576454853774
2020-11-02T22:00:00Z,41.3557292175,62.91770251665438
2020-11-02T23:00:00Z,37.583238224,6.5660428529823776
2020-11-03T00:00:00Z,34.887386508,6.919899857335329
2020-11-03T01:00:00Z,28.546441304,6.569566140718737
2020-11-03T02:00:00Z,22.353327197749998,5.391995383069559
2020-11-03T03:00:00Z,9.478702023,5.391995383069559
2020-11-03T04:00:00Z,9.2785840805,26.107599181562065
2020-11-03T05:00:00Z,9.25237615825,46.823202980054575
2020-11-03T06:00:00Z,9.174402505,46.823202980054575
2020-11-03T07:00:00Z,9.363635384,46.823202980054575
2020-11-03T08:00:00Z,9.67885246225,52.68131239461707
2020-11-03T09:00:00Z,9.300050693,52.68131239461707
2020-11-03T10:00:00Z,9.392274972,59.87049890836205
2020-11-03T11:00:00Z,9.09209694675,77.5270518548694
2020-11-03T12:00:00Z,9.7462884845,85.0028401000911
2020-11-03T13:00:00Z,10.1041036585,84.99513482858632
2020-11-03T14:00:00Z,12.57065146075,79.12540899333793
2020-11-03T15:00:00Z,20.24010903175,71.4354366048721
2020-11-03T16:00:00Z,14.453478211,68.31547339997634
2020-11-03T17:00:00Z,17.563128110999997,62.990725334617856
2020-11-03T18:00:00Z,27.3539426245,50.58767215206053
2020-11-03T19:00:00Z,29.7436399515,48.20414031055457
2020-11-03T20:00:00Z,30.7310731175,48.20414031055457
2020-11-03T21:00:00Z,23.886087246,48.20414031055457
2020-11-03T22:00:00Z,16.52973556925,48.20414031055457
2020-11-03T23:00:00Z,25.668288310250002,5.391995383069559
2020-11-04T00:00:00Z,16.38254951075,5.391995383069559
2020-11-04T01:00:00Z,14.4042812735,5.391995383069559
2020-11-04T02:00:00Z,24.1195961765,5.391995383069559
2020-11-04T03:00:00Z,43.8217057115,5.391995383069559
2020-11-04T04:00:00Z,40.80567688225,26.107599181562065
2020-11-04T05:00:00Z,38.26632435725,46.823202980054575
2020-11-04T06:00:00Z,38.77303485975,46.823202980054575
2020-11-04T07:00:00Z,37.536225094500004,46.823202980054575
2020-11-04T08:00:00Z,36.45025108825,52.68131239461707
2020-11-04T09:00:00Z,36.56802012,55.739971255750675
2020-11-04T10:00:00Z,36.750391963750005,69.74674971264676
2020-11-04T11:00:00Z,35.718177528249996,83.78633651033346
2020-11-04T12:00:00Z,35.409138159,89.8999547629557
2020-11-04T13:00:00Z,37.247402832,90.68756702754183
2020-11-04T14:00:00Z,39.28612397025,86.37248813596202
2020-11-04T15:00:00Z,41.03613582,85.40842833312514
2020-11-04T16:00:00Z,19.97155083175,85.25026700359211
2020-11-04T17:00:00Z,12.91147705825,83.98687862490058
2020-11-04T18:00:00Z,14.8209928405,77.12244604424558
2020-11-04T19:00:00Z,19.2371251295,74.91757899890911
2020-11-04T20:00:00Z,32.85786677525,75.35906832271252
2020-11-04T21:00:00Z,35.938785611250005,72.54013094680505
2020-11-04T22:00:00Z,33.47392784175,68.12561466238597
2020-11-04T23:00:00Z,33.554599868,10.835225143734881
2020-11-05T00:00:00Z,38.01788672875,10.182891800679846
2020-11-05T01:00:00Z,32.9292764235,9.611588308918652
2020-11-05T02:00:00Z,31.1269020645,9.285556462406342
2020-11-05T03:00:00Z,33.8777990555,9.197013872751747
2020-11-05T04:00:00Z,30.210596841,39.32603430361536
2020-11-05T05:00:00Z,11.49859953075,70.56391432990802
2020-11-05T06:00:00Z,13.900310467250002,69.25725924893874
2020-11-05T07:00:00Z,9.975801228,67.14447232939509
2020-11-05T08:00:00Z,10.15230119075,72.45985005394424
2020-11-05T09:00:00Z,9.78104953525,75.03087006345827
2020-11-05T10:00:00Z,9.95559990575,82.08297172886773
2020-11-05T11:00:00Z,12.999464615499999,87.39492214309246
2020-11-05T12:00:00Z,30.008548524250003,88.29591232087256
2020-11-05T13:00:00Z,31.522840945749998,85.06324877949802
2020-11-05T14:00:00Z,20.927834715,88.00242567966872
2020-11-05T15:00:00Z,26.482085279000003,83.2484932420021
2020-11-05T16:00:00Z,14.003049186750001,76.18576442213687
2020-11-05T17:00:00Z,12.14904910625,70.53310611799749
2020-11-05T18:00:00Z,24.866383648499998,60.77255359547696
2020-11-05T19:00:00Z,36.705435426,57.58678354777005
2020-11-05T20:00:00Z,41.1102684835,55.47155667867776
2020-11-05T21:00:00Z,47.06115027375,52.970667652199815
2020-11-05T22:00:00Z,50.56854425875,48.62085683073963
2020-11-05T23:00:00Z,52.027428504,6.60022882492279
2020-11-06T00:00:00Z,47.3464862765,6.345672890084086
2020-11-06T01:00:00Z,27.685843714,5.735352059885489
2020-11-06T02:00:00Z,10.71308907825,5.391995383069559
2020-11-06T03:00:00Z,13.53850729175,5.391995383069559
2020-11-06T04:00:00Z,20.59004078725,26.107599181562065
2020-11-06T05:00:00Z,10.1000563205,46.823202980054575
2020-11-06T06:00:00Z,9.7898119145,46.823202980054575
2020-11-06T07:00:00Z,9.8992464935,46.823202980054575
2020-11-06T08:00:00Z,10.280314571,52.68131239461707
2020-11-06T09:00:00Z,10.40808127825,52.68131239461707
2020-11-06T10:00:00Z,9.73291699625,52.68131239461707
2020-11-06T11:00:00Z,9.8550872645,52.92771976151813
2020-11-06T12:00:00Z,11.1732479205,55.53437479378596
2020-11-06T13:00:00Z,10.5824547965,57.20990830134855
2020-11-06T14:00:00Z,13.485965474499999,56.0960256188074
2020-11-06T15:00:00Z,18.31219996675,52.99220982531543
2020-11-06T16:00:00Z,20.155128371,52.68131239461707
2020-11-06T17:00:00Z,16.185492310249998,52.68131239461707
2020-11-06T18:00:00Z,17.688306758,48.20414031055457
2020-11-06T19:00:00Z,17.53149569525,48.20414031055457
2020-11-06T20:00:00Z,22.516283914000002,48.20414031055458
2020-11-06T21:00:00Z,16.283014217,48.20414031055458
2020-11-06T22:00:00Z,18.63971563675,48.20414031055457
2020-11-06T23:00:00Z,27.7565828905,5.391995383069559
2020-11-07T00:00:00Z,35.488369244,7.218022211044552
2020-11-07T01:00:00Z,35.6492615205,7.218022211044552
2020-11-07T02:00:00Z,32.42122842425,7.218022211044552
2020-11-07T03:00:00Z,35.909466904249996,7.218022211044552
2020-11-07T04:00:00Z,34.7132300655,7.218022211044552
2020-11-07T05:00:00Z,35.40494712475,7.218022211044552
2020-11-07T06:00:00Z,35.21904651225,7.218022211044552
2020-11-07T07:00:00Z,34.66032500375,7.218022211044552
2020-11-07T08:00:00Z,30.8927519985,7.218022211044552
2020-11-07T09:00:00Z,28.538245172000003,7.218022211044552
2020-11-07T10:00:00Z,29.69399316225,7.218022211044552
2020-11-07T11:00:00Z,30.11474506,7.385013313507266
2020-11-07T12:00:00Z,30.24051895075,7.487750901066324
2020-11-07T13:00:00Z,30.58848234625,8.167536527745415
2020-11-07T14:00:00Z,33.1875392545,9.124997097113722
2020-11-07T15:00:00Z,22.393934877750002,8.42121207126441
2020-11-07T16:00:00Z,23.90225881975,7.218022211044552
2020-11-07T17:00:00Z,29.23582471175,7.218022211044552
2020-11-07T18:00:00Z,30.147004200250002,7.218022211044552
2020-11-07T19:00:00Z,24.5298038835,7.218022211044552
2020-11-07T20:00:00Z,29.02210377225,7.218022211044552
2020-11-07T21:00:00Z,28.78654880725,7.218022211044552
2020-11-07T22:00:00Z,26.2698478525,7.218022211044552
2020-11-07T23:00:00Z,22.36361745175,7.218022211044552
2020-11-08T00:00:00Z,23.96847164,7.218022211044552
2020-11-08T01:00:00Z,28.734236984,7.218022211044552
2020-11-08T02:00:00Z,30.69460357625,7.218022211044552
2020-11-08T03:00:00Z,30.1922064105,7.218022211044552
2020-11-08T04:00:00Z,30.463449423500002,7.218022211044552
2020-11-08T05:00:00Z,30.36884114,7.218022211044552
2020-11-08T06:00:00Z,31.12961907975,7.218022211044552
2020-11-08T07:00:00Z,33.625769844000004,7.218022211044552
2020-11-08T08:00:00Z,33.46609633225,7.218022211044552
2020-11-08T09:00:00Z,32.320515891,7.218022211044552
2020-11-08T10:00:00Z,31.8961901535,7.218022211044552
2020-11-08T11:00:00Z,30.497816741500003,7.218022211044552
2020-11-08T12:00:00Z,28.41546524725,7.218022211044552
2020-11-08T13:00:00Z,30.038856300250004,7.218022211044552
2020-11-08T14:00:00Z,25.974792071750002,7.218022211044552
2020-11-08T15:00:00Z,29.56265226975,7.218022211044552
2020-11-08T16:00:00Z,18.306563325750002,7.218022211044552
2020-11-08T17:00:00Z,20.436575913749998,7.218022211044552
2020-11-08T18:00:00Z,26.864184704499998,7.218022211044552
2020-11-08T19:00:00Z,36.122854283,7.218022211044552
2020-11-08T20:00:00Z,25.790403846,7.218022211044552
2020-11-08T21:00:00Z,17.45527639075,7.218022211044552
2020-11-08T22:00:00Z,22.211785039749998,7.218022211044552
2020-11-08T23:00:00Z,34.60075042625,7.218022211044552
2020-11-09T00:00:00Z,36.052531909500004,5.391995383069559
2020-11-09T01:00:00Z,34.84752895275,5.391995383069559
2020-11-09T02:00:00Z,35.03885072525,5.391995383069559
2020-11-09T03:00:00Z,34.80674805625,5.391995383069559
2020-11-09T04:00:00Z,34.05971459925,26.107599181562065
2020-11-09T05:00:00Z,33.54335817575,46.823202980054575
2020-11-09T06:00:00Z,32.21547267075,46.823202980054575
2020-11-09T07:00:00Z,32.407103011749996,46.823202980054575
2020-11-09T08:00:00Z,31.009608245000003,52.68131239461707
2020-11-09T09:00:00Z,28.4884186775,52.68131239461707
2020-11-09T10:00:00Z,28.4896455075,52.68131239461707
2020-11-09T11:00:00Z,22.144153394,52.68131239461707
2020-11-09T12:00:00Z,27.189680472,52.68131239461707
2020-11-09T13:00:00Z,31.7750907955,54.43471946087406
2020-11-09T14:00:00Z,33.110355198,54.92291303792854
2020-11-09T15:00:00Z,34.07211268025,52.785436138728606
2020-11-09T16:00:00Z,33.51080704,52.68131239461707
2020-11-09T17:00:00Z,37.147969504,52.68131239461707
2020-11-09T18:00:00Z,37.56686613825,48.20414031055457
2020-11-09T19:00:00Z,38.71226585375,48.20414031055457
2020-11-09T20:00:00Z,38.050766358749996,48.20414031055457
2020-11-09T21:00:00Z,35.19045140275,48.20414031055457
2020-11-09T22:00:00Z,36.48972875625,48.20414031055457
2020-11-09T23:00:00Z,36.63899090475,5.391995383069559
2020-11-10T00:00:00Z,36.835070482,5.391995383069559
2020-11-10T01:00:00Z,40.09012186725,5.391995383069559
2020-11-10T02:00:00Z,36.98199148425,5.391995383069559
2020-11-10T03:00:00Z,35.669218298749996,5.391995383069559
2020-11-10T04:00:00Z,34.574515441,26.107599181562065
2020-11-10T05:00:00Z,34.464948795,46.823202980054575
2020-11-10T06:00:00Z,34.63296938425,46.823202980054575
2020-11-10T07:00:00Z,33.189851890250004,46.823202980054575
2020-11-10T08:00:00Z,34.642659220750005,52.68131239461707
2020-11-10T09:00:00Z,34.536532500999996,52.68131239461707
2020-11-10T10:00:00Z,33.9401175015,52.68131239461707
2020-11-10T11:00:00Z,34.712382620499994,54.09800821914967
2020-11-10T12:00:00Z,34.31428605799999,59.87467776515185
2020-11-10T13:00:00Z,34.0703604335,64.25951227159732
2020-11-10T14:00:00Z,36.777633678,64.92464395658774
2020-11-10T15:00:00Z,35.809060306,61.7764502728472
2020-11-10T16:00:00Z,38.950374034,54.4061573567523
2020-11-10T17:00:00Z,40.832778954,52.68131239461707
2020-11-10T18:00:00Z,42.13358378,48.20414031055457
2020-11-10T19:00:00Z,38.60031499675,48.20414031055457
2020-11-10T20:00:00Z,37.1365410975,48.20414031055457
2020-11-10T21:00:00Z,37.082306314250005,48.20414031055458
2020-11-10T22:00:00Z,36.082215009500004,48.20414031055458
2020-11-10T23:00:00Z,37.887187307750004,5.391995383069559
2020-11-11T00:00:00Z,39.34371298875,5.391995383069559
2020-11-11T01:00:00Z,42.9577224465,5.391995383069559
2020-11-11T02:00:00Z,37.36839857775,5.391995383069559
2020-11-11T03:00:00Z,36.14331173075,5.391995383069559
2020-11-11T04:00:00Z,36.46066927775,26.107599181562065
2020-11-11T05:00:00Z,35.133247291,46.823202980054575
2020-11-11T06:00:00Z,35.42289939275,46.823202980054575
2020-11-11T07:00:00Z,35.9609538165,46.823202980054575
2020-11-11T08:00:00Z,35.657960854,52.68131239461707
2020-11-11T09:00:00Z,34.97378580375,52.68131239461707
2020-11-11T10:00:00Z,34.442703854,52.68131239461707
2020-11-11T11:00:00Z,34.96870048925,52.68131239461707
2020-11-11T12:00:00Z,35.947347452,52.68131239461707
2020-11-11T13:00:00Z,35.84510212175,52.68131239461707
2020-11-11T14:00:00Z,37.82068419075,57.29812412511534
2020-11-11T15:00:00Z,37.76020946875,58.848042036083214
2020-11-11T16:00:00Z,40.15643091425,53.93419043903718
2020-11-11T17:00:00Z,40.63563858575,52.68131239461707
2020-11-11T18:00:00Z,41.63147422175,48.20414031055457
2020-11-11T19:00:00Z,33.410019513,48.20414031055457
2020-11-11T20:00:00Z,35.024235314500004,48.20414031055457
2020-11-11T21:00:00Z,37.571047523,48.20414031055457
2020-11-11T22:00:00Z,33.90286926975,48.20414031055457
2020-11-11T23:00:00Z,35.50270249325,5.391995383069559
2020-11-12T00:00:00Z,39.35490159225,5.391995383069559
2020-11-12T01:00:00Z,43.4088369945,5.391995383069559
2020-11-12T02:00:00Z,35.93897295,5.391995383069559
2020-11-12T03:00:00Z,37.54766437725,5.391995383069559
2020-11-12T04:00:00Z,35.585321511749996,26.107599181562065
2020-11-12T05:00:00Z,36.39168600575,46.823202980054575
2020-11-12T06:00:00Z,34.005523188,46.823202980054575
2020-11-12T07:00:00Z,34.849248063000005,46.823202980054575
2020-11-12T08:00:00Z,34.820502838,52.68131239461707
2020-11-12T09:00:00Z,34.576554778,52.68131239461707
2020-11-12T10:00:00Z,34.132606001,52.68131239461707
2020-11-12T11:00:00Z,35.2176168405,53.991429091560065
2020-11-12T12:00:00Z,35.22718812475,57.584478027842835
2020-11-12T13:00:00Z,36.00057376525,61.18805915081554
2020-11-12T14:00:00Z,35.351749348,64.85496110228772
2020-11-12T15:00:00Z,35.76069389325,62.34485042736117
2020-11-12T16:00:00Z,38.64351836,56.32102338842908
2020-11-12T17:00:00Z,35.9003367725,52.68131239461707
2020-11-12T18:00:00Z,36.069473486,48.20414031055457
2020-11-12T19:00:00Z,43.6705066495,48.20414031055457
2020-11-12T20:00:00Z,42.9498633635,48.20414031055457
2020-11-12T21:00:00Z,44.8458932475,48.20414031055458
2020-11-12T22:00:00Z,43.15318476525,48.20414031055458
2020-11-12T23:00:00Z,41.15335125275,5.391995383069559
2020-11-13T00:00:00Z,42.88860418125,5.391995383069559
2020-11-13T01:00:00Z,38.99496294075,5.391995383069559
2020-11-13T02:00:00Z,37.7557615595,5.391995383069559
2020-11-13T03:00:00Z,35.43237783975,5.391995383069559
2020-11-13T04:00:00Z,35.65012930025,26.107599181562065
2020-11-13T05:00:00Z,35.6229825805,46.823202980054575
2020-11-13T06:00:00Z,34.913774448249995,46.823202980054575
2020-11-13T07:00:00Z,34.127173959,46.823202980054575
2020-11-13T08:00:00Z,34.40055012475,52.68131239461707
2020-11-13T09:00:00Z,33.8664591455,52.68131239461707
2020-11-13T10:00:00Z,33.3618481835,52.68131239461707
2020-11-13T11:00:00Z,33.3348199865,52.68131239461707
2020-11-13T12:00:00Z,34.23380988725,52.68131239461707
2020-11-13T13:00:00Z,34.04177064075,52.68131239461707
2020-11-13T14:00:00Z,34.802090997250005,52.68131239461707
2020-11-13T15:00:00Z,33.12443273575,52.68131239461707
2020-11-13T16:00:00Z,35.3226870515,52.68131239461707
2020-11-13T17:00:00Z,41.7069552625,52.68131239461707
2020-11-13T18:00:00Z,36.6687519265,48.20414031055458
2020-11-13T19:00:00Z,14.713916423,48.20414031055458
2020-11-13T20:00:00Z,14.3233109115,48.20414031055458
2020-11-13T21:00:00Z,11.3740716155,48.20414031055458
2020-11-13T22:00:00Z,10.87075560075,48.20414031055458
2020-11-13T23:00:00Z,12.181496396,5.391995383069559
2020-11-14T00:00:00Z,9.154250147499999,7.218022211044552
2020-11-14T01:00:00Z,9.80184228625,7.218022211044552
2020-11-14T02:00:00Z,9.4223615515,7.218022211044552
2020-11-14T03:00:00Z,9.933984980249999,7.218022211044552
2020-11-14T04:00:00Z,9.42116285525,7.218022211044552
2020-11-14T05:00:00Z,9.466972965,7.218022211044552
2020-11-14T06:00:00Z,9.451701921249999,7.218022211044552
2020-11-14T07:00:00Z,9.3851627265,7.218022211044552
2020-11-14T08:00:00Z,9.671188954249999,7.218022211044552
2020-11-14T09:00:00Z,9.1930992585,7.218022211044552
2020-11-14T10:00:00Z,13.2990013815,7.218022211044552
2020-11-14T11:00:00Z,25.44907383975,7.218022211044552
2020-11-14T12:00:00Z,28.54360653,8.210099300168016
2020-11-14T13:00:00Z,31.228144259500002,10.075909405108298
2020-11-14T14:00:00Z,32.02365958475,11.078636469552912
2020-11-14T15:00:00Z,28.9345565325,9.931417777939943
2020-11-14T16:00:00Z,21.161386352250002,8.10640265266289
2020-11-14T17:00:00Z,11.4948660095,7.218022211044552
2020-11-14T18:00:00Z,9.76663167275,7.218022211044552
2020-11-14T19:00:00Z,12.682715636000001,7.218022211044552
2020-11-14T20:00:00Z,10.89252937225,7.218022211044552
2020-11-14T21:00:00Z,11.559363048249999,7.218022211044552
2020-11-14T22:00:00Z,9.30686014825,7.218022211044552
2020-11-14T23:00:00Z,9.5941048685,7.218022211044552
2020-11-15T00:00:00Z,9.127567697,7.218022211044552
2020-11-15T01:00:00Z,9.258129902,7.218022211044552
2020-11-15T02:00:00Z,9.293616896,7.218022211044552
2020-11-15T03:00:00Z,9.83524105475,7.218022211044552
2020-11-15T04:00:00Z,11.2987412885,7.218022211044552
2020-11-15T05:00:00Z,16.9668580795,7.218022211044552
2020-11-15T06:00:00Z,23.36999493325,7.218022211044552
2020-11-15T07:00:00Z,27.612901923499997,7.218022211044552
2020-11-15T08:00:00Z,28.9564410135,7.218022211044552
2020-11-15T09:00:00Z,29.0721690755,7.218022211044552
2020-11-15T10:00:00Z,30.0157936675,7.218022211044552
2020-11-15T11:00:00Z,31.356810107,9.167738299545489
2020-11-15T12:00:00Z,33.614477364500004,12.056825199644178
2020-11-15T13:00:00Z,34.19499127475,13.894803747825954
2020-11-15T14:00:00Z,34.864335370000006,15.102050987134103
2020-11-15T15:00:00Z,30.86228512125,14.75004579823395
2020-11-15T16:00:00Z,17.03585611925,13.73431792673845
2020-11-15T17:00:00Z,9.53201689075,11.858577269518653
2020-11-15T18:00:00Z,9.247456208,9.821062963522818
2020-11-15T19:00:00Z,9.906296544749999,8.587164996378084
2020-11-15T20:00:00Z,9.488047882,7.615124900396003
2020-11-15T21:00:00Z,15.983596763000001,7.218022211044552
2020-11-15T22:00:00Z,22.9798040945,7.218022211044552
2020-11-15T23:00:00Z,21.31954076175,7.218022211044552
2020-11-16T00:00:00Z,12.0568581795,5.391995383069559
2020-11-16T01:00:00Z,9.681780138499999,5.391995383069559
2020-11-16T02:00:00Z,9.30998756475,5.391995383069559
2020-11-16T03:00:00Z,9.47346839175,5.391995383069559
2020-11-16T04:00:00Z,9.95304869325,26.107599181562065
2020-11-16T05:00:00Z,10.32029166925,46.823202980054575
2020-11-16T06:00:00Z,9.926526117249999,46.823202980054575
2020-11-16T07:00:00Z,9.78450181675,46.823202980054575
2020-11-16T08:00:00Z,25.092073864,52.68131239461707
2020-11-16T09:00:00Z,42.27141288125,52.68131239461707
2020-11-16T10:00:00Z,40.82572643425,57.50945307007428
2020-11-16T11:00:00Z,17.50653295625,70.0861700068241
2020-11-16T12:00:00Z,9.550467695750001,78.33138402900299
2020-11-16T13:00:00Z,11.88375811425,83.26222664851016
2020-11-16T14:00:00Z,12.9246178965,86.83847187703101
2020-11-16T15:00:00Z,14.17004894725,88.4578361880105
2020-11-16T16:00:00Z,12.7192071125,86.3360171703426
2020-11-16T17:00:00Z,18.68138534075,78.99025218070376
2020-11-16T18:00:00Z,25.79743837775,64.32941714655765
2020-11-16T19:00:00Z,16.6492496455,57.85666037951627
2020-11-16T20:00:00Z,31.705837826249997,57.075189809855104
2020-11-16T21:00:00Z,31.3807488535,57.67929893537994
2020-11-16T22:00:00Z,33.94670760375,55.628937667805936
2020-11-16T23:00:00Z,32.4845282705,7.150974839419209
2020-11-17T00:00:00Z,33.70069668075,9.035304213354358
2020-11-17T01:00:00Z,14.26464139325,7.3257765429550785
2020-11-17T02:00:00Z,9.8988886985,6.377339119400916
2020-11-17T03:00:00Z,10.621297727750001,7.642479910525249
2020-11-17T04:00:00Z,9.791800873,33.47476499293065
2020-11-17T05:00:00Z,10.10120970825,56.04730139251626
2020-11-17T06:00:00Z,10.13208333525,52.23673366785439
2020-11-17T07:00:00Z,10.10615663275,47.9861883531715
2020-11-17T08:00:00Z,9.66322235625,52.68131239461707
2020-11-17T09:00:00Z,10.0741190665,53.7628694072606
2020-11-17T10:00:00Z,9.413865952750001,62.86891976961063
2020-11-17T11:00:00Z,9.5334616965,64.52326325471469
2020-11-17T12:00:00Z,9.6144699335,56.2560367424374
2020-11-17T13:00:00Z,13.84629510025,52.68131239461707
2020-11-17T14:00:00Z,15.2342525135,52.68131239461707
2020-11-17T15:00:00Z,17.806485842,52.68131239461707
2020-11-17T16:00:00Z,14.05201495575,52.68131239461707
2020-11-17T17:00:00Z,14.757984097000001,52.68131239461707
2020-11-17T18:00:00Z,15.2601786435,48.20414031055458
2020-11-17T19:00:00Z,17.37226498425,48.20414031055458
2020-11-17T20:00:00Z,17.68875402575,48.20414031055458
2020-11-17T21:00:00Z,16.290970864000002,48.20414031055458
2020-11-17T22:00:00Z,15.76850627875,48.20414031055458
2020-11-17T23:00:00Z,13.64689595475,5.391995383069559
2020-11-18T00:00:00Z,13.520812634,5.391995383069559
2020-11-18T01:00:00Z,12.82136239325,5.391995383069559
2020-11-18T02:00:00Z,9.6905021815,5.391995383069559
2020-11-18T03:00:00Z,9.379065479,5.391995383069559
2020-11-18T04:00:00Z,9.61359224125,26.107599181562065
2020-11-18T05:00:00Z,10.1235014755,46.823202980054575
2020-11-18T06:00:00Z,9.3344944365,46.823202980054575
2020-11-18T07:00:00Z,9.65121132625,46.823202980054575
2020-11-18T08:00:00Z,9.994232058,52.68131239461707
2020-11-18T09:00:00Z,9.7626904805,52.68131239461707
2020-11-18T10:00:00Z,9.70372401475,55.75252455376775
2020-11-18T11:00:00Z,9.40571442,58.90730520872324
2020-11-18T12:00:00Z,10.06220658775,57.62111489478752
2020-11-18T13:00:00Z,10.15107228475,55.12445600949569
2020-11-18T14:00:00Z,12.353337499,54.70245071718167
2020-11-18T15:00:00Z,11.49790214825,50.80115661805668
2020-11-18T16:00:00Z,10.582945831249999,48.15379577463049
2020-11-18T17:00:00Z,14.541832379749998,48.15379577463049
2020-11-18T18:00:00Z,14.263900067,43.676623690567986
2020-11-18T19:00:00Z,11.738676569999999,43.676623690567986
2020-11-18T20:00:00Z,13.710707261500001,43.676623690567986
2020-11-18T21:00:00Z,13.86157302675,43.676623690567986
2020-11-18T22:00:00Z,32.1863199645,43.676623690567986
2020-11-18T23:00:00Z,40.999415830000004,5.391995383069559
2020-11-19T00:00:00Z,39.998099078500005,5.391995383069559
2020-11-19T01:00:00Z,12.6949556335,5.391995383069559
2020-11-19T02:00:00Z,9.91464450725,5.391995383069559
2020-11-19T03:00:00Z,12.296273729000001,5.391995383069559
2020-11-19T04:00:00Z,11.2898835865,26.107599181562065
2020-11-19T05:00:00Z,11.09941657525,46.823202980054575
2020-11-19T06:00:00Z,9.468709945499999,46.823202980054575
2020-11-19T07:00:00Z,9.66737050525,46.823202980054575
2020-11-19T08:00:00Z,9.70307470225,52.68131239461707
2020-11-19T09:00:00Z,9.33054754475,52.68131239461707
2020-11-19T10:00:00Z,9.487984584,52.68131239461707
2020-11-19T11:00:00Z,9.477035705750001,53.58633519995287
2020-11-19T12:00:00Z,9.43352751775,60.86164681945551
2020-11-19T13:00:00Z,12.54154203425,65.3967648368729
2020-11-19T14:00:00Z,11.17708915475,67.50221587910977
2020-11-19T15:00:00Z,10.122577053,65.32988997959318
2020-11-19T16:00:00Z,14.045293046500001,59.634615222247426
2020-11-19T17:00:00Z,37.486860665,51.44602635376619
2020-11-19T18:00:00Z,35.67424825825,45.94038200056128
2020-11-19T19:00:00Z,35.054515419000005,45.94234432768376
2020-11-19T20:00:00Z,32.856762351,45.94956435906099
2020-11-19T21:00:00Z,33.230364206000004,45.95142307686527
2020-11-19T22:00:00Z,33.96396270475,45.96340452929552
2020-11-19T23:00:00Z,35.5342433625,5.391995383069559
2020-11-20T00:00:00Z,36.66335156425,5.391995383069559
2020-11-20T01:00:00Z,35.672806412999996,5.391995383069559
2020-11-20T02:00:00Z,35.77132001825,5.391995383069559
2020-11-20T03:00:00Z,33.2282592015,5.391995383069559
2020-11-20T04:00:00Z,34.5966400285,26.107599181562065
2020-11-20T05:00:00Z,35.118986311499995,46.823202980054575
2020-11-20T06:00:00Z,35.2517811405,46.823202980054575
2020-11-20T07:00:00Z,33.87774208825,46.823202980054575
2020-11-20T08:00:00Z,34.43751538875,52.68131239461707
2020-11-20T09:00:00Z,35.21427225575,52.68131239461707
2020-11-20T10:00:00Z,34.715434347,52.68131239461707
2020-11-20T11:00:00Z,35.0573589115,58.029709220553016
2020-11-20T12:00:00Z,34.147317274,66.16962055902951
2020-11-20T13:00:00Z,34.90833514325,71.29576558579389
2020-11-20T14:00:00Z,36.46741224825,75.71722949483936
2020-11-20T15:00:00Z,42.52251434275,73.63362802653454
2020-11-20T16:00:00Z,38.39417237175,68.1254932509104
2020-11-20T17:00:00Z,35.14216066525,59.31505422875727
2020-11-20T18:00:00Z,34.7213927135,48.44148622663783
2020-11-20T19:00:00Z,34.403203832,48.20414031055458
2020-11-20T20:00:00Z,33.466521725,48.20414031055458
2020-11-20T21:00:00Z,32.751713976000005,48.20414031055458
2020-11-20T22:00:00Z,34.666905918249995,48.20414031055458
2020-11-20T23:00:00Z,38.235226495250004,5.391995383069559
2020-11-21T00:00:00Z,35.28147535775,7.218022211044552
2020-11-21T01:00:00Z,35.33587567175,7.218022211044552
2020-11-21T02:00:00Z,37.81750535175,7.218022211044552
2020-11-21T03:00:00Z,36.06621226725,7.218022211044552
2020-11-21T04:00:00Z,35.80454160175,7.218022211044552
2020-11-21T05:00:00Z,35.978918097000005,7.218022211044552
2020-11-21T06:00:00Z,34.37478217575,7.218022211044552
2020-11-21T07:00:00Z,34.18049110625,7.218022211044552
2020-11-21T08:00:00Z,30.662333548,7.218022211044552
2020-11-21T09:00:00Z,29.29262714025,7.218022211044552
2020-11-21T10:00:00Z,29.82972144075,7.218022211044552
2020-11-21T11:00:00Z,29.2975559995,8.251907509956226
2020-11-21T12:00:00Z,28.935234166,9.788507238767592
2020-11-21T13:00:00Z,29.686020061,9.703457658274909
2020-11-21T14:00:00Z,29.3881425865,10.958522174711112
2020-11-21T15:00:00Z,26.42007160175,11.005494045190414
2020-11-21T16:00:00Z,28.737626787499998,9.34596383428894
2020-11-21T17:00:00Z,28.94133278875,7.3646720084163855
2020-11-21T18:00:00Z,29.116531308749998,7.218022211044552
2020-11-21T19:00:00Z,30.1947828575,7.218022211044552
2020-11-21T20:00:00Z,29.80808118075,7.218022211044552
2020-11-21T21:00:00Z,30.850195308,7.218022211044552
2020-11-21T22:00:00Z,28.205168519,7.218022211044552
2020-11-21T23:00:00Z,28.6800713695,7.218022211044552
2020-11-22T00:00:00Z,29.920063956499998,7.218022211044552
2020-11-22T01:00:00Z,31.22560888825,7.218022211044552
2020-11-22T02:00:00Z,29.8674553,7.218022211044552
2020-11-22T03:00:00Z,30.460039833000003,7.218022211044552
2020-11-22T04:00:00Z,30.8610903465,7.218022211044552
2020-11-22T05:00:00Z,29.5438716035,7.218022211044552
2020-11-22T06:00:00Z,29.55652186075,7.218022211044552
2020-11-22T07:00:00Z,34.556584738,7.218022211044552
2020-11-22T08:00:00Z,34.644521833,7.218022211044552
2020-11-22T09:00:00Z,34.277907702,7.218022211044552
2020-11-22T10:00:00Z,33.969025916250004,7.218022211044552
2020-11-22T11:00:00Z,34.8075205155,7.358605638344972
2020-11-22T12:00:00Z,34.6737904605,8.553426906165337
2020-11-22T13:00:00Z,34.033685938000005,9.02846542427159
2020-11-22T14:00:00Z,33.967827182,8.632692992111568
2020-11-22T15:00:00Z,34.2693778095,7.321565982521852
2020-11-22T16:00:00Z,33.67881507075,7.218022211044552
2020-11-22T17:00:00Z,33.0489869305,7.218022211044552
2020-11-22T18:00:00Z,33.827635593,7.218022211044552
2020-11-22T19:00:00Z,33.33232933825,7.218022211044552
2020-11-22T20:00:00Z,33.14138351375,7.218022211044552
2020-11-22T21:00:00Z,33.36096356,7.218022211044552
2020-11-22T22:00:00Z,34.938361279,7.218022211044552
2020-11-22T23:00:00Z,33.74210132125,7.218022211044552
2020-11-23T00:00:00Z,36.4889285605,5.391995383069559
2020-11-23T01:00:00Z,37.642089696,5.391995383069559
2020-11-23T02:00:00Z,36.289897983749995,5.391995383069559
2020-11-23T03:00:00Z,34.506972774,5.391995383069559
2020-11-23T04:00:00Z,34.4467840365,26.107599181562065
2020-11-23T05:00:00Z,34.2201072415,46.823202980054575
2020-11-23T06:00:00Z,34.643236179,46.823202980054575
2020-11-23T07:00:00Z,35.1697356625,46.823202980054575
2020-11-23T08:00:00Z,34.55925651175,52.68131239461707
2020-11-23T09:00:00Z,34.15229377675,52.68131239461707
2020-11-23T10:00:00Z,33.763262025,52.68131239461707
2020-11-23T11:00:00Z,34.22972924725,54.18613497290385
2020-11-23T12:00:00Z,34.380303402500004,60.406368375100364
2020-11-23T13:00:00Z,34.919318603,62.67010431995764
2020-11-23T14:00:00Z,35.394886545,62.78974939564654
2020-11-23T15:00:00Z,37.20555886525,61.605662309978364
2020-11-23T16:00:00Z,38.023855938249994,59.009972008403025
2020-11-23T17:00:00Z,38.7598332955,53.30486203085422
2020-11-23T18:00:00Z,39.866992999,48.20414031055457
2020-11-23T19:00:00Z,37.818576297250004,48.20414031055457
2020-11-23T20:00:00Z,36.31713040525,48.20414031055458
2020-11-23T21:00:00Z,35.5940685545,48.20414031055458
2020-11-23T22:00:00Z,34.99744995875,48.20414031055457
2020-11-23T23:00:00Z,36.9060097025,5.391995383069559
2020-11-24T00:00:00Z,37.6582528835,5.391995383069559
2020-11-24T01:00:00Z,39.078529735749996,5.391995383069559
2020-11-24T02:00:00Z,36.323791266,5.391995383069559
2020-11-24T03:00:00Z,38.54120266025,5.391995383069559
2020-11-24T04:00:00Z,36.493643668749996,26.107599181562065
2020-11-24T05:00:00Z,36.20854693125,46.823202980054575
2020-11-24T06:00:00Z,36.3013497995,46.823202980054575
2020-11-24T07:00:00Z,36.89855959625,46.823202980054575
2020-11-24T08:00:00Z,35.124130727250005,52.68131239461707
2020-11-24T09:00:00Z,33.504901718250004,52.68131239461707
2020-11-24T10:00:00Z,35.12045240775,52.68131239461707
2020-11-24T11:00:00Z,34.3817959155,59.56384456522295
2020-11-24T12:00:00Z,34.854420871500004,67.34513925838971
2020-11-24T13:00:00Z,34.09321807425,71.20389459085294
2020-11-24T14:00:00Z,37.043720982500005,72.72395086295649
2020-11-24T15:00:00Z,34.583520856999996,69.12621949243564
2020-11-24T16:00:00Z,40.17563307175,61.86672783066361
2020-11-24T17:00:00Z,35.4493590285,53.12864693051418
2020-11-24T18:00:00Z,39.52936373075,48.20414031055457
2020-11-24T19:00:00Z,35.5461856595,48.20414031055457
2020-11-24T20:00:00Z,34.195808503,48.20414031055457
2020-11-24T21:00:00Z,34.577009276249996,48.20414031055457
2020-11-24T22:00:00Z,36.3733778235,48.20414031055457
2020-11-24T23:00:00Z,36.28657937025,5.391995383069559
2020-11-25T00:00:00Z,36.402979159,5.391995383069559
2020-11-25T01:00:00Z,38.41116996575,5.391995383069559
2020-11-25T02:00:00Z,35.779314374500004,5.391995383069559
2020-11-25T03:00:00Z,35.6678842915,5.391995383069559
2020-11-25T04:00:00Z,34.52208285225,26.107599181562065
2020-11-25T05:00:00Z,34.86348400875,46.823202980054575
2020-11-25T06:00:00Z,33.93031972425,46.823202980054575
2020-11-25T07:00:00Z,34.73650572025,46.823202980054575
2020-11-25T08:00:00Z,34.6832361905,52.68131239461707
2020-11-25T09:00:00Z,35.2947798765,52.68131239461707
2020-11-25T10:00:00Z,34.0568589175,52.68131239461707
2020-11-25T11:00:00Z,34.82574980525,52.68131239461707
2020-11-25T12:00:00Z,37.82124465775,55.167648952492144
2020-11-25T13:00:00Z,41.881581160500005,60.62015254680765
2020-11-25T14:00:00Z,37.39477224,62.961209207875754
2020-11-25T15:00:00Z,35.38622421225,59.8483604140934
2020-11-25T16:00:00Z,36.424139621500004,53.90622688489143
2020-11-25T17:00:00Z,33.655632191500004,52.68131239461707
2020-11-25T18:00:00Z,33.05626350375,48.20414031055457
2020-11-25T19:00:00Z,36.66904346475,48.20414031055457
2020-11-25T20:00:00Z,33.445405324,48.20414031055457
2020-11-25T21:00:00Z,31.410719657,48.20414031055457
2020-11-25T22:00:00Z,30.28473430425,48.20414031055457
2020-11-25T23:00:00Z,29.812921780750003,5.391995383069559
2020-11-26T00:00:00Z,33.296573130249996,5.391995383069559
2020-11-26T01:00:00Z,34.641885955250004,5.391995383069559
2020-11-26T02:00:00Z,35.5784422835,5.391995383069559
2020-11-26T03:00:00Z,35.116990221,5.391995383069559
2020-11-26T04:00:00Z,34.22303525,26.107599181562065
2020-11-26T05:00:00Z,33.07290602225,46.823202980054575
2020-11-26T06:00:00Z,31.498801045249998,46.823202980054575
2020-11-26T07:00:00Z,25.226352727000002,46.823202980054575
2020-11-26T08:00:00Z,32.560377158,52.68131239461707
2020-11-26T09:00:00Z,34.49396782625,52.68131239461707
2020-11-26T10:00:00Z,33.176273302,52.68131239461707
2020-11-26T11:00:00Z,30.55970775375,57.87857414565574
2020-11-26T12:00:00Z,27.135616979,66.21313439745364
2020-11-26T13:00:00Z,26.7599430475,68.74014080013139
2020-11-26T14:00:00Z,31.2353424185,69.59135140802802
2020-11-26T15:00:00Z,30.450979877,68.08940048235878
2020-11-26T16:00:00Z,31.78205938875,63.49256769500214
2020-11-26T17:00:00Z,32.2174867665,56.35154489081788
2020-11-26T18:00:00Z,31.837025269,48.20414031055458
2020-11-26T19:00:00Z,28.174328255,48.20414031055458
2020-11-26T20:00:00Z,23.232478345,48.20414031055458
2020-11-26T21:00:00Z,10.652620890000001,48.20414031055458
2020-11-26T22:00:00Z,18.1256325095,48.20414031055458
2020-11-26T23:00:00Z,29.3767962375,5.391995383069559
2020-11-27T00:00:00Z,28.01254756825,5.391995383069559
2020-11-27T01:00:00Z,33.46277503225,5.391995383069559
2020-11-27T02:00:00Z,33.3333116225,5.391995383069559
2020-11-27T03:00:00Z,33.76134833975,5.391995383069559
2020-11-27T04:00:00Z,34.5831671575,26.107599181562065
2020-11-27T05:00:00Z,34.830505059000004,46.823202980054575
2020-11-27T06:00:00Z,34.981098307,46.823202980054575
2020-11-27T07:00:00Z,34.68629351725,46.823202980054575
2020-11-27T08:00:00Z,35.25445150625001,52.68131239461707
2020-11-27T09:00:00Z,34.695819603000004,52.68131239461707
2020-11-27T10:00:00Z,33.05325979775,52.68131239461707
2020-11-27T11:00:00Z,32.343588573000005,55.88578432340905
2020-11-27T12:00:00Z,32.5779228545,60.93972141588769
2020-11-27T13:00:00Z,33.4994490005,64.84892519185331
2020-11-27T14:00:00Z,30.4649000755,68.47218594777155
2020-11-27T15:00:00Z,34.62157536325,66.88273794348649
2020-11-27T16:00:00Z,33.8506291265,63.839459298742035
2020-11-27T17:00:00Z,33.342041179,56.47192619767981
2020-11-27T18:00:00Z,33.13888042025,48.20414031055458
2020-11-27T19:00:00Z,32.43290406225,48.20414031055458
2020-11-27T20:00:00Z,32.23042764825,48.20414031055458
2020-11-27T21:00:00Z,31.57522485725,48.20414031055458
2020-11-27T22:00:00Z,32.769499201,48.20414031055458
2020-11-27T23:00:00Z,33.46702487675,5.391995383069559
2020-11-28T00:00:00Z,34.2543384425,7.218022211044552
2020-11-28T01:00:00Z,34.717564171999996,7.218022211044552
2020-11-28T02:00:00Z,35.66586961875,7.218022211044552
2020-11-28T03:00:00Z,37.30891941525,7.218022211044552
2020-11-28T04:00:00Z,36.7772903415,7.218022211044552
2020-11-28T05:00:00Z,34.899557749,7.218022211044552
2020-11-28T06:00:00Z,36.422860822749996,7.218022211044552
2020-11-28T07:00:00Z,35.10541694625,7.218022211044552
2020-11-28T08:00:00Z,29.7223965915,7.218022211044552
2020-11-28T09:00:00Z,29.9061819775,7.218022211044552
2020-11-28T10:00:00Z,29.3709051055,7.218022211044552
2020-11-28T11:00:00Z,29.7810854825,7.8208400004505165
2020-11-28T12:00:00Z,29.4719263325,10.565453082701485
2020-11-28T13:00:00Z,29.672712683249998,11.772231711096374
2020-11-28T14:00:00Z,29.53676608325,11.559954186014085
2020-11-28T15:00:00Z,28.86944716175,10.570979701869934
2020-11-28T16:00:00Z,29.010679351249998,9.079069867788302
2020-11-28T17:00:00Z,29.381598475,7.5031140322604495
2020-11-28T18:00:00Z,29.6097360635,7.218022211044552
2020-11-28T19:00:00Z,30.254702018499998,7.218022211044552
2020-11-28T20:00:00Z,31.09596672275,7.218022211044552
2020-11-28T21:00:00Z,23.7031321455,7.218022211044552
2020-11-28T22:00:00Z,19.660362392499998,7.218022211044552
2020-11-28T23:00:00Z,21.95716213,7.218022211044552
2020-11-29T00:00:00Z,20.739265418000002,7.218022211044552
2020-11-29T01:00:00Z,29.602026941,7.218022211044552
2020-11-29T02:00:00Z,32.1756659635,7.218022211044552
2020-11-29T03:00:00Z,31.2406069655,7.218022211044552
2020-11-29T04:00:00Z,30.59794654125,7.218022211044552
2020-11-29T05:00:00Z,30.87727966575,7.218022211044552
2020-11-29T06:00:00Z,30.90050767675,7.218022211044552
2020-11-29T07:00:00Z,34.459249374,7.218022211044552
2020-11-29T08:00:00Z,35.42568356825,7.218022211044552
2020-11-29T09:00:00Z,34.410978758,7.218022211044552
2020-11-29T10:00:00Z,34.4915710265,7.218022211044552
2020-11-29T11:00:00Z,35.23026555375,7.386158020003
2020-11-29T12:00:00Z,35.8584459505,9.281214891190606
2020-11-29T13:00:00Z,35.540316624,11.328191889660403
2020-11-29T14:00:00Z,35.21399132425,12.374929263558863
2020-11-29T15:00:00Z,35.071855905,11.31573491048764
2020-11-29T16:00:00Z,34.918039122,9.567839537488222
2020-11-29T17:00:00Z,34.1043798135,7.505342290685434
2020-11-29T18:00:00Z,33.052315967,7.218022211044552
2020-11-29T19:00:00Z,34.342365932,7.218022211044552
2020-11-29T20:00:00Z,32.794510831000004,7.218022211044552
2020-11-29T21:00:00Z,32.34866559675,7.218022211044552
2020-11-29T22:00:00Z,33.4601191745,7.218022211044552
2020-11-29T23:00:00Z,33.04126223975,7.218022211044552
2020-11-30T00:00:00Z,34.87893463275,5.391995383069559
2020-11-30T01:00:00Z,36.20219438175,5.391995383069559
2020-11-30T02:00:00Z,36.04302772975,5.391995383069559
2020-11-30T03:00:00Z,36.566923843750004,5.391995383069559
2020-11-30T04:00:00Z,37.737529653,26.107599181562065
2020-11-30T05:00:00Z,36.221959018250004,46.823202980054575
2020-11-30T06:00:00Z,35.665340223,46.823202980054575
2020-11-30T07:00:00Z,37.14164406075,46.823202980054575
2020-11-30T08:00:00Z,35.92330354,52.68131239461707
2020-11-30T09:00:00Z,35.98716204525,52.68131239461707
2020-11-30T10:00:00Z,35.789384904,52.68131239461707
2020-11-30T11:00:00Z,35.19152155425,54.58080302846492
2020-11-30T12:00:00Z,36.645537977000004,61.039848990998536
2020-11-30T13:00:00Z,35.849610911,64.62245565949236
2020-11-30T14:00:00Z,37.05948092575,67.12576948945866
2020-11-30T15:00:00Z,35.86378869675,67.5889702826254
2020-11-30T16:00:00Z,36.46210993675,63.35430534778461
2020-11-30T17:00:00Z,33.833256123750004,56.935743985614295
2020-11-30T18:00:00Z,37.32830882025,48.46671548487788
2020-11-30T19:00:00Z,38.25899199025,48.20414031055457
2020-11-30T20:00:00Z,39.98516945425,48.20414031055457
2020-11-30T21:00:00Z,38.63028203025,48.20414031055457
2020-11-30T22:00:00Z,37.5848025155,48.20414031055457
2020-11-30T23:00:00Z,36.47982182325,5.391995383069559
2020-12-01T00:00:00Z,40.785836958,5.391995383069559
2020-12-01T01:00:00Z,41.36122719025,5.391995383069559
2020-12-01T02:00:00Z,41.809863395,5.391995383069559
2020-12-01T03:00:00Z,41.96506731375,5.391995383069559
2020-12-01T04:00:00Z,40.30745216975,26.107599181562065
2020-12-01T05:00:00Z,40.85822262175,46.823202980054575
2020-12-01T06:00:00Z,39.92795431325,46.823202980054575
2020-12-01T07:00:00Z,41.45060119075,46.823202980054575
2020-12-01T08:00:00Z,35.41571435325,52.68131239461707
2020-12-01T09:00:00Z,35.6369651295,52.68131239461707
2020-12-01T10:00:00Z,34.872760698,52.68131239461707
2020-12-01T11:00:00Z,34.147819545,53.982682444471
2020-12-01T12:00:00Z,34.5821416945,61.81216130381434
2020-12-01T13:00:00Z,35.4802450105,69.61718350851643
2020-12-01T14:00:00Z,38.10966275525,72.63026523243774
2020-12-01T15:00:00Z,37.332570886499994,72.00823507376151
2020-12-01T16:00:00Z,39.32788806275,69.18245777786362
2020-12-01T17:00:00Z,39.2754907,60.449856687682015
2020-12-01T18:00:00Z,37.897424824,48.87492519490605
2020-12-01T19:00:00Z,38.39567217175,48.20414031055457
2020-12-01T20:00:00Z,37.09539998175,48.20414031055457
2020-12-01T21:00:00Z,36.641224296000004,48.20414031055457
2020-12-01T22:00:00Z,34.39064380975,48.20414031055457
2020-12-01T23:00:00Z,35.53593492675,5.391995383069559
2020-12-02T00:00:00Z,37.12377323225,5.391995383069559
2020-12-02T01:00:00Z,38.34075039775,5.391995383069559
2020-12-02T02:00:00Z,35.649033014,5.391995383069559
2020-12-02T03:00:00Z,36.732996408,5.391995383069559
2020-12-02T04:00:00Z,36.2625100575,26.107599181562065
2020-12-02T05:00:00Z,35.29163725725,46.823202980054575
2020-12-02T06:00:00Z,35.21191283525,46.823202980054575
2020-12-02T07:00:00Z,35.748976434,46.823202980054575
2020-12-02T08:00:00Z,35.41796253975,52.68131239461707
2020-12-02T09:00:00Z,34.99835210775,52.68131239461707
2020-12-02T10:00:00Z,35.474434269,54.78503300906358
2020-12-02T11:00:00Z,33.979031577499995,64.22780945682453
2020-12-02T12:00:00Z,36.85271666775,73.74562659681955
2020-12-02T13:00:00Z,41.83041044025,77.69434352015644
2020-12-02T14:00:00Z,35.75890600675,74.3194809558643
2020-12-02T15:00:00Z,37.801870206749996,73.83482514739741
2020-12-02T16:00:00Z,36.28011858275,68.75427116323641
2020-12-02T17:00:00Z,29.40980301075,60.10662958205205
2020-12-02T18:00:00Z,33.326178154000004,50.726299220222394
2020-12-02T19:00:00Z,36.549574845,48.91086752258523
2020-12-02T20:00:00Z,34.416405360000006,48.20414031055458
2020-12-02T21:00:00Z,34.120414257,48.20414031055458
2020-12-02T22:00:00Z,34.12755374825,48.20414031055458
2020-12-02T23:00:00Z,36.74538074,5.391995383069559
2020-12-03T00:00:00Z,37.07827447425,5.391995383069559
2020-12-03T01:00:00Z,37.88458112575,5.391995383069559
2020-12-03T02:00:00Z,35.21573732975,5.391995383069559
2020-12-03T03:00:00Z,37.327668263,5.391995383069559
2020-12-03T04:00:00Z,35.61745347925,26.107599181562065
2020-12-03T05:00:00Z,36.0470023215,46.823202980054575
2020-12-03T06:00:00Z,34.700511331,46.823202980054575
2020-12-03T07:00:00Z,34.956940605,46.823202980054575
2020-12-03T08:00:00Z,35.9303685635,52.68131239461707
2020-12-03T09:00:00Z,35.145420448,52.68131239461707
2020-12-03T10:00:00Z,34.90817745825,52.68131239461707
2020-12-03T11:00:00Z,34.335019059000004,55.59338108863102
2020-12-03T12:00:00Z,34.7691481205,63.06205359451032
2020-12-03T13:00:00Z,34.47227431575,68.699056709692
2020-12-03T14:00:00Z,36.84357509575,72.41928078305286
2020-12-03T15:00:00Z,38.058689885250004,68.36832440895355
2020-12-03T16:00:00Z,40.22396768025,62.316535369212154
2020-12-03T17:00:00Z,36.188433997749996,57.57048060908389
2020-12-03T18:00:00Z,38.110387957,50.97354179924315
2020-12-03T19:00:00Z,38.524702727,51.48511062580407
2020-12-03T20:00:00Z,37.96226180825,51.58101567058828
2020-12-03T21:00:00Z,37.246761463,50.76404967589071
2020-12-03T22:00:00Z,35.8136797465,49.55803477376047
2020-12-03T23:00:00Z,36.5877206365,5.391995383069559
2020-12-04T00:00:00Z,40.3590646835,5.391995383069559
2020-12-04T01:00:00Z,42.163614864,5.391995383069559
2020-12-04T02:00:00Z,36.77619121925,5.391995383069559
2020-12-04T03:00:00Z,37.07904695975,5.391995383069559
2020-12-04T04:00:00Z,37.294430837,26.107599181562065
2020-12-04T05:00:00Z,34.934232349750005,46.823202980054575
2020-12-04T06:00:00Z,36.06675388325,46.823202980054575
2020-12-04T07:00:00Z,36.288208843,46.823202980054575
2020-12-04T08:00:00Z,36.378952627,52.68131239461707
2020-12-04T09:00:00Z,35.4673196145,52.68131239461707
2020-12-04T10:00:00Z,36.02328602425,52.68131239461707
2020-12-04T11:00:00Z,35.295944762000005,62.511905830843695
2020-12-04T12:00:00Z,34.89222895125,74.87979351852675
2020-12-04T13:00:00Z,35.09055109925,79.70424770973523
2020-12-04T14:00:00Z,42.603301174500004,80.66213370739985
2020-12-04T15:00:00Z,41.54680640875,79.59297829710981
2020-12-04T16:00:00Z,36.26462066625,71.4192300932981
2020-12-04T17:00:00Z,34.437735227,64.2390392789496
2020-12-04T18:00:00Z,24.92173454125,54.066285582622875
2020-12-04T19:00:00Z,12.476600169000001,53.08122612914554
2020-12-04T20:00:00Z,11.79288944925,53.05652294195634
2020-12-04T21:00:00Z,11.76053662575,52.52931786626058
2020-12-04T22:00:00Z,14.667618752,50.42175181137009
2020-12-04T23:00:00Z,11.09776672125,5.391995383069559
2020-12-05T00:00:00Z,10.63470253275,7.218022211044552
2020-12-05T01:00:00Z,10.6058710615,7.218022211044552
2020-12-05T02:00:00Z,9.690853601499999,7.218022211044552
2020-12-05T03:00:00Z,10.10732475125,7.218022211044552
2020-12-05T04:00:00Z,9.713198894,7.218022211044552
2020-12-05T05:00:00Z,9.7559206255,7.218022211044552
2020-12-05T06:00:00Z,9.5542074405,7.218022211044552
2020-12-05T07:00:00Z,9.89100020125,7.218022211044552
2020-12-05T08:00:00Z,9.414019343,7.218022211044552
2020-12-05T09:00:00Z,9.48131403725,7.218022211044552
2020-12-05T10:00:00Z,9.65362784875,7.218022211044552
2020-12-05T11:00:00Z,9.5863924935,7.86189197958097
2020-12-05T12:00:00Z,9.8169962155,9.299936366738477
2020-12-05T13:00:00Z,12.362883559,8.063347351639614
2020-12-05T14:00:00Z,15.8308543885,7.884181195333902
2020-12-05T15:00:00Z,12.97175785075,7.547123535636725
2020-12-05T16:00:00Z,11.618620571000001,7.218022211044552
2020-12-05T17:00:00Z,10.36047832175,7.218022211044552
2020-12-05T18:00:00Z,10.92128132175,7.218022211044552
2020-12-05T19:00:00Z,12.279568709500001,7.218022211044552
2020-12-05T20:00:00Z,11.6393429555,7.218022211044552
2020-12-05T21:00:00Z,11.609993691,7.218022211044552
2020-12-05T22:00:00Z,11.8868854635,7.218022211044552
2020-12-05T23:00:00Z,10.02310964725,7.218022211044552
2020-12-06T00:00:00Z,10.25908601825,7.218022211044552
2020-12-06T01:00:00Z,12.216042197,7.218022211044552
2020-12-06T02:00:00Z,9.9915352405,7.218022211044552
2020-12-06T03:00:00Z,9.90446143375,7.218022211044552
2020-12-06T04:00:00Z,9.91115257625,7.218022211044552
2020-12-06T05:00:00Z,13.611496871,7.218022211044552
2020-12-06T06:00:00Z,21.64605052325,7.218022211044552
2020-12-06T07:00:00Z,17.04625842575,7.218022211044552
2020-12-06T08:00:00Z,16.083392252,7.218022211044552
2020-12-06T09:00:00Z,21.749117619,7.218022211044552
2020-12-06T10:00:00Z,24.8865888555,7.218022211044552
2020-12-06T11:00:00Z,22.0860808015,7.218022211044552
2020-12-06T12:00:00Z,17.36096298775,7.552910201358625
2020-12-06T13:00:00Z,21.38991659625,9.114139710168233
2020-12-06T14:00:00Z,25.481595358,11.167192905290454
2020-12-06T15:00:00Z,28.500733057,10.467699978297349
2020-12-06T16:00:00Z,28.330833273000003,8.107348428646162
2020-12-06T17:00:00Z,24.00181646325,7.218022211044552
2020-12-06T18:00:00Z,10.2500961225,7.218022211044552
2020-12-06T19:00:00Z,10.207207145249999,7.218022211044552
2020-12-06T20:00:00Z,10.31846027775,7.218022211044552
2020-12-06T21:00:00Z,9.80662777475,7.218022211044552
2020-12-06T22:00:00Z,11.604140568,7.218022211044552
2020-12-06T23:00:00Z,9.67664289,7.218022211044552
2020-12-07T00:00:00Z,9.465426529,5.391995383069559
2020-12-07T01:00:00Z,10.3629636685,5.391995383069559
2020-12-07T02:00:00Z,9.71531054175,5.391995383069559
2020-12-07T03:00:00Z,9.2211957365,5.391995383069559
2020-12-07T04:00:00Z,9.4956840865,26.107599181562065
2020-12-07T05:00:00Z,9.7140154045,46.823202980054575
2020-12-07T06:00:00Z,9.90869279575,46.823202980054575
2020-12-07T07:00:00Z,9.9449672785,47.505369151702645
2020-12-07T08:00:00Z,9.6806148205,55.319871010990376
2020-12-07T09:00:00Z,9.851228099,59.667691842758906
2020-12-07T10:00:00Z,10.03051731825,66.9680351163427
2020-12-07T11:00:00Z,10.009498768,75.35331517740647
2020-12-07T12:00:00Z,11.8026812395,79.88254034394039
2020-12-07T13:00:00Z,15.194189028250001,82.23300893313902
2020-12-07T14:00:00Z,18.2657733765,84.2164084720353
2020-12-07T15:00:00Z,12.56939756925,83.76600153007404
2020-12-07T16:00:00Z,11.573860043,81.06807408895328
2020-12-07T17:00:00Z,12.19359687725,77.85614607961037
2020-12-07T18:00:00Z,10.630966898499999,70.57514158134586
2020-12-07T19:00:00Z,12.71048054775,69.85470771943892
2020-12-07T20:00:00Z,13.07152598675,68.3389120663044
2020-12-07T21:00:00Z,12.2569255425,62.866974282676246
2020-12-07T22:00:00Z,12.49275637725,58.84070814021403
2020-12-07T23:00:00Z,12.74913455975,7.088395554938269
2020-12-08T00:00:00Z,10.7861228325,6.6323565272811305
2020-12-08T01:00:00Z,10.389394919,6.613694081859214
2020-12-08T02:00:00Z,9.897891900000001,7.003414718437476
2020-12-08T03:00:00Z,9.76940223125,7.490571623001505
2020-12-08T04:00:00Z,9.80093235725,30.10166352904484
2020-12-08T05:00:00Z,10.239650084,52.08477172252972
2020-12-08T06:00:00Z,9.74949581375,53.80083243862198
2020-12-08T07:00:00Z,9.76123406225,51.26822477199908
2020-12-08T08:00:00Z,9.879876027249999,55.49687268993725
2020-12-08T09:00:00Z,9.89373893575,57.66558839070704
2020-12-08T10:00:00Z,10.030752430749999,63.02164418814361
2020-12-08T11:00:00Z,9.86910806925,74.09161883006975
2020-12-08T12:00:00Z,10.2207828615,80.83610955351149
2020-12-08T13:00:00Z,11.3590899115,83.83477976752643
2020-12-08T14:00:00Z,12.62910973525,87.32740381422877
2020-12-08T15:00:00Z,12.94963169175,86.50192122221925
2020-12-08T16:00:00Z,12.8993523885,82.64057095814647
2020-12-08T17:00:00Z,11.6528642105,74.42059532989263
2020-12-08T18:00:00Z,12.864225176,63.225198635325214
2020-12-08T19:00:00Z,11.71343894,61.46115410596285
2020-12-08T20:00:00Z,17.09719245475,59.62256869826521
2020-12-08T21:00:00Z,29.5594270375,56.62674966093012
2020-12-08T22:00:00Z,30.35771659075,55.431668768564
2020-12-08T23:00:00Z,31.815977001,6.661528274278055
2020-12-09T00:00:00Z,25.4597679855,7.285290903053108
2020-12-09T01:00:00Z,12.89089606525,6.9196720913845216
2020-12-09T02:00:00Z,9.7595092145,6.031031987883892
2020-12-09T03:00:00Z,10.1910962295,5.391995383069559
2020-12-09T04:00:00Z,11.36688953225,26.107599181562065
2020-12-09T05:00:00Z,9.585846257250001,46.823202980054575
2020-12-09T06:00:00Z,9.7141968345,46.823202980054575
2020-12-09T07:00:00Z,9.914102344749999,46.823202980054575
2020-12-09T08:00:00Z,9.72560849625,52.68131239461707
2020-12-09T09:00:00Z,9.57238047775,52.68131239461707
2020-12-09T10:00:00Z,9.82047638275,53.592086537912415
2020-12-09T11:00:00Z,9.90198268575,62.83105993080765
2020-12-09T12:00:00Z,9.62152624725,70.3960050601688
2020-12-09T13:00:00Z,11.10466659475,73.15890936067755
2020-12-09T14:00:00Z,12.614114658,72.71126991956041
2020-12-09T15:00:00Z,17.2351844635,72.56096028352924
2020-12-09T16:00:00Z,15.13643745125,68.34621405869193
2020-12-09T17:00:00Z,12.19753060875,64.2811534969306
2020-12-09T18:00:00Z,13.53460375,59.888872800025396
2020-12-09T19:00:00Z,15.091401518000001,60.908168081600515
2020-12-09T20:00:00Z,11.98463818325,60.89875332276031
2020-12-09T21:00:00Z,12.370590364,58.363789581040265
2020-12-09T22:00:00Z,12.1412070645,51.2315177553237
2020-12-09T23:00:00Z,12.8486749385,5.391995383069559
2020-12-10T00:00:00Z,10.35585290125,5.391995383069559
2020-12-10T01:00:00Z,10.836836663,5.391995383069559
2020-12-10T02:00:00Z,10.00254076525,5.391995383069559
2020-12-10T03:00:00Z,9.59515080275,5.391995383069559
2020-12-10T04:00:00Z,9.490162991750001,26.60613301022
2020-12-10T05:00:00Z,9.56866705975,47.54925750350909
2020-12-10T06:00:00Z,9.4366022975,46.823202980054575
2020-12-10T07:00:00Z,9.23745070575,46.823202980054575
2020-12-10T08:00:00Z,9.667597806,52.68131239461707
2020-12-10T09:00:00Z,9.42451205425,52.68131239461707
2020-12-10T10:00:00Z,9.4001982035,57.329146348917284
2020-12-10T11:00:00Z,9.74625861475,63.320508637060684
2020-12-10T12:00:00Z,9.316201598500001,65.89427920121977
2020-12-10T13:00:00Z,11.065794103750001,67.47882069404606
2020-12-10T14:00:00Z,11.710635215,69.65855675699132
2020-12-10T15:00:00Z,11.664011065499999,66.38226695090442
2020-12-10T16:00:00Z,13.72559613225,59.33762009063981
2020-12-10T17:00:00Z,12.11031447675,52.68131239461707
2020-12-10T18:00:00Z,13.115447375,48.20414031055457
2020-12-10T19:00:00Z,14.4185176515,48.20414031055457
2020-12-10T20:00:00Z,14.045420618249999,48.20414031055457
2020-12-10T21:00:00Z,15.38440106925,48.20414031055458
2020-12-10T22:00:00Z,14.1057183705,48.20414031055457
2020-12-10T23:00:00Z,11.298046443,5.391995383069559
2020-12-11T00:00:00Z,11.0065823985,5.391995383069559
2020-12-11T01:00:00Z,10.246438097,5.391995383069559
2020-12-11T02:00:00Z,11.125891625,5.391995383069559
2020-12-11T03:00:00Z,9.36751259475,5.391995383069559
2020-12-11T04:00:00Z,9.772306219499999,26.107599181562065
2020-12-11T05:00:00Z,9.567679124,46.823202980054575
2020-12-11T06:00:00Z,9.69165543325,46.823202980054575
2020-12-11T07:00:00Z,9.723449627499999,46.823202980054575
2020-12-11T08:00:00Z,16.57195347225,52.68131239461707
2020-12-11T09:00:00Z,26.5402568575,52.68131239461707
2020-12-11T10:00:00Z,29.159762111,52.68131239461707
2020-12-11T11:00:00Z,29.74873349625,52.68131239461707
2020-12-11T12:00:00Z,32.56161551425,52.68131239461707
2020-12-11T13:00:00Z,35.48896582325,52.68131239461707
2020-12-11T14:00:00Z,43.3741178795,52.68131239461707
2020-12-11T15:00:00Z,37.6120921225,52.68131239461707
2020-12-11T16:00:00Z,32.404052222,52.68131239461707
2020-12-11T17:00:00Z,30.721899282,52.68131239461707
2020-12-11T18:00:00Z,24.56642995225,48.20414031055458
2020-12-11T19:00:00Z,11.4651309565,48.20414031055458
2020-12-11T20:00:00Z,15.82444743425,48.20414031055457
2020-12-11T21:00:00Z,13.13529135525,48.20414031055458
2020-12-11T22:00:00Z,11.137711377,48.20414031055457
2020-12-11T23:00:00Z,13.422870613,5.391995383069559
2020-12-12T00:00:00Z,30.629081164749998,7.218022211044552
2020-12-12T01:00:00Z,29.150919732000002,7.218022211044552
2020-12-12T02:00:00Z,28.6088503505,7.218022211044552
2020-12-12T03:00:00Z,29.06764629625,7.218022211044552
2020-12-12T04:00:00Z,29.645720064000002,7.218022211044552
2020-12-12T05:00:00Z,29.912104293,7.218022211044552
2020-12-12T06:00:00Z,29.158252074000004,7.218022211044552
2020-12-12T07:00:00Z,18.82485979575,7.218022211044552
2020-12-12T08:00:00Z,9.5461925155,7.218022211044552
2020-12-12T09:00:00Z,9.3789203485,7.218022211044552
2020-12-12T10:00:00Z,9.86154154125,7.218022211044552
2020-12-12T11:00:00Z,9.947295623,7.218022211044552
2020-12-12T12:00:00Z,9.69255256225,7.218022211044552
2020-12-12T13:00:00Z,11.26449944,7.218022211044552
2020-12-12T14:00:00Z,11.109140599749999,7.218022211044552
2020-12-12T15:00:00Z,10.91252324475,7.218022211044552
2020-12-12T16:00:00Z,11.0047903915,7.218022211044552
2020-12-12T17:00:00Z,11.25270727975,7.218022211044552
2020-12-12T18:00:00Z,10.1463220985,7.218022211044552
2020-12-12T19:00:00Z,10.755740951,7.218022211044552
2020-12-12T20:00:00Z,18.375868224500003,7.218022211044552
2020-12-12T21:00:00Z,10.8794985265,7.218022211044552
2020-12-12T22:00:00Z,10.85989942225,7.218022211044552
2020-12-12T23:00:00Z,10.08632943,7.218022211044552
2020-12-13T00:00:00Z,9.99367510575,7.218022211044552
2020-12-13T01:00:00Z,22.82292390925,7.218022211044552
2020-12-13T02:00:00Z,26.546813332750002,7.218022211044552
2020-12-13T03:00:00Z,27.95586772775,7.218022211044552
2020-12-13T04:00:00Z,27.38342194275,7.218022211044552
2020-12-13T05:00:00Z,27.16850726375,7.218022211044552
2020-12-13T06:00:00Z,29.04675197075,7.218022211044552
2020-12-13T07:00:00Z,28.50175858375,7.218022211044552
2020-12-13T08:00:00Z,29.026244208,7.218022211044552
2020-12-13T09:00:00Z,29.7760992555,7.218022211044552
2020-12-13T10:00:00Z,29.84700776025,7.218022211044552
2020-12-13T11:00:00Z,29.1350482965,7.218022211044552
2020-12-13T12:00:00Z,28.241513994,7.218022211044552
2020-12-13T13:00:00Z,24.822217701750002,7.218022211044552
2020-12-13T14:00:00Z,27.348492133500002,7.218022211044552
2020-12-13T15:00:00Z,28.47498523625,7.218022211044552
2020-12-13T16:00:00Z,25.48161378425,7.218022211044552
2020-12-13T17:00:00Z,13.16248037075,7.218022211044552
2020-12-13T18:00:00Z,10.387765803,7.218022211044552
2020-12-13T19:00:00Z,10.1998041095,7.218022211044552
2020-12-13T20:00:00Z,9.998090647,7.218022211044552
2020-12-13T21:00:00Z,9.64707166525,7.218022211044552
2020-12-13T22:00:00Z,9.8463731325,7.218022211044552
2020-12-13T23:00:00Z,10.16315065525,7.218022211044552
2020-12-14T00:00:00Z,9.76000995275,5.391995383069559
2020-12-14T01:00:00Z,13.17328838825,5.391995383069559
2020-12-14T02:00:00Z,12.400454229,5.391995383069559
2020-12-14T03:00:00Z,13.4074534805,5.391995383069559
2020-12-14T04:00:00Z,26.08918237525,26.107599181562065
2020-12-14T05:00:00Z,28.65204129125,46.823202980054575
2020-12-14T06:00:00Z,29.142326735250002,46.823202980054575
2020-12-14T07:00:00Z,30.740173393,46.823202980054575
2020-12-14T08:00:00Z,31.4011984995,52.68131239461707
2020-12-14T09:00:00Z,32.57582912625,52.68131239461707
2020-12-14T10:00:00Z,34.922325465750006,52.68131239461707
2020-12-14T11:00:00Z,35.0824744315,52.68131239461707
2020-12-14T12:00:00Z,36.21043420075,52.68131239461707
2020-12-14T13:00:00Z,39.64919951275,52.68131239461707
2020-12-14T14:00:00Z,43.241289363,53.47552702327593
2020-12-14T15:00:00Z,44.05423671675,52.68131239461707
2020-12-14T16:00:00Z,43.36311770125,52.68131239461707
2020-12-14T17:00:00Z,39.54601384825,52.68131239461707
2020-12-14T18:00:00Z,35.29804506575,48.20414031055457
2020-12-14T19:00:00Z,24.8422931805,48.20414031055457
2020-12-14T20:00:00Z,12.747201560999999,48.20414031055457
2020-12-14T21:00:00Z,12.361989895,48.20414031055458
2020-12-14T22:00:00Z,12.32367253275,48.20414031055457
2020-12-14T23:00:00Z,10.164988098750001,5.391995383069559
2020-12-15T00:00:00Z,9.72754201625,5.391995383069559
2020-12-15T01:00:00Z,26.169085467500004,5.391995383069559
2020-12-15T02:00:00Z,39.08534820525,5.391995383069559
2020-12-15T03:00:00Z,35.909988076,5.391995383069559
2020-12-15T04:00:00Z,34.63780388075,26.107599181562065
2020-12-15T05:00:00Z,36.26024796725,46.823202980054575
2020-12-15T06:00:00Z,34.3559496055,46.823202980054575
2020-12-15T07:00:00Z,34.4247573825,46.823202980054575
2020-12-15T08:00:00Z,33.8011627475,52.68131239461707
2020-12-15T09:00:00Z,34.90828168425,52.68131239461707
2020-12-15T10:00:00Z,34.43734922175,52.68131239461707
2020-12-15T11:00:00Z,34.4780078295,52.68131239461707
2020-12-15T12:00:00Z,33.91607654925,52.68131239461707
2020-12-15T13:00:00Z,34.61363623450001,53.03754696318349
2020-12-15T14:00:00Z,34.41630345025,53.52349802104962
2020-12-15T15:00:00Z,36.687401605,54.0306908189416
2020-12-15T16:00:00Z,38.9596860615,52.68131239461707
2020-12-15T17:00:00Z,43.13747478325,52.68131239461707
2020-12-15T18:00:00Z,43.80371922275,48.20414031055458
2020-12-15T19:00:00Z,45.10003751125,48.20414031055458
2020-12-15T20:00:00Z,52.159488008500006,48.20414031055458
2020-12-15T21:00:00Z,49.23604949325,48.20414031055457
2020-12-15T22:00:00Z,47.83589111625,48.20414031055457
2020-12-15T23:00:00Z,45.34847228975,5.391995383069559
2020-12-16T00:00:00Z,39.270383152,5.391995383069559
2020-12-16T01:00:00Z,40.16835477475,5.391995383069559
2020-12-16T02:00:00Z,41.12700714675,5.391995383069559
2020-12-16T03:00:00Z,42.2811369935,5.391995383069559
2020-12-16T04:00:00Z,39.8471042745,26.107599181562065
2020-12-16T05:00:00Z,43.0746078545,46.823202980054575
2020-12-16T06:00:00Z,40.419292845,46.823202980054575
2020-12-16T07:00:00Z,40.803810432000006,46.823202980054575
2020-12-16T08:00:00Z,43.80904534625,52.68131239461707
2020-12-16T09:00:00Z,42.194130145,52.68131239461707
2020-12-16T10:00:00Z,40.657267622999996,52.68131239461707
2020-12-16T11:00:00Z,40.835041561,52.68131239461707
2020-12-16T12:00:00Z,43.5804964365,52.8618525690353
2020-12-16T13:00:00Z,41.99827550775,54.77065549923215
2020-12-16T14:00:00Z,44.250483876749996,59.79634868575164
2020-12-16T15:00:00Z,41.10260038225,57.48608886195176
2020-12-16T16:00:00Z,40.357932449749995,52.68131239461707
2020-12-16T17:00:00Z,41.05877346175,52.68131239461707
2020-12-16T18:00:00Z,41.42479178875,48.20414031055457
2020-12-16T19:00:00Z,42.70414226525,48.20414031055457
2020-12-16T20:00:00Z,42.812009206,48.20414031055457
2020-12-16T21:00:00Z,42.030303303,48.20414031055458
2020-12-16T22:00:00Z,41.57947229675,48.20414031055458
2020-12-16T23:00:00Z,42.07588619225,5.391995383069559
2020-12-17T00:00:00Z,41.99187671725,5.391995383069559
2020-12-17T01:00:00Z,40.87291252125,5.391995383069559
2020-12-17T02:00:00Z,42.09394547425,5.391995383069559
2020-12-17T03:00:00Z,41.72448238675,5.391995383069559
2020-12-17T04:00:00Z,41.5218527115,26.107599181562065
2020-12-17T05:00:00Z,40.14412731025,46.823202980054575
2020-12-17T06:00:00Z,41.79078742475,46.823202980054575
2020-12-17T07:00:00Z,41.421600112250005,46.823202980054575
2020-12-17T08:00:00Z,43.1622757145,52.68131239461707
2020-12-17T09:00:00Z,40.20329282625,52.68131239461707
2020-12-17T10:00:00Z,40.71732684375,52.68131239461707
2020-12-17T11:00:00Z,40.92605233975,52.68131239461707
2020-12-17T12:00:00Z,40.9167785585,52.68131239461707
2020-12-17T13:00:00Z,41.58158779,52.68131239461707
2020-12-17T14:00:00Z,41.45066257625,52.68131239461707
2020-12-17T15:00:00Z,41.3897504815,52.68131239461707
2020-12-17T16:00:00Z,41.4699026255,52.68131239461707
2020-12-17T17:00:00Z,42.1897552785,52.68131239461707
2020-12-17T18:00:00Z,41.50381840725,48.20414031055457
2020-12-17T19:00:00Z,40.5057083495,48.20414031055458
2020-12-17T20:00:00Z,43.00732874825,48.20414031055457
2020-12-17T21:00:00Z,40.503228029,48.20414031055457
2020-12-17T22:00:00Z,41.23301874025,48.20414031055457
2020-12-17T23:00:00Z,41.86389554525,5.391995383069559
2020-12-18T00:00:00Z,41.80036161125,5.391995383069559
2020-12-18T01:00:00Z,40.6363746295,5.391995383069559
2020-12-18T02:00:00Z,42.2253845835,5.391995383069559
2020-12-18T03:00:00Z,40.3941997205,5.391995383069559
2020-12-18T04:00:00Z,43.798801314,26.107599181562065
2020-12-18T05:00:00Z,41.315177145,46.823202980054575
2020-12-18T06:00:00Z,40.7877930765,46.823202980054575
2020-12-18T07:00:00Z,41.39752754675,46.823202980054575
2020-12-18T08:00:00Z,42.407100889249996,52.68131239461707
2020-12-18T09:00:00Z,42.65249654975,52.68131239461707
2020-12-18T10:00:00Z,41.81093032125,52.68131239461707
2020-12-18T11:00:00Z,42.334846689749995,53.95606362791046
2020-12-18T12:00:00Z,42.04539034925,56.07263427455112
2020-12-18T13:00:00Z,42.75365223225,56.478037008361085
2020-12-18T14:00:00Z,40.729933073750004,60.26024856604118
2020-12-18T15:00:00Z,41.66582888525,60.098033853279446
2020-12-18T16:00:00Z,42.56873914225,54.5324807225838
2020-12-18T17:00:00Z,42.0108628145,52.68131239461707
2020-12-18T18:00:00Z,43.158200913,48.20414031055457
2020-12-18T19:00:00Z,33.6921221335,48.20414031055457
2020-12-18T20:00:00Z,32.89391172575,48.20414031055457
2020-12-18T21:00:00Z,34.00951972675,48.20414031055457
2020-12-18T22:00:00Z,40.271009174,48.20414031055457
2020-12-18T23:00:00Z,39.052312938,5.391995383069559
2020-12-19T00:00:00Z,44.03512087,7.218022211044552
2020-12-19T01:00:00Z,44.14655877375,7.218022211044552
2020-12-19T02:00:00Z,40.31677039525,7.218022211044552
2020-12-19T03:00:00Z,39.00233819775001,7.218022211044552
2020-12-19T04:00:00Z,39.75975231125,7.218022211044552
2020-12-19T05:00:00Z,38.3136921705,7.218022211044552
2020-12-19T06:00:00Z,36.920446716,7.218022211044552
2020-12-19T07:00:00Z,38.1670741445,7.218022211044552
2020-12-19T08:00:00Z,33.17573075775,7.218022211044552
2020-12-19T09:00:00Z,32.07603258675,7.218022211044552
2020-12-19T10:00:00Z,31.99603290225,7.218022211044552
2020-12-19T11:00:00Z,28.521060236,7.218022211044552
2020-12-19T12:00:00Z,30.21913151175,8.043611845291448
2020-12-19T13:00:00Z,29.438989385249997,8.739070885720226
2020-12-19T14:00:00Z,29.465622811750002,9.628109077833649
2020-12-19T15:00:00Z,29.19704866125,8.58623786231472
2020-12-19T16:00:00Z,27.874787552,7.218022211044552
2020-12-19T17:00:00Z,27.94083943875,7.218022211044552
2020-12-19T18:00:00Z,31.999603349750004,7.218022211044552
2020-12-19T19:00:00Z,32.07036776175,7.218022211044552
2020-12-19T20:00:00Z,26.6026988905,7.218022211044552
2020-12-19T21:00:00Z,31.100123379,7.218022211044552
2020-12-19T22:00:00Z,31.94454230025,7.218022211044552
2020-12-19T23:00:00Z,26.430498350500002,7.218022211044552
2020-12-20T00:00:00Z,31.424620717000003,7.218022211044552
2020-12-20T01:00:00Z,34.395224878250005,7.218022211044552
2020-12-20T02:00:00Z,33.070466466250004,7.218022211044552
2020-12-20T03:00:00Z,32.528414939,7.218022211044552
2020-12-20T04:00:00Z,32.66365675975,7.218022211044552
2020-12-20T05:00:00Z,33.6863621305,7.218022211044552
2020-12-20T06:00:00Z,35.4713397035,7.218022211044552
2020-12-20T07:00:00Z,37.76662313125,7.218022211044552
2020-12-20T08:00:00Z,38.397188218,7.218022211044552
2020-12-20T09:00:00Z,37.3105610635,7.218022211044552
2020-12-20T10:00:00Z,37.65517184825,7.218022211044552
2020-12-20T11:00:00Z,37.505847686500005,7.218022211044552
2020-12-20T12:00:00Z,38.96206009375,8.513170951605101
2020-12-20T13:00:00Z,38.10108101175,10.571219184931243
2020-12-20T14:00:00Z,35.697048495000004,11.459350923699652
2020-12-20T15:00:00Z,35.411791487,10.677707360057639
2020-12-20T16:00:00Z,35.783568460750004,8.860258261925765
2020-12-20T17:00:00Z,37.37348862725,7.322076097272928
2020-12-20T18:00:00Z,37.062858861,7.218022211044552
2020-12-20T19:00:00Z,38.21171935675,7.218022211044552
2020-12-20T20:00:00Z,37.608181332,7.218022211044552
2020-12-20T21:00:00Z,37.850364111,7.218022211044552
2020-12-20T22:00:00Z,38.670995478500004,7.218022211044552
2020-12-20T23:00:00Z,36.979575767499995,7.218022211044552
2020-12-21T00:00:00Z,38.91155493825,5.391995383069559
2020-12-21T01:00:00Z,38.058340988249995,5.391995383069559
2020-12-21T02:00:00Z,39.515493969000005,5.391995383069559
2020-12-21T03:00:00Z,39.15004536375,5.391995383069559
2020-12-21T04:00:00Z,39.17936511875,26.107599181562065
2020-12-21T05:00:00Z,39.485029282750006,46.823202980054575
2020-12-21T06:00:00Z,39.79063839675,46.823202980054575
2020-12-21T07:00:00Z,38.7676443795,46.823202980054575
2020-12-21T08:00:00Z,41.54099104375,52.68131239461707
2020-12-21T09:00:00Z,38.79791844225,52.68131239461707
2020-12-21T10:00:00Z,37.775546079,52.68131239461707
2020-12-21T11:00:00Z,38.6174194355,53.69060085529596
2020-12-21T12:00:00Z,37.98083735525,61.0678821761962
2020-12-21T13:00:00Z,38.568180248000004,68.04973737750711
2020-12-21T14:00:00Z,38.716937956500004,71.70753392630319
2020-12-21T15:00:00Z,34.8753087965,69.60487521134827
2020-12-21T16:00:00Z,35.458049658,61.144675963128556
2020-12-21T17:00:00Z,37.765515138249995,52.68131239461707
2020-12-21T18:00:00Z,37.25882157825,48.20414031055457
2020-12-21T19:00:00Z,36.538981932750005,48.20414031055457
2020-12-21T20:00:00Z,34.60908180975,48.20414031055458
2020-12-21T21:00:00Z,38.43296025075,48.20414031055458
2020-12-21T22:00:00Z,39.5971944745,48.20414031055457
2020-12-21T23:00:00Z,37.7470248565,5.391995383069559
2020-12-22T00:00:00Z,36.4452587765,5.391995383069559
2020-12-22T01:00:00Z,39.279744621,5.391995383069559
2020-12-22T02:00:00Z,37.6212540315,5.391995383069559
2020-12-22T03:00:00Z,38.84200750825,5.391995383069559
2020-12-22T04:00:00Z,36.22848471775,26.107599181562065
2020-12-22T05:00:00Z,42.347229815249996,46.823202980054575
2020-12-22T06:00:00Z,43.07304227975,46.823202980054575
2020-12-22T07:00:00Z,40.82517825875,46.823202980054575
2020-12-22T08:00:00Z,35.23898531875,52.68131239461707
2020-12-22T09:00:00Z,35.153434394,52.68131239461707
2020-12-22T10:00:00Z,35.429629045249996,52.68131239461707
2020-12-22T11:00:00Z,33.7845830825,52.68131239461707
2020-12-22T12:00:00Z,34.990013088,52.68131239461707
2020-12-22T13:00:00Z,32.10764166825,55.735841879705596
2020-12-22T14:00:00Z,30.81764307925,58.646162834890504
2020-12-22T15:00:00Z,31.40189672125,58.024458049386894
2020-12-22T16:00:00Z,30.874449897,54.343146718147864
2020-12-22T17:00:00Z,35.70916679025,52.68131239461707
2020-12-22T18:00:00Z,35.93152698325,48.20414031055457
2020-12-22T19:00:00Z,32.95629051475,48.20414031055458
2020-12-22T20:00:00Z,31.646324540000002,48.20414031055457
2020-12-22T21:00:00Z,32.592782442,48.20414031055457
2020-12-22T22:00:00Z,35.51319441475,48.20414031055457
2020-12-22T23:00:00Z,36.4088775225,5.391995383069559
2020-12-23T00:00:00Z,38.53268644275,5.391995383069559
2020-12-23T01:00:00Z,37.14913816975,5.391995383069559
2020-12-23T02:00:00Z,37.12339746325,5.391995383069559
2020-12-23T03:00:00Z,36.997067334250005,5.391995383069559
2020-12-23T04:00:00Z,37.25321349325,26.107599181562065
2020-12-23T05:00:00Z,37.030902577250004,46.823202980054575
2020-12-23T06:00:00Z,36.202920181500005,46.823202980054575
2020-12-23T07:00:00Z,36.477646649,46.823202980054575
2020-12-23T08:00:00Z,35.93575447975,52.68131239461707
2020-12-23T09:00:00Z,36.46167892475,52.68131239461707
2020-12-23T10:00:00Z,34.859155691,52.68131239461707
2020-12-23T11:00:00Z,33.23727624625,52.68131239461707
2020-12-23T12:00:00Z,27.02135698425,52.68131239461707
2020-12-23T13:00:00Z,21.77147686325,55.89500541668148
2020-12-23T14:00:00Z,9.68819287725,57.56209834288789
2020-12-23T15:00:00Z,11.091202773,53.60362231020759
2020-12-23T16:00:00Z,15.250975200500001,52.68131239461707
2020-12-23T17:00:00Z,31.0200623115,52.68131239461707
2020-12-23T18:00:00Z,31.67845390975,48.20414031055457
2020-12-23T19:00:00Z,30.210459717,48.20414031055457
2020-12-23T20:00:00Z,32.33180233725,48.20414031055457
2020-12-23T21:00:00Z,32.78314915025,48.20414031055457
2020-12-23T22:00:00Z,28.506441505250002,48.20414031055457
2020-12-23T23:00:00Z,10.4943105435,5.391995383069559
2020-12-24T00:00:00Z,9.84841803275,5.391995383069559
2020-12-24T01:00:00Z,9.237365202749999,5.391995383069559
2020-12-24T02:00:00Z,9.3633792375,5.391995383069559
2020-12-24T03:00:00Z,26.191299653,5.391995383069559
2020-12-24T04:00:00Z,33.7575081235,26.107599181562065
2020-12-24T05:00:00Z,34.97557958125,46.823202980054575
2020-12-24T06:00:00Z,34.209781125250004,46.823202980054575
2020-12-24T07:00:00Z,35.0786480835,46.823202980054575
2020-12-24T08:00:00Z,33.820617722,52.68131239461707
2020-12-24T09:00:00Z,32.7618620255,52.68131239461707
2020-12-24T10:00:00Z,33.85159022775,52.68131239461707
2020-12-24T11:00:00Z,32.7561038535,52.68131239461707
2020-12-24T12:00:00Z,32.155824078500004,52.68131239461707
2020-12-24T13:00:00Z,34.0731595565,55.1653967390989
2020-12-24T14:00:00Z,32.760346706,64.44128977751801
2020-12-24T15:00:00Z,33.2244818665,63.8876100644531
2020-12-24T16:00:00Z,33.44548448125,55.75853979689673
2020-12-24T17:00:00Z,32.355688681000004,52.68131239461707
2020-12-24T18:00:00Z,32.234522627000004,48.20414031055457
2020-12-24T19:00:00Z,32.35240220775,48.20414031055457
2020-12-24T20:00:00Z,32.6279336565,48.20414031055458
2020-12-24T21:00:00Z,34.544152299000004,48.20414031055458
2020-12-24T22:00:00Z,36.12257947625,48.20414031055458
2020-12-24T23:00:00Z,37.9413932725,5.391995383069559
2020-12-25T00:00:00Z,37.8804723525,5.391995383069559
2020-12-25T01:00:00Z,35.65319221125,5.391995383069559
2020-12-25T02:00:00Z,35.8990602405,5.391995383069559
2020-12-25T03:00:00Z,36.22887411125,5.391995383069559
2020-12-25T04:00:00Z,37.127305015000005,26.107599181562065
2020-12-25T05:00:00Z,37.14459914225,46.823202980054575
2020-12-25T06:00:00Z,36.94994258575,46.823202980054575
2020-12-25T07:00:00Z,35.80789412,46.823202980054575
2020-12-25T08:00:00Z,37.18021974325,52.68131239461707
2020-12-25T09:00:00Z,36.9855213645,52.68131239461707
2020-12-25T10:00:00Z,36.85522683575,54.62443860080358
2020-12-25T11:00:00Z,37.33737106025,56.2995520220982
2020-12-25T12:00:00Z,37.109362576,53.386444879005445
2020-12-25T13:00:00Z,36.835525419,52.68131239461707
2020-12-25T14:00:00Z,36.47410506925,52.68131239461707
2020-12-25T15:00:00Z,34.967359119,52.68131239461707
2020-12-25T16:00:00Z,34.12372924375,52.68131239461707
2020-12-25T17:00:00Z,32.53413673825,52.68131239461707
2020-12-25T18:00:00Z,32.968451246,48.20414031055457
2020-12-25T19:00:00Z,34.123387916750005,48.20414031055457
2020-12-25T20:00:00Z,37.68695497375,48.20414031055457
2020-12-25T21:00:00Z,34.11646819575,48.20414031055457
2020-12-25T22:00:00Z,21.70596840025,48.20414031055458
2020-12-25T23:00:00Z,15.11807193,5.391995383069559
2020-12-26T00:00:00Z,11.0869013355,7.218022211044552
2020-12-26T01:00:00Z,30.9448245385,7.218022211044552
2020-12-26T02:00:00Z,24.004836517250002,7.218022211044552
2020-12-26T03:00:00Z,21.6151570615,7.218022211044552
2020-12-26T04:00:00Z,29.65240955075,7.218022211044552
2020-12-26T05:00:00Z,28.556041928,7.218022211044552
2020-12-26T06:00:00Z,30.9649278805,7.218022211044552
2020-12-26T07:00:00Z,30.76378099475,7.218022211044552
2020-12-26T08:00:00Z,24.038268964,7.218022211044552
2020-12-26T09:00:00Z,22.666665369,7.218022211044552
2020-12-26T10:00:00Z,16.39152592525,7.218022211044552
2020-12-26T11:00:00Z,21.62781196725,7.218022211044552
2020-12-26T12:00:00Z,28.118507006,7.218022211044552
2020-12-26T13:00:00Z,29.2318445145,7.218022211044552
2020-12-26T14:00:00Z,29.65111477925,7.667229574800628
2020-12-26T15:00:00Z,28.19642906825,7.439894052007756
2020-12-26T16:00:00Z,28.519378398,7.218022211044552
2020-12-26T17:00:00Z,34.816337746,7.218022211044552
2020-12-26T18:00:00Z,35.465587178,7.218022211044552
2020-12-26T19:00:00Z,29.8634234935,7.218022211044552
2020-12-26T20:00:00Z,29.892178279,7.218022211044552
2020-12-26T21:00:00Z,30.245302116250002,7.218022211044552
2020-12-26T22:00:00Z,30.54987440025,7.218022211044552
2020-12-26T23:00:00Z,31.85963865525,7.218022211044552
2020-12-27T00:00:00Z,31.18031824575,7.218022211044552
2020-12-27T01:00:00Z,30.538608931749998,7.218022211044552
2020-12-27T02:00:00Z,31.704846838,7.218022211044552
2020-12-27T03:00:00Z,31.43375415825,7.218022211044552
2020-12-27T04:00:00Z,30.6285190615,7.218022211044552
2020-12-27T05:00:00Z,29.380428195,7.218022211044552
2020-12-27T06:00:00Z,30.06118829775,7.218022211044552
2020-12-27T07:00:00Z,35.70861627675,7.218022211044552
2020-12-27T08:00:00Z,36.63054459125,7.218022211044552
2020-12-27T09:00:00Z,36.4520216235,7.218022211044552
2020-12-27T10:00:00Z,34.5686517445,7.218022211044552
2020-12-27T11:00:00Z,34.08290786,7.218022211044552
2020-12-27T12:00:00Z,34.673053562,7.367355927443234
2020-12-27T13:00:00Z,34.0239083505,7.4871565369498265
2020-12-27T14:00:00Z,35.4304996885,8.759458738086698
2020-12-27T15:00:00Z,34.0914450015,8.543080911310751
2020-12-27T16:00:00Z,35.8049945985,7.218022211044552
2020-12-27T17:00:00Z,34.27946415075,7.218022211044552
2020-12-27T18:00:00Z,36.14297238675,7.218022211044552
2020-12-27T19:00:00Z,35.2300330815,7.218022211044552
2020-12-27T20:00:00Z,34.491510252750004,7.218022211044552
2020-12-27T21:00:00Z,35.54792306575,7.218022211044552
2020-12-27T22:00:00Z,35.264160716999996,7.218022211044552
2020-12-27T23:00:00Z,31.99723239375,7.218022211044552
2020-12-28T00:00:00Z,31.65039918375,5.391995383069559
2020-12-28T01:00:00Z,33.557783157,5.391995383069559
2020-12-28T02:00:00Z,33.302831355,5.391995383069559
2020-12-28T03:00:00Z,34.0172707795,5.391995383069559
2020-12-28T04:00:00Z,27.79150673125,26.107599181562065
2020-12-28T05:00:00Z,13.514177531000001,46.823202980054575
2020-12-28T06:00:00Z,8.94478501975,46.823202980054575
2020-12-28T07:00:00Z,9.188585287999999,46.823202980054575
2020-12-28T08:00:00Z,9.72040090175,52.68131239461707
2020-12-28T09:00:00Z,11.55591225675,52.68131239461707
2020-12-28T10:00:00Z,25.5969851955,52.68131239461707
2020-12-28T11:00:00Z,12.465399437,52.68131239461707
2020-12-28T12:00:00Z,27.2044379365,52.68131239461707
2020-12-28T13:00:00Z,20.229648517,52.68131239461707
2020-12-28T14:00:00Z,22.8708951595,52.68131239461707
2020-12-28T15:00:00Z,16.2752153635,52.68131239461707
2020-12-28T16:00:00Z,31.92879676625,52.68131239461707
2020-12-28T17:00:00Z,30.24571449675,52.68131239461707
2020-12-28T18:00:00Z,30.0469227865,48.20414031055457
2020-12-28T19:00:00Z,33.6569688025,48.20414031055457
2020-12-28T20:00:00Z,32.910956175500004,48.20414031055457
2020-12-28T21:00:00Z,33.947337918,48.20414031055457
2020-12-28T22:00:00Z,33.67853138375,48.20414031055457
2020-12-28T23:00:00Z,35.942535508999995,5.391995383069559
2020-12-29T00:00:00Z,36.987584020999996,5.391995383069559
2020-12-29T01:00:00Z,35.3055742245,5.391995383069559
2020-12-29T02:00:00Z,35.73250291825,5.391995383069559
2020-12-29T03:00:00Z,35.399323407,5.391995383069559
2020-12-29T04:00:00Z,34.708022956250005,26.107599181562065
2020-12-29T05:00:00Z,35.327178898750006,46.823202980054575
2020-12-29T06:00:00Z,35.30731787525,46.823202980054575
2020-12-29T07:00:00Z,35.66910334475,46.823202980054575
2020-12-29T08:00:00Z,33.58988744825,52.68131239461707
2020-12-29T09:00:00Z,34.47006012675,52.68131239461707
2020-12-29T10:00:00Z,34.76437022825,52.68131239461707
2020-12-29T11:00:00Z,33.28684338275,54.05547287733077
2020-12-29T12:00:00Z,34.90571051075,58.10057588605594
2020-12-29T13:00:00Z,35.9327448875,61.387320369788995
2020-12-29T14:00:00Z,35.3357224015,63.008821060083406
2020-12-29T15:00:00Z,35.0791967275,63.21648520654977
2020-12-29T16:00:00Z,33.72532718775,59.57025068859973
2020-12-29T17:00:00Z,34.1997141335,53.170219785548205
2020-12-29T18:00:00Z,37.46729647875,48.20414031055457
2020-12-29T19:00:00Z,37.2706523615,48.20414031055458
2020-12-29T20:00:00Z,36.648497657,48.20414031055458
2020-12-29T21:00:00Z,35.83354484225,48.20414031055458
2020-12-29T22:00:00Z,37.487481769750005,48.20414031055458
2020-12-29T23:00:00Z,37.56265683225,5.391995383069559
2020-12-30T00:00:00Z,36.44677514725,5.391995383069559
2020-12-30T01:00:00Z,35.108874792,5.391995383069559
2020-12-30T02:00:00Z,36.52158826275,5.391995383069559
2020-12-30T03:00:00Z,36.5569392245,5.391995383069559
2020-12-30T04:00:00Z,36.9748385715,26.107599181562065
2020-12-30T05:00:00Z,36.814367289,46.823202980054575
2020-12-30T06:00:00Z,35.429186666,46.823202980054575
2020-12-30T07:00:00Z,36.32459950475,46.823202980054575
2020-12-30T08:00:00Z,35.21667677325,52.68131239461707
2020-12-30T09:00:00Z,35.69266991325,52.68131239461707
2020-12-30T10:00:00Z,33.72241516075,52.68131239461707
2020-12-30T11:00:00Z,35.399783492750004,52.68131239461707
2020-12-30T12:00:00Z,34.06658321325,52.68131239461707
2020-12-30T13:00:00Z,33.37087699575,52.68131239461707
2020-12-30T14:00:00Z,36.1009620465,52.68131239461707
2020-12-30T15:00:00Z,41.187818991,52.68131239461707
2020-12-30T16:00:00Z,35.7139772485,52.68131239461707
2020-12-30T17:00:00Z,33.0216217505,52.68131239461707
2020-12-30T18:00:00Z,34.16124138,48.20414031055457
2020-12-30T19:00:00Z,33.8406735295,48.20414031055457
2020-12-30T20:00:00Z,33.898989629,48.20414031055457
2020-12-30T21:00:00Z,34.8769812635,48.20414031055457
2020-12-30T22:00:00Z,34.394833045249996,48.20414031055457
2020-12-30T23:00:00Z,34.66992201775,5.391995383069559
2020-12-31T00:00:00Z,35.8632930235,5.391995383069559
2020-12-31T01:00:00Z,34.98761832075,5.391995383069559
2020-12-31T02:00:00Z,35.079049571750005,5.391995383069559
2020-12-31T03:00:00Z,34.797110105499996,5.391995383069559
2020-12-31T04:00:00Z,35.156607693750004,26.107599181562065
2020-12-31T05:00:00Z,35.1859021455,46.823202980054575
2020-12-31T06:00:00Z,34.47156436875,46.823202980054575
2020-12-31T07:00:00Z,34.8554180725,46.823202980054575
2020-12-31T08:00:00Z,35.53232631575,52.68131239461707
2020-12-31T09:00:00Z,35.4377820125,52.68131239461707
2020-12-31T10:00:00Z,35.14756627375,52.68131239461707
2020-12-31T11:00:00Z,32.23068591325,52.68131239461707
2020-12-31T12:00:00Z,32.472264074499996,52.68131239461707
2020-12-31T13:00:00Z,29.67693951975,53.89278534439342
2020-12-31T14:00:00Z,29.36609236975,58.9344252108754
2020-12-31T15:00:00Z,26.19488563075,59.668540401101694
2020-12-31T16:00:00Z,33.1250869285,54.21254677795949
2020-12-31T17:00:00Z,30.25796719825,52.68131239461707
2020-12-31T18:00:00Z,31.587719061500003,48.20414031055457
2020-12-31T19:00:00Z,33.33247179725,48.20414031055457
2020-12-31T20:00:00Z,33.51050627075,48.20414031055458
2020-12-31T21:00:00Z,34.17522623275,48.20414031055457
2020-12-31T22:00:00Z,35.40374224925,48.20414031055458
2020-12-31T23:00:00Z,37.12398482725,5.391995383069559
